"CDSS" = "CDSS"
SUP = 119.0
Pred = 0.17608128797630346
Sim = 0.11764705882352941
Infv = 4.062702549998174
round(elapsed, digits = 2) = 6.76
"CDSS (β-only)" = "CDSS (β-only)"
SUP = 119.0
Pred = 0.17608128797630346
Sim = 0.11764705882352941
Infv = 4.062702549998174
round(elapsed, digits = 2) = 9.03
refinement_change = 8.108465811934541e-6
"SPGpCDSS" = "SPGpCDSS"
SUP = 145.0
Pred = 0.17462724624989442
Sim = 0.1724137931034483
Infv = 1.052959383633754
round(elapsed, digits = 2) = 3.32
spgpcdss_chose_beta = true
"L0Learn" = "L0Learn"
supp_l0 = 49
predval_l0 = 0.23770713697433754
sim_l0 = 0.1
inf_l0 = 2.7234500723324016
round(elapsed, digits = 2) = 0.51
"L0Learn+PSI1" = "L0Learn+PSI1"
SUP = 167.0
Pred = 0.17474012803077385
Sim = 0.1437125748502994
Infv = 2.812692976892227
round(elapsed, digits = 2) = 19.62
"CDSS" = "CDSS"
SUP = 92.0
Pred = 0.2003954742189033
Sim = 0.11
Infv = 3.1351222896836317
round(elapsed, digits = 2) = 6.8
"CDSS (β-only)" = "CDSS (β-only)"
SUP = 92.0
Pred = 0.2003954742189033
Sim = 0.11
Infv = 3.1351222896836317
round(elapsed, digits = 2) = 7.87
refinement_change = 1.4624338578106767e-5
"SPGpCDSS" = "SPGpCDSS"
SUP = 131.0
Pred = 0.1993014487684195
Sim = 0.13740458015267176
Infv = 1.112908848600031
round(elapsed, digits = 2) = 0.95
spgpcdss_chose_beta = true
"L0Learn" = "L0Learn"
supp_l0 = 50
predval_l0 = 0.23350085318920266
sim_l0 = 0.08
inf_l0 = 2.4101788742869745
round(elapsed, digits = 2) = 0.05
"L0Learn+PSI1" = "L0Learn+PSI1"
SUP = 111.0
Pred = 0.20003991183465059
Sim = 0.15315315315315314
Infv = 2.1625515421706987
round(elapsed, digits = 2) = 22.04
"CDSS" = "CDSS"
SUP = 404.0
Pred = 0.14555360041131915
Sim = 0.10891089108910891
Infv = 2.1280427198143657
round(elapsed, digits = 2) = 7.1
"CDSS (β-only)" = "CDSS (β-only)"
SUP = 92.0
Pred = 0.1455919833154976
Sim = 0.12
Infv = 2.9102453766090526
round(elapsed, digits = 2) = 6.55
refinement_change = 2.0122681793352134e-5
"SPGpCDSS" = "SPGpCDSS"
SUP = 1521.0
Pred = 0.14555708330681252
Sim = 0.05719921104536489
Infv = 1.10956411737625
round(elapsed, digits = 2) = 0.14
spgpcdss_chose_beta = false
"L0Learn" = "L0Learn"
supp_l0 = 50
predval_l0 = 0.16930349940252085
sim_l0 = 0.1
inf_l0 = 2.5776535870032093
round(elapsed, digits = 2) = 0.05
"L0Learn+PSI1" = "L0Learn+PSI1"
SUP = 152.0
Pred = 0.14354447047492574
Sim = 0.17763157894736842
Infv = 2.2155379449700767
round(elapsed, digits = 2) = 16.64
"CDSS" = "CDSS"
SUP = 86.0
Pred = 0.20691486744244053
Sim = 0.15
Infv = 3.2121679457807035
round(elapsed, digits = 2) = 6.89
"CDSS (β-only)" = "CDSS (β-only)"
SUP = 86.0
Pred = 0.20691486744244053
Sim = 0.15
Infv = 3.2121679457807035
round(elapsed, digits = 2) = 5.36
refinement_change = 2.492881087754424e-5
"SPGpCDSS" = "SPGpCDSS"
SUP = 1852.0
Pred = 0.20728239453039649
Sim = 0.05183585313174946
Infv = 1.0589216282465512
round(elapsed, digits = 2) = 0.14
spgpcdss_chose_beta = true
"L0Learn" = "L0Learn"
supp_l0 = 45
predval_l0 = 0.2477848231089215
sim_l0 = 0.08
inf_l0 = 2.5174864330478903
round(elapsed, digits = 2) = 0.04
"L0Learn+PSI1" = "L0Learn+PSI1"
SUP = 133.0
Pred = 0.20632183415844704
Sim = 0.15789473684210525
Infv = 2.1754596688001704
round(elapsed, digits = 2) = 11.69
"CDSS" = "CDSS"
SUP = 130.0
Pred = 0.18065655196547561
Sim = 0.07692307692307693
Infv = 3.6772576328522724
round(elapsed, digits = 2) = 5.26
"CDSS (β-only)" = "CDSS (β-only)"
SUP = 130.0
Pred = 0.18065655196547561
Sim = 0.07692307692307693
Infv = 3.6772576328522724
round(elapsed, digits = 2) = 5.16
refinement_change = 3.024106978185251e-6
"SPGpCDSS" = "SPGpCDSS"
SUP = 1049.0
Pred = 0.18069251608224954
Sim = 0.07435653002859867
Infv = 1.0858300456938423
round(elapsed, digits = 2) = 0.78
spgpcdss_chose_beta = true
"L0Learn" = "L0Learn"
supp_l0 = 48
predval_l0 = 0.23721648063963732
sim_l0 = 0.08
inf_l0 = 2.6494366137054675
round(elapsed, digits = 2) = 0.04
"L0Learn+PSI1" = "L0Learn+PSI1"
SUP = 135.0
Pred = 0.1798292274142926
Sim = 0.16296296296296298
Infv = 2.786864101171472
round(elapsed, digits = 2) = 14.16
"CDSS" = "CDSS"
SUP = 103.0
Pred = 0.14834947189417044
Sim = 0.06796116504854369
Infv = 3.2826000875859602
round(elapsed, digits = 2) = 6.19
"CDSS (β-only)" = "CDSS (β-only)"
SUP = 103.0
Pred = 0.14834947189417044
Sim = 0.06796116504854369
Infv = 3.2826000875859602
round(elapsed, digits = 2) = 5.38
refinement_change = 1.4944013175542435e-5
"SPGpCDSS" = "SPGpCDSS"
SUP = 117.0
Pred = 0.14869249208710378
Sim = 0.1794871794871795
Infv = 1.593555106005292
round(elapsed, digits = 2) = 1.15
spgpcdss_chose_beta = false
"L0Learn" = "L0Learn"
supp_l0 = 50
predval_l0 = 0.1921253963927823
sim_l0 = 0.06
inf_l0 = 3.0863891385827795
round(elapsed, digits = 2) = 0.05
"L0Learn+PSI1" = "L0Learn+PSI1"
SUP = 127.0
Pred = 0.14911220127653985
Sim = 0.14173228346456693
Infv = 3.3022826617873164
round(elapsed, digits = 2) = 11.97
"CDSS" = "CDSS"
SUP = 109.0
Pred = 0.17680625237851372
Sim = 0.11926605504587157
Infv = 3.9914150625362286
round(elapsed, digits = 2) = 5.09
"CDSS (β-only)" = "CDSS (β-only)"
SUP = 109.0
Pred = 0.17680625237851372
Sim = 0.11926605504587157
Infv = 3.9914150625362286
round(elapsed, digits = 2) = 5.49
refinement_change = 1.0958557907864744e-5
"SPGpCDSS" = "SPGpCDSS"
SUP = 1899.0
Pred = 0.1772412648879168
Sim = 0.050026329647182725
Infv = 1.0826852574250159
round(elapsed, digits = 2) = 0.14
spgpcdss_chose_beta = false
"L0Learn" = "L0Learn"
supp_l0 = 50
predval_l0 = 0.21874715178225645
sim_l0 = 0.11
inf_l0 = 2.738638561238684
round(elapsed, digits = 2) = 0.04
"L0Learn+PSI1" = "L0Learn+PSI1"
SUP = 160.0
Pred = 0.17511350585222096
Sim = 0.15625
Infv = 2.377348079658961
round(elapsed, digits = 2) = 11.65
"CDSS" = "CDSS"
SUP = 85.0
Pred = 0.172255194002659
Sim = 0.13
Infv = 3.6054009610735895
round(elapsed, digits = 2) = 7.72
"CDSS (β-only)" = "CDSS (β-only)"
SUP = 85.0
Pred = 0.172255194002659
Sim = 0.13
Infv = 3.6054009610735895
round(elapsed, digits = 2) = 8.16
refinement_change = 2.3165995520653674e-5
"SPGpCDSS" = "SPGpCDSS"
SUP = 482.0
Pred = 0.17745217271631047
Sim = 0.12863070539419086
Infv = 1.0
round(elapsed, digits = 2) = 0.15
spgpcdss_chose_beta = false
"L0Learn" = "L0Learn"
supp_l0 = 48
predval_l0 = 0.23777919574157586
sim_l0 = 0.1
inf_l0 = 3.3363440493293277
round(elapsed, digits = 2) = 0.03
"L0Learn+PSI1" = "L0Learn+PSI1"
SUP = 152.0
Pred = 0.17546235633977927
Sim = 0.17763157894736842
Infv = 2.549115180419559
round(elapsed, digits = 2) = 13.41
"CDSS" = "CDSS"
SUP = 138.0
Pred = 0.19445302379935572
Sim = 0.07246376811594203
Infv = 3.3105377324241028
round(elapsed, digits = 2) = 5.04
"CDSS (β-only)" = "CDSS (β-only)"
SUP = 138.0
Pred = 0.19445302379935572
Sim = 0.07246376811594203
Infv = 3.3105377324241028
round(elapsed, digits = 2) = 4.88
refinement_change = 2.523572272460835e-6
"SPGpCDSS" = "SPGpCDSS"
SUP = 1973.0
Pred = 0.19458867363544313
Sim = 0.05068423720223011
Infv = 1.0852061254025493
round(elapsed, digits = 2) = 0.87
spgpcdss_chose_beta = false
"L0Learn" = "L0Learn"
supp_l0 = 50
predval_l0 = 0.23764388300586545
sim_l0 = 0.06
inf_l0 = 2.4740971441407074
round(elapsed, digits = 2) = 0.04
"L0Learn+PSI1" = "L0Learn+PSI1"
SUP = 143.0
Pred = 0.1919282242627266
Sim = 0.11888111888111888
Infv = 2.1028109066568277
round(elapsed, digits = 2) = 12.35
"CDSS" = "CDSS"
SUP = 113.0
Pred = 0.20983032337773758
Sim = 0.1504424778761062
Infv = 3.5589102757347937
round(elapsed, digits = 2) = 6.36
"CDSS (β-only)" = "CDSS (β-only)"
SUP = 113.0
Pred = 0.20983032337773758
Sim = 0.1504424778761062
Infv = 3.5589102757347937
round(elapsed, digits = 2) = 5.2
refinement_change = 1.0670491876319888e-5
"SPGpCDSS" = "SPGpCDSS"
SUP = 758.0
Pred = 0.2100107498996516
Sim = 0.08839050131926121
Infv = 1.07246308106644
round(elapsed, digits = 2) = 0.14
spgpcdss_chose_beta = false
"L0Learn" = "L0Learn"
supp_l0 = 48
predval_l0 = 0.28462548242883556
sim_l0 = 0.07
inf_l0 = 2.8081813670226445
round(elapsed, digits = 2) = 0.04
"L0Learn+PSI1" = "L0Learn+PSI1"
SUP = 188.0
Pred = 0.20863379223068554
Sim = 0.16489361702127658
Infv = 2.0572375930458926
round(elapsed, digits = 2) = 12.51
"CDSS" = "CDSS"
SUP = 223.0
Pred = 0.15666202750597938
Sim = 0.18385650224215247
Infv = 1.9774399232103295
round(elapsed, digits = 2) = 3.74
"CDSS (β-only)" = "CDSS (β-only)"
SUP = 223.0
Pred = 0.15666202750597938
Sim = 0.18385650224215247
Infv = 1.9774399232103295
round(elapsed, digits = 2) = 3.33
refinement_change = 1.526720822998349e-5
"SPGpCDSS" = "SPGpCDSS"
SUP = 257.0
Pred = 0.15678790039016519
Sim = 0.245136186770428
Infv = 1.192283867240635
round(elapsed, digits = 2) = 1.5
spgpcdss_chose_beta = true
"L0Learn" = "L0Learn"
supp_l0 = 50
predval_l0 = 0.3616950831723276
sim_l0 = 0.22
inf_l0 = 1.9891574352334644
round(elapsed, digits = 2) = 0.06
"L0Learn+PSI1" = "L0Learn+PSI1"
SUP = 480.0
Pred = 0.15764865809547515
Sim = 0.14583333333333334
Infv = 1.4990285285541958
round(elapsed, digits = 2) = 8.53
"CDSS" = "CDSS"
SUP = 202.0
Pred = 0.17762755169005678
Sim = 0.19306930693069307
Infv = 1.8399256939180435
round(elapsed, digits = 2) = 6.32
"CDSS (β-only)" = "CDSS (β-only)"
SUP = 202.0
Pred = 0.17762755169005678
Sim = 0.19306930693069307
Infv = 1.8399256939180435
round(elapsed, digits = 2) = 4.28
refinement_change = 2.3067744711201487e-5
"SPGpCDSS" = "SPGpCDSS"
SUP = 1500.0
Pred = 0.18160885901244703
Sim = 0.06466666666666666
Infv = 1.06907920104162
round(elapsed, digits = 2) = 0.19
spgpcdss_chose_beta = false
"L0Learn" = "L0Learn"
supp_l0 = 50
predval_l0 = 0.3359700601705334
sim_l0 = 0.3
inf_l0 = 1.4582100170523726
round(elapsed, digits = 2) = 0.12
"L0Learn+PSI1" = "L0Learn+PSI1"
SUP = 244.0
Pred = 0.1782067989455733
Sim = 0.26229508196721313
Infv = 1.4665977506413392
round(elapsed, digits = 2) = 6.26
"CDSS" = "CDSS"
SUP = 256.0
Pred = 0.18016794791671212
Sim = 0.12109375
Infv = 1.8408685403862852
round(elapsed, digits = 2) = 5.76
"CDSS (β-only)" = "CDSS (β-only)"
SUP = 256.0
Pred = 0.18016794791671212
Sim = 0.12109375
Infv = 1.8408685403862852
round(elapsed, digits = 2) = 4.41
refinement_change = 0.008734463401602924
"SPGpCDSS" = "SPGpCDSS"
SUP = 282.0
Pred = 0.17933873501720904
Sim = 0.23404255319148937
Infv = 1.0
round(elapsed, digits = 2) = 1.06
spgpcdss_chose_beta = true
"L0Learn" = "L0Learn"
supp_l0 = 47
predval_l0 = 0.41025944941632914
sim_l0 = 0.18
inf_l0 = 1.8489783300606994
round(elapsed, digits = 2) = 0.07
"L0Learn+PSI1" = "L0Learn+PSI1"
SUP = 302.0
Pred = 0.17790944376142617
Sim = 0.19205298013245034
Infv = 1.5073562643779908
round(elapsed, digits = 2) = 8.03
"CDSS" = "CDSS"
SUP = 211.0
Pred = 0.2036024369394742
Sim = 0.13270142180094788
Infv = 2.812599572982038
round(elapsed, digits = 2) = 3.39
"CDSS (β-only)" = "CDSS (β-only)"
SUP = 211.0
Pred = 0.2036024369394742
Sim = 0.13270142180094788
Infv = 2.812599572982038
round(elapsed, digits = 2) = 2.93
refinement_change = 2.1216426878371984e-5
"SPGpCDSS" = "SPGpCDSS"
SUP = 885.0
Pred = 0.2058569876475185
Sim = 0.10508474576271186
Infv = 1.0
round(elapsed, digits = 2) = 0.16
spgpcdss_chose_beta = true
"L0Learn" = "L0Learn"
supp_l0 = 50
predval_l0 = 0.39422687690945374
sim_l0 = 0.2
inf_l0 = 1.565719072193758
round(elapsed, digits = 2) = 0.06
"L0Learn+PSI1" = "L0Learn+PSI1"
SUP = 269.0
Pred = 0.20224096374826164
Sim = 0.21189591078066913
Infv = 1.7251924686521862
round(elapsed, digits = 2) = 5.87
[ Info: Loading packages...
[ Info: L0Learn R package loaded successfully
[ Info: Packages loaded successfully
┌ Info: Parameters
│   corr = "exp"
│   ρ = 0.5
│   p = 2000
│   SNR = 10.0
│   k⃰ = 100
│   ns_range = 200:200:2000
│   T = 10
│   L0LEARN_AVAILABLE = true
└   is_tridiagonal = false
┌ Info: Experiment configuration
│   samples = 200:200:2000
│   trials = 10
│   algorithms =
│    5-element Vector{String}:
│     "CDSS"
└     ⋮
┌ Info: Sample size n=200
└   progress = "1/10"
┌ Warning: RCall.jl: Warning in L0Learn.fit(X_train, y_train, penalty = "L0", lambdaGrid = list(c(lambda_val)),  :
│   Warning! Only 1 element in path with support size > maxSuppSize. 
│  Try increasing maxSuppSize to resolve the issue.
└ @ RCall ~/.julia/packages/RCall/JIY9I/src/io.jl:171
┌ Warning: RCall.jl: Warning in L0Learn.fit(X_train, y_train, penalty = "L0", lambdaGrid = list(c(lambda_val)),  :
│   Warning! Only 1 element in path with support size > maxSuppSize. 
│  Try increasing maxSuppSize to resolve the issue.
└ @ RCall ~/.julia/packages/RCall/JIY9I/src/io.jl:171
[ Info: Trial 1/10 completed
┌ Warning: RCall.jl: Warning in L0Learn.fit(X_train, y_train, penalty = "L0", lambdaGrid = list(c(lambda_val)),  :
│   Warning! Only 1 element in path with support size > maxSuppSize. 
│  Try increasing maxSuppSize to resolve the issue.
└ @ RCall ~/.julia/packages/RCall/JIY9I/src/io.jl:171
┌ Warning: RCall.jl: Warning in L0Learn.fit(X_train, y_train, penalty = "L0", lambdaGrid = list(c(lambda_val)),  :
│   Warning! Only 1 element in path with support size > maxSuppSize. 
│  Try increasing maxSuppSize to resolve the issue.
└ @ RCall ~/.julia/packages/RCall/JIY9I/src/io.jl:171
[ Info: Trial 2/10 completed
┌ Warning: RCall.jl: Warning in L0Learn.fit(X_train, y_train, penalty = "L0", lambdaGrid = list(c(lambda_val)),  :
│   Warning! Only 1 element in path with support size > maxSuppSize. 
│  Try increasing maxSuppSize to resolve the issue.
└ @ RCall ~/.julia/packages/RCall/JIY9I/src/io.jl:171
[ Info: Trial 3/10 completed
┌ Warning: RCall.jl: Warning in L0Learn.fit(X_train, y_train, penalty = "L0", lambdaGrid = list(c(lambda_val)),  :
│   Warning! Only 1 element in path with support size > maxSuppSize. 
│  Try increasing maxSuppSize to resolve the issue.
└ @ RCall ~/.julia/packages/RCall/JIY9I/src/io.jl:171
┌ Warning: RCall.jl: Warning in L0Learn.fit(X_train, y_train, penalty = "L0", lambdaGrid = list(c(lambda_val)),  :
│   Warning! Only 1 element in path with support size > maxSuppSize. 
│  Try increasing maxSuppSize to resolve the issue.
└ @ RCall ~/.julia/packages/RCall/JIY9I/src/io.jl:171
[ Info: Trial 4/10 completed
┌ Warning: RCall.jl: Warning in L0Learn.fit(X_train, y_train, penalty = "L0", lambdaGrid = list(c(lambda_val)),  :
│   Warning! Only 1 element in path with support size > maxSuppSize. 
│  Try increasing maxSuppSize to resolve the issue.
└ @ RCall ~/.julia/packages/RCall/JIY9I/src/io.jl:171
[ Info: Trial 5/10 completed
┌ Warning: RCall.jl: Warning in L0Learn.fit(X_train, y_train, penalty = "L0", lambdaGrid = list(c(lambda_val)),  :
│   Warning! Only 1 element in path with support size > maxSuppSize. 
│  Try increasing maxSuppSize to resolve the issue.
└ @ RCall ~/.julia/packages/RCall/JIY9I/src/io.jl:171
[ Info: Trial 6/10 completed
┌ Warning: RCall.jl: Warning in L0Learn.fit(X_train, y_train, penalty = "L0", lambdaGrid = list(c(lambda_val)),  :
│   Warning! Only 1 element in path with support size > maxSuppSize. 
│  Try increasing maxSuppSize to resolve the issue.
└ @ RCall ~/.julia/packages/RCall/JIY9I/src/io.jl:171
[ Info: Trial 7/10 completed
┌ Warning: RCall.jl: Warning in L0Learn.fit(X_train, y_train, penalty = "L0", lambdaGrid = list(c(lambda_val)),  :
│   Warning! Only 1 element in path with support size > maxSuppSize. 
│  Try increasing maxSuppSize to resolve the issue.
└ @ RCall ~/.julia/packages/RCall/JIY9I/src/io.jl:171
[ Info: Trial 8/10 completed
┌ Warning: RCall.jl: Warning in L0Learn.fit(X_train, y_train, penalty = "L0", lambdaGrid = list(c(lambda_val)),  :
│   Warning! Only 1 element in path with support size > maxSuppSize. 
│  Try increasing maxSuppSize to resolve the issue.
└ @ RCall ~/.julia/packages/RCall/JIY9I/src/io.jl:171
┌ Warning: RCall.jl: Warning in L0Learn.fit(X_train, y_train, penalty = "L0", lambdaGrid = list(c(lambda_val)),  :
│   Warning! Only 1 element in path with support size > maxSuppSize. 
│  Try increasing maxSuppSize to resolve the issue.
└ @ RCall ~/.julia/packages/RCall/JIY9I/src/io.jl:171
[ Info: Trial 9/10 completed
┌ Warning: RCall.jl: Warning in L0Learn.fit(X_train, y_train, penalty = "L0", lambdaGrid = list(c(lambda_val)),  :
│   Warning! Only 1 element in path with support size > maxSuppSize. 
│  Try increasing maxSuppSize to resolve the issue.
└ @ RCall ~/.julia/packages/RCall/JIY9I/src/io.jl:171
[ Info: Trial 10/10 completed
[ Info: Completed n=200 in 312.2s
┌ Info: Sample size n=400
└   progress = "2/10"
┌ Warning: RCall.jl: Warning in L0Learn.fit(X_train, y_train, penalty = "L0", lambdaGrid = list(c(lambda_val)),  :
│   Warning! Only 1 element in path with support size > maxSuppSize. 
│  Try increasing maxSuppSize to resolve the issue.
└ @ RCall ~/.julia/packages/RCall/JIY9I/src/io.jl:171
┌ Warning: RCall.jl: Warning in L0Learn.fit(X_train, y_train, penalty = "L0", lambdaGrid = list(c(lambda_val)),  :
│   Warning! Only 1 element in path with support size > maxSuppSize. 
│  Try increasing maxSuppSize to resolve the issue.
└ @ RCall ~/.julia/packages/RCall/JIY9I/src/io.jl:171
┌ Warning: RCall.jl: Warning in L0Learn.fit(X_train, y_train, penalty = "L0", lambdaGrid = list(c(lambda_val)),  :
│   Warning! Only 1 element in path with support size > maxSuppSize. 
│  Try increasing maxSuppSize to resolve the issue.
└ @ RCall ~/.julia/packages/RCall/JIY9I/src/io.jl:171
┌ Warning: RCall.jl: Warning in L0Learn.fit(X_train, y_train, penalty = "L0", lambdaGrid = list(c(lambda_val)),  :
│   Warning! Only 1 element in path with support size > maxSuppSize. 
│  Try increasing maxSuppSize to resolve the issue.
└ @ RCall ~/.julia/packages/RCall/JIY9I/src/io.jl:171
┌ Warning: RCall.jl: Warning in L0Learn.fit(X_train, y_train, penalty = "L0", lambdaGrid = list(c(lambda_val)),  :
│   Warning! Only 1 element in path with support size > maxSuppSize. 
│  Try increasing maxSuppSize to resolve the issue.
└ @ RCall ~/.julia/packages/RCall/JIY9I/src/io.jl:171
┌ Warning: RCall.jl: Warning in L0Learn.fit(X_train, y_train, penalty = "L0", lambdaGrid = list(c(lambda_val)),  :
│   Warning! Only 1 element in path with support size > maxSuppSize. 
│  Try increasing maxSuppSize to resolve the issue.
└ @ RCall ~/.julia/packages/RCall/JIY9I/src/io.jl:171
┌ Warning: RCall.jl: Warning in L0Learn.fit(X_train, y_train, penalty = "L0", lambdaGrid = list(c(lambda_val)),  :
│   Warning! Only 1 element in path with support size > maxSuppSize. 
│  Try increasing maxSuppSize to resolve the issue.
└ @ RCall ~/.julia/packages/RCall/JIY9I/src/io.jl:171
┌ Warning: RCall.jl: Warning in L0Learn.fit(X_train, y_train, penalty = "L0", lambdaGrid = list(c(lambda_val)),  :
│   Warning! Only 1 element in path with support size > maxSuppSize. 
│  Try increasing maxSuppSize to resolve the issue.
└ @ RCall ~/.julia/packages/RCall/JIY9I/src/io.jl:171
┌ Warning: RCall.jl: Warning in L0Learn.fit(X_train, y_train, penalty = "L0", lambdaGrid = list(c(lambda_val)),  :
│   Warning! Only 1 element in path with support size > maxSuppSize. 
│  Try increasing maxSuppSize to resolve the issue.
└ @ RCall ~/.julia/packages/RCall/JIY9I/src/io.jl:171
┌ Warning: RCall.jl: Warning in L0Learn.fit(X_train, y_train, penalty = "L0", lambdaGrid = list(c(lambda_val)),  :
│   Warning! Only 1 element in path with support size > maxSuppSize. 
│  Try increasing maxSuppSize to resolve the issue.
└ @ RCall ~/.julia/packages/RCall/JIY9I/src/io.jl:171
┌ Warning: RCall.jl: Warning in L0Learn.fit(X_train, y_train, penalty = "L0", lambdaGrid = list(c(lambda_val)),  :
│   Warning! Only 1 element in path with support size > maxSuppSize. 
│  Try increasing maxSuppSize to resolve the issue.
└ @ RCall ~/.julia/packages/RCall/JIY9I/src/io.jl:171
┌ Warning: RCall.jl: Warning in L0Learn.fit(X_train, y_train, penalty = "L0", lambdaGrid = list(c(lambda_val)),  :
│   Warning! Only 1 element in path with support size > maxSuppSize. 
│  Try increasing maxSuppSize to resolve the issue.
└ @ RCall ~/.julia/packages/RCall/JIY9I/src/io.jl:171
┌ Warning: RCall.jl: Warning in L0Learn.fit(X_train, y_train, penalty = "L0", lambdaGrid = list(c(lambda_val)),  :
│   Warning! Only 1 element in path with support size > maxSuppSize. 
│  Try increasing maxSuppSize to resolve the issue.
└ @ RCall ~/.julia/packages/RCall/JIY9I/src/io.jl:171
┌ Warning: RCall.jl: Warning in L0Learn.fit(X_train, y_train, penalty = "L0", lambdaGrid = list(c(lambda_val)),  :
│   Warning! Only 1 element in path with support size > maxSuppSize. 
│  Try increasing maxSuppSize to resolve the issue.
└ @ RCall ~/.julia/packages/RCall/JIY9I/src/io.jl:171
┌ Warning: RCall.jl: Warning in L0Learn.fit(X_train, y_train, penalty = "L0", lambdaGrid = list(c(lambda_val)),  :
│   Warning! Only 1 element in path with support size > maxSuppSize. 
│  Try increasing maxSuppSize to resolve the issue.
└ @ RCall ~/.julia/packages/RCall/JIY9I/src/io.jl:171
┌ Warning: RCall.jl: Warning in L0Learn.fit(X_train, y_train, penalty = "L0", lambdaGrid = list(c(lambda_val)),  :
│   Warning! Only 1 element in path with support size > maxSuppSize. 
│  Try increasing maxSuppSize to resolve the issue.
└ @ RCall ~/.julia/packages/RCall/JIY9I/src/io.jl:171
┌ Warning: RCall.jl: Warning in L0Learn.fit(X_train, y_train, penalty = "L0", lambdaGrid = list(c(lambda_val)),  :
│   Warning! Only 1 element in path with support size > maxSuppSize. 
│  Try increasing maxSuppSize to resolve the issue.
└ @ RCall ~/.julia/packages/RCall/JIY9I/src/io.jl:171
┌ Warning: RCall.jl: Warning in L0Learn.fit(X_train, y_train, penalty = "L0", lambdaGrid = list(c(lambda_val)),  :
│   Warning! Only 1 element in path with support size > maxSuppSize. 
│  Try increasing maxSuppSize to resolve the issue.
└ @ RCall ~/.julia/packages/RCall/JIY9I/src/io.jl:171
┌ Warning: RCall.jl: Warning in L0Learn.fit(X_train, y_train, penalty = "L0", lambdaGrid = list(c(lambda_val)),  :
│   Warning! Only 1 element in path with support size > maxSuppSize. 
│  Try increasing maxSuppSize to resolve the issue.
└ @ RCall ~/.julia/packages/RCall/JIY9I/src/io.jl:171
┌ Warning: RCall.jl: Warning in L0Learn.fit(X_train, y_train, penalty = "L0", lambdaGrid = list(c(lambda_val)),  :
│   Warning! Only 1 element in path with support size > maxSuppSize. 
│  Try increasing maxSuppSize to resolve the issue.
└ @ RCall ~/.julia/packages/RCall/JIY9I/src/io.jl:171
┌ Warning: RCall.jl: Warning in L0Learn.fit(X_train, y_train, penalty = "L0", lambdaGrid = list(c(lambda_val)),  :
│   Warning! Only 1 element in path with support size > maxSuppSize. 
│  Try increasing maxSuppSize to resolve the issue.
└ @ RCall ~/.julia/packages/RCall/JIY9I/src/io.jl:171
┌ Warning: RCall.jl: Warning in L0Learn.fit(X_train, y_train, penalty = "L0", lambdaGrid = list(c(lambda_val)),  :
│   Warning! Only 1 element in path with support size > maxSuppSize. 
│  Try increasing maxSuppSize to resolve the issue.
└ @ RCall ~/.julia/packages/RCall/JIY9I/src/io.jl:171
[ Info: Trial 1/10 completed
┌ Warning: RCall.jl: Warning in L0Learn.fit(X_train, y_train, penalty = "L0", lambdaGrid = list(c(lambda_val)),  :
│   Warning! Only 1 element in path with support size > maxSuppSize. 
│  Try increasing maxSuppSize to resolve the issue.
└ @ RCall ~/.julia/packages/RCall/JIY9I/src/io.jl:171
┌ Warning: RCall.jl: Warning in L0Learn.fit(X_train, y_train, penalty = "L0", lambdaGrid = list(c(lambda_val)),  :
│   Warning! Only 1 element in path with support size > maxSuppSize. 
│  Try increasing maxSuppSize to resolve the issue.
└ @ RCall ~/.julia/packages/RCall/JIY9I/src/io.jl:171
┌ Warning: RCall.jl: Warning in L0Learn.fit(X_train, y_train, penalty = "L0", lambdaGrid = list(c(lambda_val)),  :
│   Warning! Only 1 element in path with support size > maxSuppSize. 
│  Try increasing maxSuppSize to resolve the issue.
└ @ RCall ~/.julia/packages/RCall/JIY9I/src/io.jl:171
┌ Warning: RCall.jl: Warning in L0Learn.fit(X_train, y_train, penalty = "L0", lambdaGrid = list(c(lambda_val)),  :
│   Warning! Only 1 element in path with support size > maxSuppSize. 
│  Try increasing maxSuppSize to resolve the issue.
└ @ RCall ~/.julia/packages/RCall/JIY9I/src/io.jl:171
┌ Warning: RCall.jl: Warning in L0Learn.fit(X_train, y_train, penalty = "L0", lambdaGrid = list(c(lambda_val)),  :
│   Warning! Only 1 element in path with support size > maxSuppSize. 
│  Try increasing maxSuppSize to resolve the issue.
└ @ RCall ~/.julia/packages/RCall/JIY9I/src/io.jl:171
┌ Warning: RCall.jl: Warning in L0Learn.fit(X_train, y_train, penalty = "L0", lambdaGrid = list(c(lambda_val)),  :
│   Warning! Only 1 element in path with support size > maxSuppSize. 
│  Try increasing maxSuppSize to resolve the issue.
└ @ RCall ~/.julia/packages/RCall/JIY9I/src/io.jl:171
┌ Warning: RCall.jl: Warning in L0Learn.fit(X_train, y_train, penalty = "L0", lambdaGrid = list(c(lambda_val)),  :
│   Warning! Only 1 element in path with support size > maxSuppSize. 
│  Try increasing maxSuppSize to resolve the issue.
└ @ RCall ~/.julia/packages/RCall/JIY9I/src/io.jl:171
┌ Warning: RCall.jl: Warning in L0Learn.fit(X_train, y_train, penalty = "L0", lambdaGrid = list(c(lambda_val)),  :
│   Warning! Only 1 element in path with support size > maxSuppSize. 
│  Try increasing maxSuppSize to resolve the issue.
└ @ RCall ~/.julia/packages/RCall/JIY9I/src/io.jl:171
┌ Warning: RCall.jl: Warning in L0Learn.fit(X_train, y_train, penalty = "L0", lambdaGrid = list(c(lambda_val)),  :
│   Warning! Only 1 element in path with support size > maxSuppSize. 
│  Try increasing maxSuppSize to resolve the issue.
└ @ RCall ~/.julia/packages/RCall/JIY9I/src/io.jl:171
┌ Warning: RCall.jl: Warning in L0Learn.fit(X_train, y_train, penalty = "L0", lambdaGrid = list(c(lambda_val)),  :
│   Warning! Only 1 element in path with support size > maxSuppSize. 
│  Try increasing maxSuppSize to resolve the issue.
└ @ RCall ~/.julia/packages/RCall/JIY9I/src/io.jl:171
┌ Warning: RCall.jl: Warning in L0Learn.fit(X_train, y_train, penalty = "L0", lambdaGrid = list(c(lambda_val)),  :
│   Warning! Only 1 element in path with support size > maxSuppSize. 
│  Try increasing maxSuppSize to resolve the issue.
└ @ RCall ~/.julia/packages/RCall/JIY9I/src/io.jl:171
┌ Warning: RCall.jl: Warning in L0Learn.fit(X_train, y_train, penalty = "L0", lambdaGrid = list(c(lambda_val)),  :
│   Warning! Only 1 element in path with support size > maxSuppSize. 
│  Try increasing maxSuppSize to resolve the issue.
└ @ RCall ~/.julia/packages/RCall/JIY9I/src/io.jl:171
┌ Warning: RCall.jl: Warning in L0Learn.fit(X_train, y_train, penalty = "L0", lambdaGrid = list(c(lambda_val)),  :
│   Warning! Only 1 element in path with support size > maxSuppSize. 
│  Try increasing maxSuppSize to resolve the issue.
└ @ RCall ~/.julia/packages/RCall/JIY9I/src/io.jl:171
┌ Warning: RCall.jl: Warning in L0Learn.fit(X_train, y_train, penalty = "L0", lambdaGrid = list(c(lambda_val)),  :
│   Warning! Only 1 element in path with support size > maxSuppSize. 
│  Try increasing maxSuppSize to resolve the issue.
└ @ RCall ~/.julia/packages/RCall/JIY9I/src/io.jl:171
┌ Warning: RCall.jl: Warning in L0Learn.fit(X_train, y_train, penalty = "L0", lambdaGrid = list(c(lambda_val)),  :
│   Warning! Only 1 element in path with support size > maxSuppSize. 
│  Try increasing maxSuppSize to resolve the issue.
└ @ RCall ~/.julia/packages/RCall/JIY9I/src/io.jl:171
┌ Warning: RCall.jl: Warning in L0Learn.fit(X_train, y_train, penalty = "L0", lambdaGrid = list(c(lambda_val)),  :
│   Warning! Only 1 element in path with support size > maxSuppSize. 
│  Try increasing maxSuppSize to resolve the issue.
└ @ RCall ~/.julia/packages/RCall/JIY9I/src/io.jl:171
┌ Warning: RCall.jl: Warning in L0Learn.fit(X_train, y_train, penalty = "L0", lambdaGrid = list(c(lambda_val)),  :
│   Warning! Only 1 element in path with support size > maxSuppSize. 
│  Try increasing maxSuppSize to resolve the issue.
└ @ RCall ~/.julia/packages/RCall/JIY9I/src/io.jl:171
┌ Warning: RCall.jl: Warning in L0Learn.fit(X_train, y_train, penalty = "L0", lambdaGrid = list(c(lambda_val)),  :
│   Warning! Only 1 element in path with support size > maxSuppSize. 
│  Try increasing maxSuppSize to resolve the issue.
└ @ RCall ~/.julia/packages/RCall/JIY9I/src/io.jl:171
[ Info: Trial 2/10 completed
┌ Warning: RCall.jl: Warning in L0Learn.fit(X_train, y_train, penalty = "L0", lambdaGrid = list(c(lambda_val)),  :
│   Warning! Only 1 element in path with support size > maxSuppSize. 
│  Try increasing maxSuppSize to resolve the issue.
└ @ RCall ~/.julia/packages/RCall/JIY9I/src/io.jl:171
┌ Warning: RCall.jl: Warning in L0Learn.fit(X_train, y_train, penalty = "L0", lambdaGrid = list(c(lambda_val)),  :
│   Warning! Only 1 element in path with support size > maxSuppSize. 
│  Try increasing maxSuppSize to resolve the issue.
└ @ RCall ~/.julia/packages/RCall/JIY9I/src/io.jl:171
┌ Warning: RCall.jl: Warning in L0Learn.fit(X_train, y_train, penalty = "L0", lambdaGrid = list(c(lambda_val)),  :
│   Warning! Only 1 element in path with support size > maxSuppSize. 
│  Try increasing maxSuppSize to resolve the issue.
└ @ RCall ~/.julia/packages/RCall/JIY9I/src/io.jl:171
┌ Warning: RCall.jl: Warning in L0Learn.fit(X_train, y_train, penalty = "L0", lambdaGrid = list(c(lambda_val)),  :
│   Warning! Only 1 element in path with support size > maxSuppSize. 
│  Try increasing maxSuppSize to resolve the issue.
└ @ RCall ~/.julia/packages/RCall/JIY9I/src/io.jl:171
┌ Warning: RCall.jl: Warning in L0Learn.fit(X_train, y_train, penalty = "L0", lambdaGrid = list(c(lambda_val)),  :
│   Warning! Only 1 element in path with support size > maxSuppSize. 
│  Try increasing maxSuppSize to resolve the issue.
└ @ RCall ~/.julia/packages/RCall/JIY9I/src/io.jl:171
┌ Warning: RCall.jl: Warning in L0Learn.fit(X_train, y_train, penalty = "L0", lambdaGrid = list(c(lambda_val)),  :
│   Warning! Only 1 element in path with support size > maxSuppSize. 
│  Try increasing maxSuppSize to resolve the issue.
└ @ RCall ~/.julia/packages/RCall/JIY9I/src/io.jl:171
┌ Warning: RCall.jl: Warning in L0Learn.fit(X_train, y_train, penalty = "L0", lambdaGrid = list(c(lambda_val)),  :
│   Warning! Only 1 element in path with support size > maxSuppSize. 
│  Try increasing maxSuppSize to resolve the issue.
└ @ RCall ~/.julia/packages/RCall/JIY9I/src/io.jl:171
┌ Warning: RCall.jl: Warning in L0Learn.fit(X_train, y_train, penalty = "L0", lambdaGrid = list(c(lambda_val)),  :
│   Warning! Only 1 element in path with support size > maxSuppSize. 
│  Try increasing maxSuppSize to resolve the issue.
└ @ RCall ~/.julia/packages/RCall/JIY9I/src/io.jl:171
┌ Warning: RCall.jl: Warning in L0Learn.fit(X_train, y_train, penalty = "L0", lambdaGrid = list(c(lambda_val)),  :
│   Warning! Only 1 element in path with support size > maxSuppSize. 
│  Try increasing maxSuppSize to resolve the issue.
└ @ RCall ~/.julia/packages/RCall/JIY9I/src/io.jl:171
┌ Warning: RCall.jl: Warning in L0Learn.fit(X_train, y_train, penalty = "L0", lambdaGrid = list(c(lambda_val)),  :
│   Warning! Only 1 element in path with support size > maxSuppSize. 
│  Try increasing maxSuppSize to resolve the issue.
└ @ RCall ~/.julia/packages/RCall/JIY9I/src/io.jl:171
┌ Warning: RCall.jl: Warning in L0Learn.fit(X_train, y_train, penalty = "L0", lambdaGrid = list(c(lambda_val)),  :
│   Warning! Only 1 element in path with support size > maxSuppSize. 
│  Try increasing maxSuppSize to resolve the issue.
└ @ RCall ~/.julia/packages/RCall/JIY9I/src/io.jl:171
┌ Warning: RCall.jl: Warning in L0Learn.fit(X_train, y_train, penalty = "L0", lambdaGrid = list(c(lambda_val)),  :
│   Warning! Only 1 element in path with support size > maxSuppSize. 
│  Try increasing maxSuppSize to resolve the issue.
└ @ RCall ~/.julia/packages/RCall/JIY9I/src/io.jl:171
┌ Warning: RCall.jl: Warning in L0Learn.fit(X_train, y_train, penalty = "L0", lambdaGrid = list(c(lambda_val)),  :
│   Warning! Only 1 element in path with support size > maxSuppSize. 
│  Try increasing maxSuppSize to resolve the issue.
└ @ RCall ~/.julia/packages/RCall/JIY9I/src/io.jl:171
┌ Warning: RCall.jl: Warning in L0Learn.fit(X_train, y_train, penalty = "L0", lambdaGrid = list(c(lambda_val)),  :
│   Warning! Only 1 element in path with support size > maxSuppSize. 
│  Try increasing maxSuppSize to resolve the issue.
└ @ RCall ~/.julia/packages/RCall/JIY9I/src/io.jl:171
┌ Warning: RCall.jl: Warning in L0Learn.fit(X_train, y_train, penalty = "L0", lambdaGrid = list(c(lambda_val)),  :
│   Warning! Only 1 element in path with support size > maxSuppSize. 
│  Try increasing maxSuppSize to resolve the issue.
└ @ RCall ~/.julia/packages/RCall/JIY9I/src/io.jl:171
┌ Warning: RCall.jl: Warning in L0Learn.fit(X_train, y_train, penalty = "L0", lambdaGrid = list(c(lambda_val)),  :
│   Warning! Only 1 element in path with support size > maxSuppSize. 
│  Try increasing maxSuppSize to resolve the issue.
└ @ RCall ~/.julia/packages/RCall/JIY9I/src/io.jl:171
┌ Warning: RCall.jl: Warning in L0Learn.fit(X_train, y_train, penalty = "L0", lambdaGrid = list(c(lambda_val)),  :
│   Warning! Only 1 element in path with support size > maxSuppSize. 
│  Try increasing maxSuppSize to resolve the issue.
└ @ RCall ~/.julia/packages/RCall/JIY9I/src/io.jl:171
[ Info: Trial 3/10 completed
┌ Warning: RCall.jl: Warning in L0Learn.fit(X_train, y_train, penalty = "L0", lambdaGrid = list(c(lambda_val)),  :
│   Warning! Only 1 element in path with support size > maxSuppSize. 
│  Try increasing maxSuppSize to resolve the issue.
└ @ RCall ~/.julia/packages/RCall/JIY9I/src/io.jl:171
┌ Warning: RCall.jl: Warning in L0Learn.fit(X_train, y_train, penalty = "L0", lambdaGrid = list(c(lambda_val)),  :
│   Warning! Only 1 element in path with support size > maxSuppSize. 
│  Try increasing maxSuppSize to resolve the issue.
└ @ RCall ~/.julia/packages/RCall/JIY9I/src/io.jl:171
┌ Warning: RCall.jl: Warning in L0Learn.fit(X_train, y_train, penalty = "L0", lambdaGrid = list(c(lambda_val)),  :
│   Warning! Only 1 element in path with support size > maxSuppSize. 
│  Try increasing maxSuppSize to resolve the issue.
└ @ RCall ~/.julia/packages/RCall/JIY9I/src/io.jl:171
┌ Warning: RCall.jl: Warning in L0Learn.fit(X_train, y_train, penalty = "L0", lambdaGrid = list(c(lambda_val)),  :
│   Warning! Only 1 element in path with support size > maxSuppSize. 
│  Try increasing maxSuppSize to resolve the issue.
└ @ RCall ~/.julia/packages/RCall/JIY9I/src/io.jl:171
┌ Warning: RCall.jl: Warning in L0Learn.fit(X_train, y_train, penalty = "L0", lambdaGrid = list(c(lambda_val)),  :
│   Warning! Only 1 element in path with support size > maxSuppSize. 
│  Try increasing maxSuppSize to resolve the issue.
└ @ RCall ~/.julia/packages/RCall/JIY9I/src/io.jl:171
┌ Warning: RCall.jl: Warning in L0Learn.fit(X_train, y_train, penalty = "L0", lambdaGrid = list(c(lambda_val)),  :
│   Warning! Only 1 element in path with support size > maxSuppSize. 
│  Try increasing maxSuppSize to resolve the issue.
└ @ RCall ~/.julia/packages/RCall/JIY9I/src/io.jl:171
┌ Warning: RCall.jl: Warning in L0Learn.fit(X_train, y_train, penalty = "L0", lambdaGrid = list(c(lambda_val)),  :
│   Warning! Only 1 element in path with support size > maxSuppSize. 
│  Try increasing maxSuppSize to resolve the issue.
└ @ RCall ~/.julia/packages/RCall/JIY9I/src/io.jl:171
┌ Warning: RCall.jl: Warning in L0Learn.fit(X_train, y_train, penalty = "L0", lambdaGrid = list(c(lambda_val)),  :
│   Warning! Only 1 element in path with support size > maxSuppSize. 
│  Try increasing maxSuppSize to resolve the issue.
└ @ RCall ~/.julia/packages/RCall/JIY9I/src/io.jl:171
┌ Warning: RCall.jl: Warning in L0Learn.fit(X_train, y_train, penalty = "L0", lambdaGrid = list(c(lambda_val)),  :
│   Warning! Only 1 element in path with support size > maxSuppSize. 
│  Try increasing maxSuppSize to resolve the issue.
└ @ RCall ~/.julia/packages/RCall/JIY9I/src/io.jl:171
┌ Warning: RCall.jl: Warning in L0Learn.fit(X_train, y_train, penalty = "L0", lambdaGrid = list(c(lambda_val)),  :
│   Warning! Only 1 element in path with support size > maxSuppSize. 
│  Try increasing maxSuppSize to resolve the issue.
└ @ RCall ~/.julia/packages/RCall/JIY9I/src/io.jl:171
┌ Warning: RCall.jl: Warning in L0Learn.fit(X_train, y_train, penalty = "L0", lambdaGrid = list(c(lambda_val)),  :
│   Warning! Only 1 element in path with support size > maxSuppSize. 
│  Try increasing maxSuppSize to resolve the issue.
└ @ RCall ~/.julia/packages/RCall/JIY9I/src/io.jl:171
┌ Warning: RCall.jl: Warning in L0Learn.fit(X_train, y_train, penalty = "L0", lambdaGrid = list(c(lambda_val)),  :
│   Warning! Only 1 element in path with support size > maxSuppSize. 
│  Try increasing maxSuppSize to resolve the issue.
└ @ RCall ~/.julia/packages/RCall/JIY9I/src/io.jl:171
┌ Warning: RCall.jl: Warning in L0Learn.fit(X_train, y_train, penalty = "L0", lambdaGrid = list(c(lambda_val)),  :
│   Warning! Only 1 element in path with support size > maxSuppSize. 
│  Try increasing maxSuppSize to resolve the issue.
└ @ RCall ~/.julia/packages/RCall/JIY9I/src/io.jl:171
┌ Warning: RCall.jl: Warning in L0Learn.fit(X_train, y_train, penalty = "L0", lambdaGrid = list(c(lambda_val)),  :
│   Warning! Only 1 element in path with support size > maxSuppSize. 
│  Try increasing maxSuppSize to resolve the issue.
└ @ RCall ~/.julia/packages/RCall/JIY9I/src/io.jl:171
┌ Warning: RCall.jl: Warning in L0Learn.fit(X_train, y_train, penalty = "L0", lambdaGrid = list(c(lambda_val)),  :
│   Warning! Only 1 element in path with support size > maxSuppSize. 
│  Try increasing maxSuppSize to resolve the issue.
└ @ RCall ~/.julia/packages/RCall/JIY9I/src/io.jl:171
┌ Warning: RCall.jl: Warning in L0Learn.fit(X_train, y_train, penalty = "L0", lambdaGrid = list(c(lambda_val)),  :
│   Warning! Only 1 element in path with support size > maxSuppSize. 
│  Try increasing maxSuppSize to resolve the issue.
└ @ RCall ~/.julia/packages/RCall/JIY9I/src/io.jl:171
┌ Warning: RCall.jl: Warning in L0Learn.fit(X_train, y_train, penalty = "L0", lambdaGrid = list(c(lambda_val)),  :
│   Warning! Only 1 element in path with support size > maxSuppSize. 
│  Try increasing maxSuppSize to resolve the issue.
└ @ RCall ~/.julia/packages/RCall/JIY9I/src/io.jl:171
┌ Warning: RCall.jl: Warning in L0Learn.fit(X_train, y_train, penalty = "L0", lambdaGrid = list(c(lambda_val)),  :
│   Warning! Only 1 element in path with support size > maxSuppSize. 
│  Try increasing maxSuppSize to resolve the issue.
└ @ RCall ~/.julia/packages/RCall/JIY9I/src/io.jl:171
┌ Warning: RCall.jl: Warning in L0Learn.fit(X_train, y_train, penalty = "L0", lambdaGrid = list(c(lambda_val)),  :
│   Warning! Only 1 element in path with support size > maxSuppSize. 
│  Try increasing maxSuppSize to resolve the issue.
└ @ RCall ~/.julia/packages/RCall/JIY9I/src/io.jl:171
┌ Warning: RCall.jl: Warning in L0Learn.fit(X_train, y_train, penalty = "L0", lambdaGrid = list(c(lambda_val)),  :
│   Warning! Only 1 element in path with support size > maxSuppSize. 
│  Try increasing maxSuppSize to resolve the issue.
└ @ RCall ~/.julia/packages/RCall/JIY9I/src/io.jl:171
[ Info: Trial 4/10 completed
┌ Warning: RCall.jl: Warning in L0Learn.fit(X_train, y_train, penalty = "L0", lambdaGrid = list(c(lambda_val)),  :
│   Warning! Only 1 element in path with support size > maxSuppSize. 
│  Try increasing maxSuppSize to resolve the issue.
└ @ RCall ~/.julia/packages/RCall/JIY9I/src/io.jl:171
┌ Warning: RCall.jl: Warning in L0Learn.fit(X_train, y_train, penalty = "L0", lambdaGrid = list(c(lambda_val)),  :
│   Warning! Only 1 element in path with support size > maxSuppSize. 
│  Try increasing maxSuppSize to resolve the issue.
└ @ RCall ~/.julia/packages/RCall/JIY9I/src/io.jl:171
┌ Warning: RCall.jl: Warning in L0Learn.fit(X_train, y_train, penalty = "L0", lambdaGrid = list(c(lambda_val)),  :
│   Warning! Only 1 element in path with support size > maxSuppSize. 
│  Try increasing maxSuppSize to resolve the issue.
└ @ RCall ~/.julia/packages/RCall/JIY9I/src/io.jl:171
┌ Warning: RCall.jl: Warning in L0Learn.fit(X_train, y_train, penalty = "L0", lambdaGrid = list(c(lambda_val)),  :
│   Warning! Only 1 element in path with support size > maxSuppSize. 
│  Try increasing maxSuppSize to resolve the issue.
└ @ RCall ~/.julia/packages/RCall/JIY9I/src/io.jl:171
┌ Warning: RCall.jl: Warning in L0Learn.fit(X_train, y_train, penalty = "L0", lambdaGrid = list(c(lambda_val)),  :
│   Warning! Only 1 element in path with support size > maxSuppSize. 
│  Try increasing maxSuppSize to resolve the issue.
└ @ RCall ~/.julia/packages/RCall/JIY9I/src/io.jl:171
┌ Warning: RCall.jl: Warning in L0Learn.fit(X_train, y_train, penalty = "L0", lambdaGrid = list(c(lambda_val)),  :
│   Warning! Only 1 element in path with support size > maxSuppSize. 
│  Try increasing maxSuppSize to resolve the issue.
└ @ RCall ~/.julia/packages/RCall/JIY9I/src/io.jl:171
┌ Warning: RCall.jl: Warning in L0Learn.fit(X_train, y_train, penalty = "L0", lambdaGrid = list(c(lambda_val)),  :
│   Warning! Only 1 element in path with support size > maxSuppSize. 
│  Try increasing maxSuppSize to resolve the issue.
└ @ RCall ~/.julia/packages/RCall/JIY9I/src/io.jl:171
┌ Warning: RCall.jl: Warning in L0Learn.fit(X_train, y_train, penalty = "L0", lambdaGrid = list(c(lambda_val)),  :
│   Warning! Only 1 element in path with support size > maxSuppSize. 
│  Try increasing maxSuppSize to resolve the issue.
└ @ RCall ~/.julia/packages/RCall/JIY9I/src/io.jl:171
┌ Warning: RCall.jl: Warning in L0Learn.fit(X_train, y_train, penalty = "L0", lambdaGrid = list(c(lambda_val)),  :
│   Warning! Only 1 element in path with support size > maxSuppSize. 
│  Try increasing maxSuppSize to resolve the issue.
└ @ RCall ~/.julia/packages/RCall/JIY9I/src/io.jl:171
┌ Warning: RCall.jl: Warning in L0Learn.fit(X_train, y_train, penalty = "L0", lambdaGrid = list(c(lambda_val)),  :
│   Warning! Only 1 element in path with support size > maxSuppSize. 
│  Try increasing maxSuppSize to resolve the issue.
└ @ RCall ~/.julia/packages/RCall/JIY9I/src/io.jl:171
┌ Warning: RCall.jl: Warning in L0Learn.fit(X_train, y_train, penalty = "L0", lambdaGrid = list(c(lambda_val)),  :
│   Warning! Only 1 element in path with support size > maxSuppSize. 
│  Try increasing maxSuppSize to resolve the issue.
└ @ RCall ~/.julia/packages/RCall/JIY9I/src/io.jl:171
┌ Warning: RCall.jl: Warning in L0Learn.fit(X_train, y_train, penalty = "L0", lambdaGrid = list(c(lambda_val)),  :
│   Warning! Only 1 element in path with support size > maxSuppSize. 
│  Try increasing maxSuppSize to resolve the issue.
└ @ RCall ~/.julia/packages/RCall/JIY9I/src/io.jl:171
┌ Warning: RCall.jl: Warning in L0Learn.fit(X_train, y_train, penalty = "L0", lambdaGrid = list(c(lambda_val)),  :
│   Warning! Only 1 element in path with support size > maxSuppSize. 
│  Try increasing maxSuppSize to resolve the issue.
└ @ RCall ~/.julia/packages/RCall/JIY9I/src/io.jl:171
┌ Warning: RCall.jl: Warning in L0Learn.fit(X_train, y_train, penalty = "L0", lambdaGrid = list(c(lambda_val)),  :
│   Warning! Only 1 element in path with support size > maxSuppSize. 
│  Try increasing maxSuppSize to resolve the issue.
└ @ RCall ~/.julia/packages/RCall/JIY9I/src/io.jl:171
┌ Warning: RCall.jl: Warning in L0Learn.fit(X_train, y_train, penalty = "L0", lambdaGrid = list(c(lambda_val)),  :
│   Warning! Only 1 element in path with support size > maxSuppSize. 
│  Try increasing maxSuppSize to resolve the issue.
└ @ RCall ~/.julia/packages/RCall/JIY9I/src/io.jl:171
"CDSS" = "CDSS"
SUP = 194.0
Pred = 0.19782366479559566
Sim = 0.211340206185567
Infv = 1.79463795938529
round(elapsed, digits = 2) = 6.0
"CDSS (β-only)" = "CDSS (β-only)"
SUP = 194.0
Pred = 0.19782366479559566
Sim = 0.211340206185567
Infv = 1.79463795938529
round(elapsed, digits = 2) = 5.07
refinement_change = 3.126998143686276e-5
"SPGpCDSS" = "SPGpCDSS"
SUP = 1062.0
Pred = 0.2016762119343644
Sim = 0.08945386064030132
Infv = 1.0
round(elapsed, digits = 2) = 1.7
spgpcdss_chose_beta = false
"L0Learn" = "L0Learn"
supp_l0 = 50
predval_l0 = 0.3765162463486716
sim_l0 = 0.2
inf_l0 = 1.853757442307126
round(elapsed, digits = 2) = 0.07
"L0Learn+PSI1" = "L0Learn+PSI1"
SUP = 302.0
Pred = 0.1999624582122726
Sim = 0.1986754966887417
Infv = 1.4886794229671678
round(elapsed, digits = 2) = 5.82
"CDSS" = "CDSS"
SUP = 201.0
Pred = 0.17972081055359942
Sim = 0.14925373134328357
Infv = 3.4439054479687914
round(elapsed, digits = 2) = 5.29
"CDSS (β-only)" = "CDSS (β-only)"
SUP = 201.0
Pred = 0.17972081055359942
Sim = 0.14925373134328357
Infv = 3.4439054479687914
round(elapsed, digits = 2) = 5.63
refinement_change = 2.0649688978453545e-5
"SPGpCDSS" = "SPGpCDSS"
SUP = 337.0
Pred = 0.18052241103776673
Sim = 0.21068249258160238
Infv = 1.2082010665891176
round(elapsed, digits = 2) = 2.07
spgpcdss_chose_beta = true
"L0Learn" = "L0Learn"
supp_l0 = 49
predval_l0 = 0.3560158020462452
sim_l0 = 0.24
inf_l0 = 2.4008648502348326
round(elapsed, digits = 2) = 0.07
"L0Learn+PSI1" = "L0Learn+PSI1"
SUP = 312.0
Pred = 0.17912923693719435
Sim = 0.20512820512820512
Infv = 1.8176081009026055
round(elapsed, digits = 2) = 6.69
"CDSS" = "CDSS"
SUP = 228.0
Pred = 0.17228098678273965
Sim = 0.12719298245614036
Infv = 2.9124997728513398
round(elapsed, digits = 2) = 3.1
"CDSS (β-only)" = "CDSS (β-only)"
SUP = 228.0
Pred = 0.17228098678273965
Sim = 0.12719298245614036
Infv = 2.9124997728513398
round(elapsed, digits = 2) = 3.67
refinement_change = 1.902267908363575e-5
"SPGpCDSS" = "SPGpCDSS"
SUP = 746.0
Pred = 0.17423773595479194
Sim = 0.12332439678284182
Infv = 1.0
round(elapsed, digits = 2) = 0.24
spgpcdss_chose_beta = false
"L0Learn" = "L0Learn"
supp_l0 = 47
predval_l0 = 0.387523984919977
sim_l0 = 0.2
inf_l0 = 2.419229216839405
round(elapsed, digits = 2) = 0.07
"L0Learn+PSI1" = "L0Learn+PSI1"
SUP = 345.0
Pred = 0.173345751188506
Sim = 0.1681159420289855
Infv = 1.8037198203597669
round(elapsed, digits = 2) = 8.78
"CDSS" = "CDSS"
SUP = 233.0
Pred = 0.18382863445799638
Sim = 0.1459227467811159
Infv = 2.447786017211426
round(elapsed, digits = 2) = 4.62
"CDSS (β-only)" = "CDSS (β-only)"
SUP = 233.0
Pred = 0.18382863445799638
Sim = 0.1459227467811159
Infv = 2.447786017211426
round(elapsed, digits = 2) = 5.08
refinement_change = 1.4061195264798738e-5
"SPGpCDSS" = "SPGpCDSS"
SUP = 1992.0
Pred = 0.1847243073001606
Sim = 0.050200803212851405
Infv = 1.058088806542338
round(elapsed, digits = 2) = 0.23
spgpcdss_chose_beta = true
"L0Learn" = "L0Learn"
supp_l0 = 49
predval_l0 = 0.3733516635293915
sim_l0 = 0.23
inf_l0 = 1.8655469215536291
round(elapsed, digits = 2) = 0.06
"L0Learn+PSI1" = "L0Learn+PSI1"
SUP = 382.0
Pred = 0.1840918793470575
Sim = 0.15968586387434555
Infv = 1.779906531017407
round(elapsed, digits = 2) = 6.15
"CDSS" = "CDSS"
SUP = 199.0
Pred = 0.19775185384136895
Sim = 0.1407035175879397
Infv = 2.049778124109628
round(elapsed, digits = 2) = 6.08
"CDSS (β-only)" = "CDSS (β-only)"
SUP = 199.0
Pred = 0.19775185384136895
Sim = 0.1407035175879397
Infv = 2.049778124109628
round(elapsed, digits = 2) = 5.41
refinement_change = 2.59091834126645e-5
"SPGpCDSS" = "SPGpCDSS"
SUP = 200.0
Pred = 0.19703816687094616
Sim = 0.265
Infv = 1.0926854533496781
round(elapsed, digits = 2) = 1.89
spgpcdss_chose_beta = true
"L0Learn" = "L0Learn"
supp_l0 = 49
predval_l0 = 0.3742593043491795
sim_l0 = 0.27
inf_l0 = 1.9480991346123977
round(elapsed, digits = 2) = 0.07
"L0Learn+PSI1" = "L0Learn+PSI1"
SUP = 301.0
Pred = 0.19517354936073955
Sim = 0.21926910299003322
Infv = 1.4299464798441743
round(elapsed, digits = 2) = 6.17
"CDSS" = "CDSS"
SUP = 245.0
Pred = 0.1672192558965473
Sim = 0.1346938775510204
Infv = 2.217881934226073
round(elapsed, digits = 2) = 4.1
"CDSS (β-only)" = "CDSS (β-only)"
SUP = 245.0
Pred = 0.1672192558965473
Sim = 0.1346938775510204
Infv = 2.217881934226073
round(elapsed, digits = 2) = 3.66
refinement_change = 1.0230207177009496e-5
"SPGpCDSS" = "SPGpCDSS"
SUP = 860.0
Pred = 0.16873180797553014
Sim = 0.09883720930232558
Infv = 1.0
round(elapsed, digits = 2) = 2.97
spgpcdss_chose_beta = false
"L0Learn" = "L0Learn"
supp_l0 = 45
predval_l0 = 0.342597556364647
sim_l0 = 0.24
inf_l0 = 1.8727035382628252
round(elapsed, digits = 2) = 0.09
"L0Learn+PSI1" = "L0Learn+PSI1"
SUP = 250.0
Pred = 0.1662740539065312
Sim = 0.228
Infv = 1.4469634026335119
round(elapsed, digits = 2) = 9.25
┌ Warning: RCall.jl: Warning in L0Learn.fit(X_train, y_train, penalty = "L0", lambdaGrid = list(c(lambda_val)),  :
│   Warning! Only 1 element in path with support size > maxSuppSize. 
│  Try increasing maxSuppSize to resolve the issue.
└ @ RCall ~/.julia/packages/RCall/JIY9I/src/io.jl:171
┌ Warning: RCall.jl: Warning in L0Learn.fit(X_train, y_train, penalty = "L0", lambdaGrid = list(c(lambda_val)),  :
│   Warning! Only 1 element in path with support size > maxSuppSize. 
│  Try increasing maxSuppSize to resolve the issue.
└ @ RCall ~/.julia/packages/RCall/JIY9I/src/io.jl:171
┌ Warning: RCall.jl: Warning in L0Learn.fit(X_train, y_train, penalty = "L0", lambdaGrid = list(c(lambda_val)),  :
│   Warning! Only 1 element in path with support size > maxSuppSize. 
│  Try increasing maxSuppSize to resolve the issue.
└ @ RCall ~/.julia/packages/RCall/JIY9I/src/io.jl:171
┌ Warning: RCall.jl: Warning in L0Learn.fit(X_train, y_train, penalty = "L0", lambdaGrid = list(c(lambda_val)),  :
│   Warning! Only 1 element in path with support size > maxSuppSize. 
│  Try increasing maxSuppSize to resolve the issue.
└ @ RCall ~/.julia/packages/RCall/JIY9I/src/io.jl:171
┌ Warning: RCall.jl: Warning in L0Learn.fit(X_train, y_train, penalty = "L0", lambdaGrid = list(c(lambda_val)),  :
│   Warning! Only 1 element in path with support size > maxSuppSize. 
│  Try increasing maxSuppSize to resolve the issue.
└ @ RCall ~/.julia/packages/RCall/JIY9I/src/io.jl:171
┌ Warning: RCall.jl: Warning in L0Learn.fit(X_train, y_train, penalty = "L0", lambdaGrid = list(c(lambda_val)),  :
│   Warning! Only 1 element in path with support size > maxSuppSize. 
│  Try increasing maxSuppSize to resolve the issue.
└ @ RCall ~/.julia/packages/RCall/JIY9I/src/io.jl:171
[ Info: Trial 5/10 completed
┌ Warning: RCall.jl: Warning in L0Learn.fit(X_train, y_train, penalty = "L0", lambdaGrid = list(c(lambda_val)),  :
│   Warning! Only 1 element in path with support size > maxSuppSize. 
│  Try increasing maxSuppSize to resolve the issue.
└ @ RCall ~/.julia/packages/RCall/JIY9I/src/io.jl:171
┌ Warning: RCall.jl: Warning in L0Learn.fit(X_train, y_train, penalty = "L0", lambdaGrid = list(c(lambda_val)),  :
│   Warning! Only 1 element in path with support size > maxSuppSize. 
│  Try increasing maxSuppSize to resolve the issue.
└ @ RCall ~/.julia/packages/RCall/JIY9I/src/io.jl:171
┌ Warning: RCall.jl: Warning in L0Learn.fit(X_train, y_train, penalty = "L0", lambdaGrid = list(c(lambda_val)),  :
│   Warning! Only 1 element in path with support size > maxSuppSize. 
│  Try increasing maxSuppSize to resolve the issue.
└ @ RCall ~/.julia/packages/RCall/JIY9I/src/io.jl:171
┌ Warning: RCall.jl: Warning in L0Learn.fit(X_train, y_train, penalty = "L0", lambdaGrid = list(c(lambda_val)),  :
│   Warning! Only 1 element in path with support size > maxSuppSize. 
│  Try increasing maxSuppSize to resolve the issue.
└ @ RCall ~/.julia/packages/RCall/JIY9I/src/io.jl:171
┌ Warning: RCall.jl: Warning in L0Learn.fit(X_train, y_train, penalty = "L0", lambdaGrid = list(c(lambda_val)),  :
│   Warning! Only 1 element in path with support size > maxSuppSize. 
│  Try increasing maxSuppSize to resolve the issue.
└ @ RCall ~/.julia/packages/RCall/JIY9I/src/io.jl:171
┌ Warning: RCall.jl: Warning in L0Learn.fit(X_train, y_train, penalty = "L0", lambdaGrid = list(c(lambda_val)),  :
│   Warning! Only 1 element in path with support size > maxSuppSize. 
│  Try increasing maxSuppSize to resolve the issue.
└ @ RCall ~/.julia/packages/RCall/JIY9I/src/io.jl:171
┌ Warning: RCall.jl: Warning in L0Learn.fit(X_train, y_train, penalty = "L0", lambdaGrid = list(c(lambda_val)),  :
│   Warning! Only 1 element in path with support size > maxSuppSize. 
│  Try increasing maxSuppSize to resolve the issue.
└ @ RCall ~/.julia/packages/RCall/JIY9I/src/io.jl:171
┌ Warning: RCall.jl: Warning in L0Learn.fit(X_train, y_train, penalty = "L0", lambdaGrid = list(c(lambda_val)),  :
│   Warning! Only 1 element in path with support size > maxSuppSize. 
│  Try increasing maxSuppSize to resolve the issue.
└ @ RCall ~/.julia/packages/RCall/JIY9I/src/io.jl:171
┌ Warning: RCall.jl: Warning in L0Learn.fit(X_train, y_train, penalty = "L0", lambdaGrid = list(c(lambda_val)),  :
│   Warning! Only 1 element in path with support size > maxSuppSize. 
│  Try increasing maxSuppSize to resolve the issue.
└ @ RCall ~/.julia/packages/RCall/JIY9I/src/io.jl:171
┌ Warning: RCall.jl: Warning in L0Learn.fit(X_train, y_train, penalty = "L0", lambdaGrid = list(c(lambda_val)),  :
│   Warning! Only 1 element in path with support size > maxSuppSize. 
│  Try increasing maxSuppSize to resolve the issue.
└ @ RCall ~/.julia/packages/RCall/JIY9I/src/io.jl:171
┌ Warning: RCall.jl: Warning in L0Learn.fit(X_train, y_train, penalty = "L0", lambdaGrid = list(c(lambda_val)),  :
│   Warning! Only 1 element in path with support size > maxSuppSize. 
│  Try increasing maxSuppSize to resolve the issue.
└ @ RCall ~/.julia/packages/RCall/JIY9I/src/io.jl:171
┌ Warning: RCall.jl: Warning in L0Learn.fit(X_train, y_train, penalty = "L0", lambdaGrid = list(c(lambda_val)),  :
│   Warning! Only 1 element in path with support size > maxSuppSize. 
│  Try increasing maxSuppSize to resolve the issue.
└ @ RCall ~/.julia/packages/RCall/JIY9I/src/io.jl:171
┌ Warning: RCall.jl: Warning in L0Learn.fit(X_train, y_train, penalty = "L0", lambdaGrid = list(c(lambda_val)),  :
│   Warning! Only 1 element in path with support size > maxSuppSize. 
│  Try increasing maxSuppSize to resolve the issue.
└ @ RCall ~/.julia/packages/RCall/JIY9I/src/io.jl:171
┌ Warning: RCall.jl: Warning in L0Learn.fit(X_train, y_train, penalty = "L0", lambdaGrid = list(c(lambda_val)),  :
│   Warning! Only 1 element in path with support size > maxSuppSize. 
│  Try increasing maxSuppSize to resolve the issue.
└ @ RCall ~/.julia/packages/RCall/JIY9I/src/io.jl:171
┌ Warning: RCall.jl: Warning in L0Learn.fit(X_train, y_train, penalty = "L0", lambdaGrid = list(c(lambda_val)),  :
│   Warning! Only 1 element in path with support size > maxSuppSize. 
│  Try increasing maxSuppSize to resolve the issue.
└ @ RCall ~/.julia/packages/RCall/JIY9I/src/io.jl:171
┌ Warning: RCall.jl: Warning in L0Learn.fit(X_train, y_train, penalty = "L0", lambdaGrid = list(c(lambda_val)),  :
│   Warning! Only 1 element in path with support size > maxSuppSize. 
│  Try increasing maxSuppSize to resolve the issue.
└ @ RCall ~/.julia/packages/RCall/JIY9I/src/io.jl:171
┌ Warning: RCall.jl: Warning in L0Learn.fit(X_train, y_train, penalty = "L0", lambdaGrid = list(c(lambda_val)),  :
│   Warning! Only 1 element in path with support size > maxSuppSize. 
│  Try increasing maxSuppSize to resolve the issue.
└ @ RCall ~/.julia/packages/RCall/JIY9I/src/io.jl:171
┌ Warning: RCall.jl: Warning in L0Learn.fit(X_train, y_train, penalty = "L0", lambdaGrid = list(c(lambda_val)),  :
│   Warning! Only 1 element in path with support size > maxSuppSize. 
│  Try increasing maxSuppSize to resolve the issue.
└ @ RCall ~/.julia/packages/RCall/JIY9I/src/io.jl:171
┌ Warning: RCall.jl: Warning in L0Learn.fit(X_train, y_train, penalty = "L0", lambdaGrid = list(c(lambda_val)),  :
│   Warning! Only 1 element in path with support size > maxSuppSize. 
│  Try increasing maxSuppSize to resolve the issue.
└ @ RCall ~/.julia/packages/RCall/JIY9I/src/io.jl:171
┌ Warning: RCall.jl: Warning in L0Learn.fit(X_train, y_train, penalty = "L0", lambdaGrid = list(c(lambda_val)),  :
│   Warning! Only 1 element in path with support size > maxSuppSize. 
│  Try increasing maxSuppSize to resolve the issue.
└ @ RCall ~/.julia/packages/RCall/JIY9I/src/io.jl:171
┌ Warning: RCall.jl: Warning in L0Learn.fit(X_train, y_train, penalty = "L0", lambdaGrid = list(c(lambda_val)),  :
│   Warning! Only 1 element in path with support size > maxSuppSize. 
│  Try increasing maxSuppSize to resolve the issue.
└ @ RCall ~/.julia/packages/RCall/JIY9I/src/io.jl:171
[ Info: Trial 6/10 completed
┌ Warning: RCall.jl: Warning in L0Learn.fit(X_train, y_train, penalty = "L0", lambdaGrid = list(c(lambda_val)),  :
│   Warning! Only 1 element in path with support size > maxSuppSize. 
│  Try increasing maxSuppSize to resolve the issue.
└ @ RCall ~/.julia/packages/RCall/JIY9I/src/io.jl:171
┌ Warning: RCall.jl: Warning in L0Learn.fit(X_train, y_train, penalty = "L0", lambdaGrid = list(c(lambda_val)),  :
│   Warning! Only 1 element in path with support size > maxSuppSize. 
│  Try increasing maxSuppSize to resolve the issue.
└ @ RCall ~/.julia/packages/RCall/JIY9I/src/io.jl:171
┌ Warning: RCall.jl: Warning in L0Learn.fit(X_train, y_train, penalty = "L0", lambdaGrid = list(c(lambda_val)),  :
│   Warning! Only 1 element in path with support size > maxSuppSize. 
│  Try increasing maxSuppSize to resolve the issue.
└ @ RCall ~/.julia/packages/RCall/JIY9I/src/io.jl:171
┌ Warning: RCall.jl: Warning in L0Learn.fit(X_train, y_train, penalty = "L0", lambdaGrid = list(c(lambda_val)),  :
│   Warning! Only 1 element in path with support size > maxSuppSize. 
│  Try increasing maxSuppSize to resolve the issue.
└ @ RCall ~/.julia/packages/RCall/JIY9I/src/io.jl:171
┌ Warning: RCall.jl: Warning in L0Learn.fit(X_train, y_train, penalty = "L0", lambdaGrid = list(c(lambda_val)),  :
│   Warning! Only 1 element in path with support size > maxSuppSize. 
│  Try increasing maxSuppSize to resolve the issue.
└ @ RCall ~/.julia/packages/RCall/JIY9I/src/io.jl:171
┌ Warning: RCall.jl: Warning in L0Learn.fit(X_train, y_train, penalty = "L0", lambdaGrid = list(c(lambda_val)),  :
│   Warning! Only 1 element in path with support size > maxSuppSize. 
│  Try increasing maxSuppSize to resolve the issue.
└ @ RCall ~/.julia/packages/RCall/JIY9I/src/io.jl:171
┌ Warning: RCall.jl: Warning in L0Learn.fit(X_train, y_train, penalty = "L0", lambdaGrid = list(c(lambda_val)),  :
│   Warning! Only 1 element in path with support size > maxSuppSize. 
│  Try increasing maxSuppSize to resolve the issue.
└ @ RCall ~/.julia/packages/RCall/JIY9I/src/io.jl:171
┌ Warning: RCall.jl: Warning in L0Learn.fit(X_train, y_train, penalty = "L0", lambdaGrid = list(c(lambda_val)),  :
│   Warning! Only 1 element in path with support size > maxSuppSize. 
│  Try increasing maxSuppSize to resolve the issue.
└ @ RCall ~/.julia/packages/RCall/JIY9I/src/io.jl:171
┌ Warning: RCall.jl: Warning in L0Learn.fit(X_train, y_train, penalty = "L0", lambdaGrid = list(c(lambda_val)),  :
│   Warning! Only 1 element in path with support size > maxSuppSize. 
│  Try increasing maxSuppSize to resolve the issue.
└ @ RCall ~/.julia/packages/RCall/JIY9I/src/io.jl:171
┌ Warning: RCall.jl: Warning in L0Learn.fit(X_train, y_train, penalty = "L0", lambdaGrid = list(c(lambda_val)),  :
│   Warning! Only 1 element in path with support size > maxSuppSize. 
│  Try increasing maxSuppSize to resolve the issue.
└ @ RCall ~/.julia/packages/RCall/JIY9I/src/io.jl:171
┌ Warning: RCall.jl: Warning in L0Learn.fit(X_train, y_train, penalty = "L0", lambdaGrid = list(c(lambda_val)),  :
│   Warning! Only 1 element in path with support size > maxSuppSize. 
│  Try increasing maxSuppSize to resolve the issue.
└ @ RCall ~/.julia/packages/RCall/JIY9I/src/io.jl:171
┌ Warning: RCall.jl: Warning in L0Learn.fit(X_train, y_train, penalty = "L0", lambdaGrid = list(c(lambda_val)),  :
│   Warning! Only 1 element in path with support size > maxSuppSize. 
│  Try increasing maxSuppSize to resolve the issue.
└ @ RCall ~/.julia/packages/RCall/JIY9I/src/io.jl:171
┌ Warning: RCall.jl: Warning in L0Learn.fit(X_train, y_train, penalty = "L0", lambdaGrid = list(c(lambda_val)),  :
│   Warning! Only 1 element in path with support size > maxSuppSize. 
│  Try increasing maxSuppSize to resolve the issue.
└ @ RCall ~/.julia/packages/RCall/JIY9I/src/io.jl:171
┌ Warning: RCall.jl: Warning in L0Learn.fit(X_train, y_train, penalty = "L0", lambdaGrid = list(c(lambda_val)),  :
│   Warning! Only 1 element in path with support size > maxSuppSize. 
│  Try increasing maxSuppSize to resolve the issue.
└ @ RCall ~/.julia/packages/RCall/JIY9I/src/io.jl:171
┌ Warning: RCall.jl: Warning in L0Learn.fit(X_train, y_train, penalty = "L0", lambdaGrid = list(c(lambda_val)),  :
│   Warning! Only 1 element in path with support size > maxSuppSize. 
│  Try increasing maxSuppSize to resolve the issue.
└ @ RCall ~/.julia/packages/RCall/JIY9I/src/io.jl:171
┌ Warning: RCall.jl: Warning in L0Learn.fit(X_train, y_train, penalty = "L0", lambdaGrid = list(c(lambda_val)),  :
│   Warning! Only 1 element in path with support size > maxSuppSize. 
│  Try increasing maxSuppSize to resolve the issue.
└ @ RCall ~/.julia/packages/RCall/JIY9I/src/io.jl:171
┌ Warning: RCall.jl: Warning in L0Learn.fit(X_train, y_train, penalty = "L0", lambdaGrid = list(c(lambda_val)),  :
│   Warning! Only 1 element in path with support size > maxSuppSize. 
│  Try increasing maxSuppSize to resolve the issue.
└ @ RCall ~/.julia/packages/RCall/JIY9I/src/io.jl:171
┌ Warning: RCall.jl: Warning in L0Learn.fit(X_train, y_train, penalty = "L0", lambdaGrid = list(c(lambda_val)),  :
│   Warning! Only 1 element in path with support size > maxSuppSize. 
│  Try increasing maxSuppSize to resolve the issue.
└ @ RCall ~/.julia/packages/RCall/JIY9I/src/io.jl:171
┌ Warning: RCall.jl: Warning in L0Learn.fit(X_train, y_train, penalty = "L0", lambdaGrid = list(c(lambda_val)),  :
│   Warning! Only 1 element in path with support size > maxSuppSize. 
│  Try increasing maxSuppSize to resolve the issue.
└ @ RCall ~/.julia/packages/RCall/JIY9I/src/io.jl:171
┌ Warning: RCall.jl: Warning in L0Learn.fit(X_train, y_train, penalty = "L0", lambdaGrid = list(c(lambda_val)),  :
│   Warning! Only 1 element in path with support size > maxSuppSize. 
│  Try increasing maxSuppSize to resolve the issue.
└ @ RCall ~/.julia/packages/RCall/JIY9I/src/io.jl:171
┌ Warning: RCall.jl: Warning in L0Learn.fit(X_train, y_train, penalty = "L0", lambdaGrid = list(c(lambda_val)),  :
│   Warning! Only 1 element in path with support size > maxSuppSize. 
│  Try increasing maxSuppSize to resolve the issue.
└ @ RCall ~/.julia/packages/RCall/JIY9I/src/io.jl:171
[ Info: Trial 7/10 completed
┌ Warning: RCall.jl: Warning in L0Learn.fit(X_train, y_train, penalty = "L0", lambdaGrid = list(c(lambda_val)),  :
│   Warning! Only 1 element in path with support size > maxSuppSize. 
│  Try increasing maxSuppSize to resolve the issue.
└ @ RCall ~/.julia/packages/RCall/JIY9I/src/io.jl:171
┌ Warning: RCall.jl: Warning in L0Learn.fit(X_train, y_train, penalty = "L0", lambdaGrid = list(c(lambda_val)),  :
│   Warning! Only 1 element in path with support size > maxSuppSize. 
│  Try increasing maxSuppSize to resolve the issue.
└ @ RCall ~/.julia/packages/RCall/JIY9I/src/io.jl:171
┌ Warning: RCall.jl: Warning in L0Learn.fit(X_train, y_train, penalty = "L0", lambdaGrid = list(c(lambda_val)),  :
│   Warning! Only 1 element in path with support size > maxSuppSize. 
│  Try increasing maxSuppSize to resolve the issue.
└ @ RCall ~/.julia/packages/RCall/JIY9I/src/io.jl:171
┌ Warning: RCall.jl: Warning in L0Learn.fit(X_train, y_train, penalty = "L0", lambdaGrid = list(c(lambda_val)),  :
│   Warning! Only 1 element in path with support size > maxSuppSize. 
│  Try increasing maxSuppSize to resolve the issue.
└ @ RCall ~/.julia/packages/RCall/JIY9I/src/io.jl:171
┌ Warning: RCall.jl: Warning in L0Learn.fit(X_train, y_train, penalty = "L0", lambdaGrid = list(c(lambda_val)),  :
│   Warning! Only 1 element in path with support size > maxSuppSize. 
│  Try increasing maxSuppSize to resolve the issue.
└ @ RCall ~/.julia/packages/RCall/JIY9I/src/io.jl:171
┌ Warning: RCall.jl: Warning in L0Learn.fit(X_train, y_train, penalty = "L0", lambdaGrid = list(c(lambda_val)),  :
│   Warning! Only 1 element in path with support size > maxSuppSize. 
│  Try increasing maxSuppSize to resolve the issue.
└ @ RCall ~/.julia/packages/RCall/JIY9I/src/io.jl:171
┌ Warning: RCall.jl: Warning in L0Learn.fit(X_train, y_train, penalty = "L0", lambdaGrid = list(c(lambda_val)),  :
│   Warning! Only 1 element in path with support size > maxSuppSize. 
│  Try increasing maxSuppSize to resolve the issue.
└ @ RCall ~/.julia/packages/RCall/JIY9I/src/io.jl:171
┌ Warning: RCall.jl: Warning in L0Learn.fit(X_train, y_train, penalty = "L0", lambdaGrid = list(c(lambda_val)),  :
│   Warning! Only 1 element in path with support size > maxSuppSize. 
│  Try increasing maxSuppSize to resolve the issue.
└ @ RCall ~/.julia/packages/RCall/JIY9I/src/io.jl:171
┌ Warning: RCall.jl: Warning in L0Learn.fit(X_train, y_train, penalty = "L0", lambdaGrid = list(c(lambda_val)),  :
│   Warning! Only 1 element in path with support size > maxSuppSize. 
│  Try increasing maxSuppSize to resolve the issue.
└ @ RCall ~/.julia/packages/RCall/JIY9I/src/io.jl:171
┌ Warning: RCall.jl: Warning in L0Learn.fit(X_train, y_train, penalty = "L0", lambdaGrid = list(c(lambda_val)),  :
│   Warning! Only 1 element in path with support size > maxSuppSize. 
│  Try increasing maxSuppSize to resolve the issue.
└ @ RCall ~/.julia/packages/RCall/JIY9I/src/io.jl:171
┌ Warning: RCall.jl: Warning in L0Learn.fit(X_train, y_train, penalty = "L0", lambdaGrid = list(c(lambda_val)),  :
│   Warning! Only 1 element in path with support size > maxSuppSize. 
│  Try increasing maxSuppSize to resolve the issue.
└ @ RCall ~/.julia/packages/RCall/JIY9I/src/io.jl:171
┌ Warning: RCall.jl: Warning in L0Learn.fit(X_train, y_train, penalty = "L0", lambdaGrid = list(c(lambda_val)),  :
│   Warning! Only 1 element in path with support size > maxSuppSize. 
│  Try increasing maxSuppSize to resolve the issue.
└ @ RCall ~/.julia/packages/RCall/JIY9I/src/io.jl:171
┌ Warning: RCall.jl: Warning in L0Learn.fit(X_train, y_train, penalty = "L0", lambdaGrid = list(c(lambda_val)),  :
│   Warning! Only 1 element in path with support size > maxSuppSize. 
│  Try increasing maxSuppSize to resolve the issue.
└ @ RCall ~/.julia/packages/RCall/JIY9I/src/io.jl:171
┌ Warning: RCall.jl: Warning in L0Learn.fit(X_train, y_train, penalty = "L0", lambdaGrid = list(c(lambda_val)),  :
│   Warning! Only 1 element in path with support size > maxSuppSize. 
│  Try increasing maxSuppSize to resolve the issue.
└ @ RCall ~/.julia/packages/RCall/JIY9I/src/io.jl:171
┌ Warning: RCall.jl: Warning in L0Learn.fit(X_train, y_train, penalty = "L0", lambdaGrid = list(c(lambda_val)),  :
│   Warning! Only 1 element in path with support size > maxSuppSize. 
│  Try increasing maxSuppSize to resolve the issue.
└ @ RCall ~/.julia/packages/RCall/JIY9I/src/io.jl:171
┌ Warning: RCall.jl: Warning in L0Learn.fit(X_train, y_train, penalty = "L0", lambdaGrid = list(c(lambda_val)),  :
│   Warning! Only 1 element in path with support size > maxSuppSize. 
│  Try increasing maxSuppSize to resolve the issue.
└ @ RCall ~/.julia/packages/RCall/JIY9I/src/io.jl:171
┌ Warning: RCall.jl: Warning in L0Learn.fit(X_train, y_train, penalty = "L0", lambdaGrid = list(c(lambda_val)),  :
│   Warning! Only 1 element in path with support size > maxSuppSize. 
│  Try increasing maxSuppSize to resolve the issue.
└ @ RCall ~/.julia/packages/RCall/JIY9I/src/io.jl:171
[ Info: Trial 8/10 completed
┌ Warning: RCall.jl: Warning in L0Learn.fit(X_train, y_train, penalty = "L0", lambdaGrid = list(c(lambda_val)),  :
│   Warning! Only 1 element in path with support size > maxSuppSize. 
│  Try increasing maxSuppSize to resolve the issue.
└ @ RCall ~/.julia/packages/RCall/JIY9I/src/io.jl:171
┌ Warning: RCall.jl: Warning in L0Learn.fit(X_train, y_train, penalty = "L0", lambdaGrid = list(c(lambda_val)),  :
│   Warning! Only 1 element in path with support size > maxSuppSize. 
│  Try increasing maxSuppSize to resolve the issue.
└ @ RCall ~/.julia/packages/RCall/JIY9I/src/io.jl:171
┌ Warning: RCall.jl: Warning in L0Learn.fit(X_train, y_train, penalty = "L0", lambdaGrid = list(c(lambda_val)),  :
│   Warning! Only 1 element in path with support size > maxSuppSize. 
│  Try increasing maxSuppSize to resolve the issue.
└ @ RCall ~/.julia/packages/RCall/JIY9I/src/io.jl:171
┌ Warning: RCall.jl: Warning in L0Learn.fit(X_train, y_train, penalty = "L0", lambdaGrid = list(c(lambda_val)),  :
│   Warning! Only 1 element in path with support size > maxSuppSize. 
│  Try increasing maxSuppSize to resolve the issue.
└ @ RCall ~/.julia/packages/RCall/JIY9I/src/io.jl:171
┌ Warning: RCall.jl: Warning in L0Learn.fit(X_train, y_train, penalty = "L0", lambdaGrid = list(c(lambda_val)),  :
│   Warning! Only 1 element in path with support size > maxSuppSize. 
│  Try increasing maxSuppSize to resolve the issue.
└ @ RCall ~/.julia/packages/RCall/JIY9I/src/io.jl:171
┌ Warning: RCall.jl: Warning in L0Learn.fit(X_train, y_train, penalty = "L0", lambdaGrid = list(c(lambda_val)),  :
│   Warning! Only 1 element in path with support size > maxSuppSize. 
│  Try increasing maxSuppSize to resolve the issue.
└ @ RCall ~/.julia/packages/RCall/JIY9I/src/io.jl:171
┌ Warning: RCall.jl: Warning in L0Learn.fit(X_train, y_train, penalty = "L0", lambdaGrid = list(c(lambda_val)),  :
│   Warning! Only 1 element in path with support size > maxSuppSize. 
│  Try increasing maxSuppSize to resolve the issue.
└ @ RCall ~/.julia/packages/RCall/JIY9I/src/io.jl:171
┌ Warning: RCall.jl: Warning in L0Learn.fit(X_train, y_train, penalty = "L0", lambdaGrid = list(c(lambda_val)),  :
│   Warning! Only 1 element in path with support size > maxSuppSize. 
│  Try increasing maxSuppSize to resolve the issue.
└ @ RCall ~/.julia/packages/RCall/JIY9I/src/io.jl:171
┌ Warning: RCall.jl: Warning in L0Learn.fit(X_train, y_train, penalty = "L0", lambdaGrid = list(c(lambda_val)),  :
│   Warning! Only 1 element in path with support size > maxSuppSize. 
│  Try increasing maxSuppSize to resolve the issue.
└ @ RCall ~/.julia/packages/RCall/JIY9I/src/io.jl:171
┌ Warning: RCall.jl: Warning in L0Learn.fit(X_train, y_train, penalty = "L0", lambdaGrid = list(c(lambda_val)),  :
│   Warning! Only 1 element in path with support size > maxSuppSize. 
│  Try increasing maxSuppSize to resolve the issue.
└ @ RCall ~/.julia/packages/RCall/JIY9I/src/io.jl:171
┌ Warning: RCall.jl: Warning in L0Learn.fit(X_train, y_train, penalty = "L0", lambdaGrid = list(c(lambda_val)),  :
│   Warning! Only 1 element in path with support size > maxSuppSize. 
│  Try increasing maxSuppSize to resolve the issue.
└ @ RCall ~/.julia/packages/RCall/JIY9I/src/io.jl:171
┌ Warning: RCall.jl: Warning in L0Learn.fit(X_train, y_train, penalty = "L0", lambdaGrid = list(c(lambda_val)),  :
│   Warning! Only 1 element in path with support size > maxSuppSize. 
│  Try increasing maxSuppSize to resolve the issue.
└ @ RCall ~/.julia/packages/RCall/JIY9I/src/io.jl:171
┌ Warning: RCall.jl: Warning in L0Learn.fit(X_train, y_train, penalty = "L0", lambdaGrid = list(c(lambda_val)),  :
│   Warning! Only 1 element in path with support size > maxSuppSize. 
│  Try increasing maxSuppSize to resolve the issue.
└ @ RCall ~/.julia/packages/RCall/JIY9I/src/io.jl:171
┌ Warning: RCall.jl: Warning in L0Learn.fit(X_train, y_train, penalty = "L0", lambdaGrid = list(c(lambda_val)),  :
│   Warning! Only 1 element in path with support size > maxSuppSize. 
│  Try increasing maxSuppSize to resolve the issue.
└ @ RCall ~/.julia/packages/RCall/JIY9I/src/io.jl:171
┌ Warning: RCall.jl: Warning in L0Learn.fit(X_train, y_train, penalty = "L0", lambdaGrid = list(c(lambda_val)),  :
│   Warning! Only 1 element in path with support size > maxSuppSize. 
│  Try increasing maxSuppSize to resolve the issue.
└ @ RCall ~/.julia/packages/RCall/JIY9I/src/io.jl:171
┌ Warning: RCall.jl: Warning in L0Learn.fit(X_train, y_train, penalty = "L0", lambdaGrid = list(c(lambda_val)),  :
│   Warning! Only 1 element in path with support size > maxSuppSize. 
│  Try increasing maxSuppSize to resolve the issue.
└ @ RCall ~/.julia/packages/RCall/JIY9I/src/io.jl:171
┌ Warning: RCall.jl: Warning in L0Learn.fit(X_train, y_train, penalty = "L0", lambdaGrid = list(c(lambda_val)),  :
│   Warning! Only 1 element in path with support size > maxSuppSize. 
│  Try increasing maxSuppSize to resolve the issue.
└ @ RCall ~/.julia/packages/RCall/JIY9I/src/io.jl:171
┌ Warning: RCall.jl: Warning in L0Learn.fit(X_train, y_train, penalty = "L0", lambdaGrid = list(c(lambda_val)),  :
│   Warning! Only 1 element in path with support size > maxSuppSize. 
│  Try increasing maxSuppSize to resolve the issue.
└ @ RCall ~/.julia/packages/RCall/JIY9I/src/io.jl:171
┌ Warning: RCall.jl: Warning in L0Learn.fit(X_train, y_train, penalty = "L0", lambdaGrid = list(c(lambda_val)),  :
│   Warning! Only 1 element in path with support size > maxSuppSize. 
│  Try increasing maxSuppSize to resolve the issue.
└ @ RCall ~/.julia/packages/RCall/JIY9I/src/io.jl:171
[ Info: Trial 9/10 completed
┌ Warning: RCall.jl: Warning in L0Learn.fit(X_train, y_train, penalty = "L0", lambdaGrid = list(c(lambda_val)),  :
│   Warning! Only 1 element in path with support size > maxSuppSize. 
│  Try increasing maxSuppSize to resolve the issue.
└ @ RCall ~/.julia/packages/RCall/JIY9I/src/io.jl:171
┌ Warning: RCall.jl: Warning in L0Learn.fit(X_train, y_train, penalty = "L0", lambdaGrid = list(c(lambda_val)),  :
│   Warning! Only 1 element in path with support size > maxSuppSize. 
│  Try increasing maxSuppSize to resolve the issue.
└ @ RCall ~/.julia/packages/RCall/JIY9I/src/io.jl:171
┌ Warning: RCall.jl: Warning in L0Learn.fit(X_train, y_train, penalty = "L0", lambdaGrid = list(c(lambda_val)),  :
│   Warning! Only 1 element in path with support size > maxSuppSize. 
│  Try increasing maxSuppSize to resolve the issue.
└ @ RCall ~/.julia/packages/RCall/JIY9I/src/io.jl:171
┌ Warning: RCall.jl: Warning in L0Learn.fit(X_train, y_train, penalty = "L0", lambdaGrid = list(c(lambda_val)),  :
│   Warning! Only 1 element in path with support size > maxSuppSize. 
│  Try increasing maxSuppSize to resolve the issue.
└ @ RCall ~/.julia/packages/RCall/JIY9I/src/io.jl:171
┌ Warning: RCall.jl: Warning in L0Learn.fit(X_train, y_train, penalty = "L0", lambdaGrid = list(c(lambda_val)),  :
│   Warning! Only 1 element in path with support size > maxSuppSize. 
│  Try increasing maxSuppSize to resolve the issue.
└ @ RCall ~/.julia/packages/RCall/JIY9I/src/io.jl:171
┌ Warning: RCall.jl: Warning in L0Learn.fit(X_train, y_train, penalty = "L0", lambdaGrid = list(c(lambda_val)),  :
│   Warning! Only 1 element in path with support size > maxSuppSize. 
│  Try increasing maxSuppSize to resolve the issue.
└ @ RCall ~/.julia/packages/RCall/JIY9I/src/io.jl:171
┌ Warning: RCall.jl: Warning in L0Learn.fit(X_train, y_train, penalty = "L0", lambdaGrid = list(c(lambda_val)),  :
│   Warning! Only 1 element in path with support size > maxSuppSize. 
│  Try increasing maxSuppSize to resolve the issue.
└ @ RCall ~/.julia/packages/RCall/JIY9I/src/io.jl:171
┌ Warning: RCall.jl: Warning in L0Learn.fit(X_train, y_train, penalty = "L0", lambdaGrid = list(c(lambda_val)),  :
│   Warning! Only 1 element in path with support size > maxSuppSize. 
│  Try increasing maxSuppSize to resolve the issue.
└ @ RCall ~/.julia/packages/RCall/JIY9I/src/io.jl:171
┌ Warning: RCall.jl: Warning in L0Learn.fit(X_train, y_train, penalty = "L0", lambdaGrid = list(c(lambda_val)),  :
│   Warning! Only 1 element in path with support size > maxSuppSize. 
│  Try increasing maxSuppSize to resolve the issue.
└ @ RCall ~/.julia/packages/RCall/JIY9I/src/io.jl:171
┌ Warning: RCall.jl: Warning in L0Learn.fit(X_train, y_train, penalty = "L0", lambdaGrid = list(c(lambda_val)),  :
│   Warning! Only 1 element in path with support size > maxSuppSize. 
│  Try increasing maxSuppSize to resolve the issue.
└ @ RCall ~/.julia/packages/RCall/JIY9I/src/io.jl:171
┌ Warning: RCall.jl: Warning in L0Learn.fit(X_train, y_train, penalty = "L0", lambdaGrid = list(c(lambda_val)),  :
│   Warning! Only 1 element in path with support size > maxSuppSize. 
│  Try increasing maxSuppSize to resolve the issue.
└ @ RCall ~/.julia/packages/RCall/JIY9I/src/io.jl:171
┌ Warning: RCall.jl: Warning in L0Learn.fit(X_train, y_train, penalty = "L0", lambdaGrid = list(c(lambda_val)),  :
│   Warning! Only 1 element in path with support size > maxSuppSize. 
│  Try increasing maxSuppSize to resolve the issue.
└ @ RCall ~/.julia/packages/RCall/JIY9I/src/io.jl:171
┌ Warning: RCall.jl: Warning in L0Learn.fit(X_train, y_train, penalty = "L0", lambdaGrid = list(c(lambda_val)),  :
│   Warning! Only 1 element in path with support size > maxSuppSize. 
│  Try increasing maxSuppSize to resolve the issue.
└ @ RCall ~/.julia/packages/RCall/JIY9I/src/io.jl:171
┌ Warning: RCall.jl: Warning in L0Learn.fit(X_train, y_train, penalty = "L0", lambdaGrid = list(c(lambda_val)),  :
│   Warning! Only 1 element in path with support size > maxSuppSize. 
│  Try increasing maxSuppSize to resolve the issue.
└ @ RCall ~/.julia/packages/RCall/JIY9I/src/io.jl:171
┌ Warning: RCall.jl: Warning in L0Learn.fit(X_train, y_train, penalty = "L0", lambdaGrid = list(c(lambda_val)),  :
│   Warning! Only 1 element in path with support size > maxSuppSize. 
│  Try increasing maxSuppSize to resolve the issue.
└ @ RCall ~/.julia/packages/RCall/JIY9I/src/io.jl:171
┌ Warning: RCall.jl: Warning in L0Learn.fit(X_train, y_train, penalty = "L0", lambdaGrid = list(c(lambda_val)),  :
│   Warning! Only 1 element in path with support size > maxSuppSize. 
│  Try increasing maxSuppSize to resolve the issue.
└ @ RCall ~/.julia/packages/RCall/JIY9I/src/io.jl:171
┌ Warning: RCall.jl: Warning in L0Learn.fit(X_train, y_train, penalty = "L0", lambdaGrid = list(c(lambda_val)),  :
│   Warning! Only 1 element in path with support size > maxSuppSize. 
│  Try increasing maxSuppSize to resolve the issue.
└ @ RCall ~/.julia/packages/RCall/JIY9I/src/io.jl:171
┌ Warning: RCall.jl: Warning in L0Learn.fit(X_train, y_train, penalty = "L0", lambdaGrid = list(c(lambda_val)),  :
│   Warning! Only 1 element in path with support size > maxSuppSize. 
│  Try increasing maxSuppSize to resolve the issue.
└ @ RCall ~/.julia/packages/RCall/JIY9I/src/io.jl:171
┌ Warning: RCall.jl: Warning in L0Learn.fit(X_train, y_train, penalty = "L0", lambdaGrid = list(c(lambda_val)),  :
│   Warning! Only 1 element in path with support size > maxSuppSize. 
│  Try increasing maxSuppSize to resolve the issue.
└ @ RCall ~/.julia/packages/RCall/JIY9I/src/io.jl:171
┌ Warning: RCall.jl: Warning in L0Learn.fit(X_train, y_train, penalty = "L0", lambdaGrid = list(c(lambda_val)),  :
│   Warning! Only 1 element in path with support size > maxSuppSize. 
│  Try increasing maxSuppSize to resolve the issue.
└ @ RCall ~/.julia/packages/RCall/JIY9I/src/io.jl:171
[ Info: Trial 10/10 completed
[ Info: Completed n=400 in 203.9s
┌ Info: Sample size n=600
└   progress = "3/10"
┌ Warning: RCall.jl: Warning in L0Learn.fit(X_train, y_train, penalty = "L0", lambdaGrid = list(c(lambda_val)),  :
│   Warning! Only 1 element in path with support size > maxSuppSize. 
│  Try increasing maxSuppSize to resolve the issue.
└ @ RCall ~/.julia/packages/RCall/JIY9I/src/io.jl:171
┌ Warning: RCall.jl: Warning in L0Learn.fit(X_train, y_train, penalty = "L0", lambdaGrid = list(c(lambda_val)),  :
│   Warning! Only 1 element in path with support size > maxSuppSize. 
│  Try increasing maxSuppSize to resolve the issue.
└ @ RCall ~/.julia/packages/RCall/JIY9I/src/io.jl:171
┌ Warning: RCall.jl: Warning in L0Learn.fit(X_train, y_train, penalty = "L0", lambdaGrid = list(c(lambda_val)),  :
│   Warning! Only 1 element in path with support size > maxSuppSize. 
│  Try increasing maxSuppSize to resolve the issue.
└ @ RCall ~/.julia/packages/RCall/JIY9I/src/io.jl:171
┌ Warning: RCall.jl: Warning in L0Learn.fit(X_train, y_train, penalty = "L0", lambdaGrid = list(c(lambda_val)),  :
│   Warning! Only 1 element in path with support size > maxSuppSize. 
│  Try increasing maxSuppSize to resolve the issue.
└ @ RCall ~/.julia/packages/RCall/JIY9I/src/io.jl:171
"CDSS" = "CDSS"
SUP = 1873.0
Pred = 0.18340828420231411
Sim = 0.053390282968499736
Infv = 1.6379121033987356
round(elapsed, digits = 2) = 10.45
"CDSS (β-only)" = "CDSS (β-only)"
SUP = 443.0
Pred = 0.1835165341426048
Sim = 0.1489841986455982
Infv = 1.3854839545520083
round(elapsed, digits = 2) = 9.5
refinement_change = 0.004233547533056375
"SPGpCDSS" = "SPGpCDSS"
SUP = 98.0
Pred = 0.12308957811017747
Sim = 0.97
Infv = 1.0
round(elapsed, digits = 2) = 0.65
spgpcdss_chose_beta = true
"L0Learn" = "L0Learn"
supp_l0 = 50
predval_l0 = 0.4357570942926816
sim_l0 = 0.27
inf_l0 = 1.3939321030018255
round(elapsed, digits = 2) = 0.1
"L0Learn+PSI1" = "L0Learn+PSI1"
SUP = 108.0
Pred = 0.1177015549478181
Sim = 0.9259259259259259
Infv = 0.5632051614281114
round(elapsed, digits = 2) = 15.42
"CDSS" = "CDSS"
SUP = 100.0
Pred = 0.10196289285980742
Sim = 1.0
Infv = 0.29283253060445946
round(elapsed, digits = 2) = 11.3
"CDSS (β-only)" = "CDSS (β-only)"
SUP = 100.0
Pred = 0.10196289285980742
Sim = 1.0
Infv = 0.29283253060445946
round(elapsed, digits = 2) = 11.39
refinement_change = 3.4742145109816e-5
"SPGpCDSS" = "SPGpCDSS"
SUP = 397.0
Pred = 0.16724639399731728
Sim = 0.2216624685138539
Infv = 1.0
round(elapsed, digits = 2) = 4.27
spgpcdss_chose_beta = true
"L0Learn" = "L0Learn"
supp_l0 = 50
predval_l0 = 0.43106058814142345
sim_l0 = 0.28
inf_l0 = 1.6925069927039182
round(elapsed, digits = 2) = 0.08
"L0Learn+PSI1" = "L0Learn+PSI1"
SUP = 100.0
Pred = 0.10195826362834239
Sim = 1.0
Infv = 0.2929533694433295
round(elapsed, digits = 2) = 9.26
"CDSS" = "CDSS"
SUP = 102.0
Pred = 0.11692570841660012
Sim = 0.9803921568627451
Infv = 0.5234566070398813
round(elapsed, digits = 2) = 8.99
"CDSS (β-only)" = "CDSS (β-only)"
SUP = 102.0
Pred = 0.11692570841660012
Sim = 0.9803921568627451
Infv = 0.5234566070398813
round(elapsed, digits = 2) = 9.9
refinement_change = 4.927499653775731e-5
"SPGpCDSS" = "SPGpCDSS"
SUP = 392.0
Pred = 0.18446796374272642
Sim = 0.22959183673469388
Infv = 1.0
round(elapsed, digits = 2) = 3.42
spgpcdss_chose_beta = true
"L0Learn" = "L0Learn"
supp_l0 = 49
predval_l0 = 0.4286347799936641
sim_l0 = 0.4
inf_l0 = 1.4518104945683619
round(elapsed, digits = 2) = 0.12
"L0Learn+PSI1" = "L0Learn+PSI1"
SUP = 100.0
Pred = 0.11481392479674883
Sim = 1.0
Infv = 0.42637056758804004
round(elapsed, digits = 2) = 15.32
┌ Warning: RCall.jl: Warning in L0Learn.fit(X_train, y_train, penalty = "L0", lambdaGrid = list(c(lambda_val)),  :
│   Warning! Only 1 element in path with support size > maxSuppSize. 
│  Try increasing maxSuppSize to resolve the issue.
└ @ RCall ~/.julia/packages/RCall/JIY9I/src/io.jl:171
┌ Warning: RCall.jl: Warning in L0Learn.fit(X_train, y_train, penalty = "L0", lambdaGrid = list(c(lambda_val)),  :
│   Warning! Only 1 element in path with support size > maxSuppSize. 
│  Try increasing maxSuppSize to resolve the issue.
└ @ RCall ~/.julia/packages/RCall/JIY9I/src/io.jl:171
┌ Warning: RCall.jl: Warning in L0Learn.fit(X_train, y_train, penalty = "L0", lambdaGrid = list(c(lambda_val)),  :
│   Warning! Only 1 element in path with support size > maxSuppSize. 
│  Try increasing maxSuppSize to resolve the issue.
└ @ RCall ~/.julia/packages/RCall/JIY9I/src/io.jl:171
┌ Warning: RCall.jl: Warning in L0Learn.fit(X_train, y_train, penalty = "L0", lambdaGrid = list(c(lambda_val)),  :
│   Warning! Only 1 element in path with support size > maxSuppSize. 
│  Try increasing maxSuppSize to resolve the issue.
└ @ RCall ~/.julia/packages/RCall/JIY9I/src/io.jl:171
┌ Warning: RCall.jl: Warning in L0Learn.fit(X_train, y_train, penalty = "L0", lambdaGrid = list(c(lambda_val)),  :
│   Warning! Only 1 element in path with support size > maxSuppSize. 
│  Try increasing maxSuppSize to resolve the issue.
└ @ RCall ~/.julia/packages/RCall/JIY9I/src/io.jl:171
┌ Warning: RCall.jl: Warning in L0Learn.fit(X_train, y_train, penalty = "L0", lambdaGrid = list(c(lambda_val)),  :
│   Warning! Only 1 element in path with support size > maxSuppSize. 
│  Try increasing maxSuppSize to resolve the issue.
└ @ RCall ~/.julia/packages/RCall/JIY9I/src/io.jl:171
┌ Warning: RCall.jl: Warning in L0Learn.fit(X_train, y_train, penalty = "L0", lambdaGrid = list(c(lambda_val)),  :
│   Warning! Only 1 element in path with support size > maxSuppSize. 
│  Try increasing maxSuppSize to resolve the issue.
└ @ RCall ~/.julia/packages/RCall/JIY9I/src/io.jl:171
┌ Warning: RCall.jl: Warning in L0Learn.fit(X_train, y_train, penalty = "L0", lambdaGrid = list(c(lambda_val)),  :
│   Warning! Only 1 element in path with support size > maxSuppSize. 
│  Try increasing maxSuppSize to resolve the issue.
└ @ RCall ~/.julia/packages/RCall/JIY9I/src/io.jl:171
┌ Warning: RCall.jl: Warning in L0Learn.fit(X_train, y_train, penalty = "L0", lambdaGrid = list(c(lambda_val)),  :
│   Warning! Only 1 element in path with support size > maxSuppSize. 
│  Try increasing maxSuppSize to resolve the issue.
└ @ RCall ~/.julia/packages/RCall/JIY9I/src/io.jl:171
┌ Warning: RCall.jl: Warning in L0Learn.fit(X_train, y_train, penalty = "L0", lambdaGrid = list(c(lambda_val)),  :
│   Warning! Only 1 element in path with support size > maxSuppSize. 
│  Try increasing maxSuppSize to resolve the issue.
└ @ RCall ~/.julia/packages/RCall/JIY9I/src/io.jl:171
┌ Warning: RCall.jl: Warning in L0Learn.fit(X_train, y_train, penalty = "L0", lambdaGrid = list(c(lambda_val)),  :
│   Warning! Only 1 element in path with support size > maxSuppSize. 
│  Try increasing maxSuppSize to resolve the issue.
└ @ RCall ~/.julia/packages/RCall/JIY9I/src/io.jl:171
┌ Warning: RCall.jl: Warning in L0Learn.fit(X_train, y_train, penalty = "L0", lambdaGrid = list(c(lambda_val)),  :
│   Warning! Only 1 element in path with support size > maxSuppSize. 
│  Try increasing maxSuppSize to resolve the issue.
└ @ RCall ~/.julia/packages/RCall/JIY9I/src/io.jl:171
┌ Warning: RCall.jl: Warning in L0Learn.fit(X_train, y_train, penalty = "L0", lambdaGrid = list(c(lambda_val)),  :
│   Warning! Only 1 element in path with support size > maxSuppSize. 
│  Try increasing maxSuppSize to resolve the issue.
└ @ RCall ~/.julia/packages/RCall/JIY9I/src/io.jl:171
┌ Warning: RCall.jl: Warning in L0Learn.fit(X_train, y_train, penalty = "L0", lambdaGrid = list(c(lambda_val)),  :
│   Warning! Only 1 element in path with support size > maxSuppSize. 
│  Try increasing maxSuppSize to resolve the issue.
└ @ RCall ~/.julia/packages/RCall/JIY9I/src/io.jl:171
┌ Warning: RCall.jl: Warning in L0Learn.fit(X_train, y_train, penalty = "L0", lambdaGrid = list(c(lambda_val)),  :
│   Warning! Only 1 element in path with support size > maxSuppSize. 
│  Try increasing maxSuppSize to resolve the issue.
└ @ RCall ~/.julia/packages/RCall/JIY9I/src/io.jl:171
┌ Warning: RCall.jl: Warning in L0Learn.fit(X_train, y_train, penalty = "L0", lambdaGrid = list(c(lambda_val)),  :
│   Warning! Only 1 element in path with support size > maxSuppSize. 
│  Try increasing maxSuppSize to resolve the issue.
└ @ RCall ~/.julia/packages/RCall/JIY9I/src/io.jl:171
┌ Warning: RCall.jl: Warning in L0Learn.fit(X_train, y_train, penalty = "L0", lambdaGrid = list(c(lambda_val)),  :
│   Warning! Only 1 element in path with support size > maxSuppSize. 
│  Try increasing maxSuppSize to resolve the issue.
└ @ RCall ~/.julia/packages/RCall/JIY9I/src/io.jl:171
┌ Warning: RCall.jl: Warning in L0Learn.fit(X_train, y_train, penalty = "L0", lambdaGrid = list(c(lambda_val)),  :
│   Warning! Only 1 element in path with support size > maxSuppSize. 
│  Try increasing maxSuppSize to resolve the issue.
└ @ RCall ~/.julia/packages/RCall/JIY9I/src/io.jl:171
┌ Warning: RCall.jl: Warning in L0Learn.fit(X_train, y_train, penalty = "L0", lambdaGrid = list(c(lambda_val)),  :
│   Warning! Only 1 element in path with support size > maxSuppSize. 
│  Try increasing maxSuppSize to resolve the issue.
└ @ RCall ~/.julia/packages/RCall/JIY9I/src/io.jl:171
┌ Warning: RCall.jl: Warning in L0Learn.fit(X_train, y_train, penalty = "L0", lambdaGrid = list(c(lambda_val)),  :
│   Warning! Only 1 element in path with support size > maxSuppSize. 
│  Try increasing maxSuppSize to resolve the issue.
└ @ RCall ~/.julia/packages/RCall/JIY9I/src/io.jl:171
┌ Warning: RCall.jl: Warning in L0Learn.fit(X_train, y_train, penalty = "L0", lambdaGrid = list(c(lambda_val)),  :
│   Warning! Only 1 element in path with support size > maxSuppSize. 
│  Try increasing maxSuppSize to resolve the issue.
└ @ RCall ~/.julia/packages/RCall/JIY9I/src/io.jl:171
┌ Warning: RCall.jl: Warning in L0Learn.fit(X_train, y_train, penalty = "L0", lambdaGrid = list(c(lambda_val)),  :
│   Warning! Only 1 element in path with support size > maxSuppSize. 
│  Try increasing maxSuppSize to resolve the issue.
└ @ RCall ~/.julia/packages/RCall/JIY9I/src/io.jl:171
┌ Warning: RCall.jl: Warning in L0Learn.fit(X_train, y_train, penalty = "L0", lambdaGrid = list(c(lambda_val)),  :
│   Warning! Only 1 element in path with support size > maxSuppSize. 
│  Try increasing maxSuppSize to resolve the issue.
└ @ RCall ~/.julia/packages/RCall/JIY9I/src/io.jl:171
┌ Warning: RCall.jl: Warning in L0Learn.fit(X_train, y_train, penalty = "L0", lambdaGrid = list(c(lambda_val)),  :
│   Warning! Only 1 element in path with support size > maxSuppSize. 
│  Try increasing maxSuppSize to resolve the issue.
└ @ RCall ~/.julia/packages/RCall/JIY9I/src/io.jl:171
┌ Warning: RCall.jl: Warning in L0Learn.fit(X_train, y_train, penalty = "L0", lambdaGrid = list(c(lambda_val)),  :
│   Warning! Only 1 element in path with support size > maxSuppSize. 
│  Try increasing maxSuppSize to resolve the issue.
└ @ RCall ~/.julia/packages/RCall/JIY9I/src/io.jl:171
┌ Warning: RCall.jl: Warning in L0Learn.fit(X_train, y_train, penalty = "L0", lambdaGrid = list(c(lambda_val)),  :
│   Warning! Only 1 element in path with support size > maxSuppSize. 
│  Try increasing maxSuppSize to resolve the issue.
└ @ RCall ~/.julia/packages/RCall/JIY9I/src/io.jl:171
┌ Warning: RCall.jl: Warning in L0Learn.fit(X_train, y_train, penalty = "L0", lambdaGrid = list(c(lambda_val)),  :
│   Warning! Only 1 element in path with support size > maxSuppSize. 
│  Try increasing maxSuppSize to resolve the issue.
└ @ RCall ~/.julia/packages/RCall/JIY9I/src/io.jl:171
┌ Warning: RCall.jl: Warning in L0Learn.fit(X_train, y_train, penalty = "L0", lambdaGrid = list(c(lambda_val)),  :
│   Warning! Only 1 element in path with support size > maxSuppSize. 
│  Try increasing maxSuppSize to resolve the issue.
└ @ RCall ~/.julia/packages/RCall/JIY9I/src/io.jl:171
┌ Warning: RCall.jl: Warning in L0Learn.fit(X_train, y_train, penalty = "L0", lambdaGrid = list(c(lambda_val)),  :
│   Warning! Only 1 element in path with support size > maxSuppSize. 
│  Try increasing maxSuppSize to resolve the issue.
└ @ RCall ~/.julia/packages/RCall/JIY9I/src/io.jl:171
┌ Warning: RCall.jl: Warning in L0Learn.fit(X_train, y_train, penalty = "L0", lambdaGrid = list(c(lambda_val)),  :
│   Warning! Only 1 element in path with support size > maxSuppSize. 
│  Try increasing maxSuppSize to resolve the issue.
└ @ RCall ~/.julia/packages/RCall/JIY9I/src/io.jl:171
[ Info: Trial 1/10 completed
┌ Warning: RCall.jl: Warning in L0Learn.fit(X_train, y_train, penalty = "L0", lambdaGrid = list(c(lambda_val)),  :
│   Warning! Only 1 element in path with support size > maxSuppSize. 
│  Try increasing maxSuppSize to resolve the issue.
└ @ RCall ~/.julia/packages/RCall/JIY9I/src/io.jl:171
┌ Warning: RCall.jl: Warning in L0Learn.fit(X_train, y_train, penalty = "L0", lambdaGrid = list(c(lambda_val)),  :
│   Warning! Only 1 element in path with support size > maxSuppSize. 
│  Try increasing maxSuppSize to resolve the issue.
└ @ RCall ~/.julia/packages/RCall/JIY9I/src/io.jl:171
┌ Warning: RCall.jl: Warning in L0Learn.fit(X_train, y_train, penalty = "L0", lambdaGrid = list(c(lambda_val)),  :
│   Warning! Only 1 element in path with support size > maxSuppSize. 
│  Try increasing maxSuppSize to resolve the issue.
└ @ RCall ~/.julia/packages/RCall/JIY9I/src/io.jl:171
┌ Warning: RCall.jl: Warning in L0Learn.fit(X_train, y_train, penalty = "L0", lambdaGrid = list(c(lambda_val)),  :
│   Warning! Only 1 element in path with support size > maxSuppSize. 
│  Try increasing maxSuppSize to resolve the issue.
└ @ RCall ~/.julia/packages/RCall/JIY9I/src/io.jl:171
┌ Warning: RCall.jl: Warning in L0Learn.fit(X_train, y_train, penalty = "L0", lambdaGrid = list(c(lambda_val)),  :
│   Warning! Only 1 element in path with support size > maxSuppSize. 
│  Try increasing maxSuppSize to resolve the issue.
└ @ RCall ~/.julia/packages/RCall/JIY9I/src/io.jl:171
┌ Warning: RCall.jl: Warning in L0Learn.fit(X_train, y_train, penalty = "L0", lambdaGrid = list(c(lambda_val)),  :
│   Warning! Only 1 element in path with support size > maxSuppSize. 
│  Try increasing maxSuppSize to resolve the issue.
└ @ RCall ~/.julia/packages/RCall/JIY9I/src/io.jl:171
┌ Warning: RCall.jl: Warning in L0Learn.fit(X_train, y_train, penalty = "L0", lambdaGrid = list(c(lambda_val)),  :
│   Warning! Only 1 element in path with support size > maxSuppSize. 
│  Try increasing maxSuppSize to resolve the issue.
└ @ RCall ~/.julia/packages/RCall/JIY9I/src/io.jl:171
┌ Warning: RCall.jl: Warning in L0Learn.fit(X_train, y_train, penalty = "L0", lambdaGrid = list(c(lambda_val)),  :
│   Warning! Only 1 element in path with support size > maxSuppSize. 
│  Try increasing maxSuppSize to resolve the issue.
└ @ RCall ~/.julia/packages/RCall/JIY9I/src/io.jl:171
┌ Warning: RCall.jl: Warning in L0Learn.fit(X_train, y_train, penalty = "L0", lambdaGrid = list(c(lambda_val)),  :
│   Warning! Only 1 element in path with support size > maxSuppSize. 
│  Try increasing maxSuppSize to resolve the issue.
└ @ RCall ~/.julia/packages/RCall/JIY9I/src/io.jl:171
┌ Warning: RCall.jl: Warning in L0Learn.fit(X_train, y_train, penalty = "L0", lambdaGrid = list(c(lambda_val)),  :
│   Warning! Only 1 element in path with support size > maxSuppSize. 
│  Try increasing maxSuppSize to resolve the issue.
└ @ RCall ~/.julia/packages/RCall/JIY9I/src/io.jl:171
┌ Warning: RCall.jl: Warning in L0Learn.fit(X_train, y_train, penalty = "L0", lambdaGrid = list(c(lambda_val)),  :
│   Warning! Only 1 element in path with support size > maxSuppSize. 
│  Try increasing maxSuppSize to resolve the issue.
└ @ RCall ~/.julia/packages/RCall/JIY9I/src/io.jl:171
┌ Warning: RCall.jl: Warning in L0Learn.fit(X_train, y_train, penalty = "L0", lambdaGrid = list(c(lambda_val)),  :
│   Warning! Only 1 element in path with support size > maxSuppSize. 
│  Try increasing maxSuppSize to resolve the issue.
└ @ RCall ~/.julia/packages/RCall/JIY9I/src/io.jl:171
┌ Warning: RCall.jl: Warning in L0Learn.fit(X_train, y_train, penalty = "L0", lambdaGrid = list(c(lambda_val)),  :
│   Warning! Only 1 element in path with support size > maxSuppSize. 
│  Try increasing maxSuppSize to resolve the issue.
└ @ RCall ~/.julia/packages/RCall/JIY9I/src/io.jl:171
┌ Warning: RCall.jl: Warning in L0Learn.fit(X_train, y_train, penalty = "L0", lambdaGrid = list(c(lambda_val)),  :
│   Warning! Only 1 element in path with support size > maxSuppSize. 
│  Try increasing maxSuppSize to resolve the issue.
└ @ RCall ~/.julia/packages/RCall/JIY9I/src/io.jl:171
┌ Warning: RCall.jl: Warning in L0Learn.fit(X_train, y_train, penalty = "L0", lambdaGrid = list(c(lambda_val)),  :
│   Warning! Only 1 element in path with support size > maxSuppSize. 
│  Try increasing maxSuppSize to resolve the issue.
└ @ RCall ~/.julia/packages/RCall/JIY9I/src/io.jl:171
┌ Warning: RCall.jl: Warning in L0Learn.fit(X_train, y_train, penalty = "L0", lambdaGrid = list(c(lambda_val)),  :
│   Warning! Only 1 element in path with support size > maxSuppSize. 
│  Try increasing maxSuppSize to resolve the issue.
└ @ RCall ~/.julia/packages/RCall/JIY9I/src/io.jl:171
┌ Warning: RCall.jl: Warning in L0Learn.fit(X_train, y_train, penalty = "L0", lambdaGrid = list(c(lambda_val)),  :
│   Warning! Only 1 element in path with support size > maxSuppSize. 
│  Try increasing maxSuppSize to resolve the issue.
└ @ RCall ~/.julia/packages/RCall/JIY9I/src/io.jl:171
┌ Warning: RCall.jl: Warning in L0Learn.fit(X_train, y_train, penalty = "L0", lambdaGrid = list(c(lambda_val)),  :
│   Warning! Only 1 element in path with support size > maxSuppSize. 
│  Try increasing maxSuppSize to resolve the issue.
└ @ RCall ~/.julia/packages/RCall/JIY9I/src/io.jl:171
┌ Warning: RCall.jl: Warning in L0Learn.fit(X_train, y_train, penalty = "L0", lambdaGrid = list(c(lambda_val)),  :
│   Warning! Only 1 element in path with support size > maxSuppSize. 
│  Try increasing maxSuppSize to resolve the issue.
└ @ RCall ~/.julia/packages/RCall/JIY9I/src/io.jl:171
┌ Warning: RCall.jl: Warning in L0Learn.fit(X_train, y_train, penalty = "L0", lambdaGrid = list(c(lambda_val)),  :
│   Warning! Only 1 element in path with support size > maxSuppSize. 
│  Try increasing maxSuppSize to resolve the issue.
└ @ RCall ~/.julia/packages/RCall/JIY9I/src/io.jl:171
┌ Warning: RCall.jl: Warning in L0Learn.fit(X_train, y_train, penalty = "L0", lambdaGrid = list(c(lambda_val)),  :
│   Warning! Only 1 element in path with support size > maxSuppSize. 
│  Try increasing maxSuppSize to resolve the issue.
└ @ RCall ~/.julia/packages/RCall/JIY9I/src/io.jl:171
┌ Warning: RCall.jl: Warning in L0Learn.fit(X_train, y_train, penalty = "L0", lambdaGrid = list(c(lambda_val)),  :
│   Warning! Only 1 element in path with support size > maxSuppSize. 
│  Try increasing maxSuppSize to resolve the issue.
└ @ RCall ~/.julia/packages/RCall/JIY9I/src/io.jl:171
┌ Warning: RCall.jl: Warning in L0Learn.fit(X_train, y_train, penalty = "L0", lambdaGrid = list(c(lambda_val)),  :
│   Warning! Only 1 element in path with support size > maxSuppSize. 
│  Try increasing maxSuppSize to resolve the issue.
└ @ RCall ~/.julia/packages/RCall/JIY9I/src/io.jl:171
┌ Warning: RCall.jl: Warning in L0Learn.fit(X_train, y_train, penalty = "L0", lambdaGrid = list(c(lambda_val)),  :
│   Warning! Only 1 element in path with support size > maxSuppSize. 
│  Try increasing maxSuppSize to resolve the issue.
└ @ RCall ~/.julia/packages/RCall/JIY9I/src/io.jl:171
┌ Warning: RCall.jl: Warning in L0Learn.fit(X_train, y_train, penalty = "L0", lambdaGrid = list(c(lambda_val)),  :
│   Warning! Only 1 element in path with support size > maxSuppSize. 
│  Try increasing maxSuppSize to resolve the issue.
└ @ RCall ~/.julia/packages/RCall/JIY9I/src/io.jl:171
┌ Warning: RCall.jl: Warning in L0Learn.fit(X_train, y_train, penalty = "L0", lambdaGrid = list(c(lambda_val)),  :
│   Warning! Only 1 element in path with support size > maxSuppSize. 
│  Try increasing maxSuppSize to resolve the issue.
└ @ RCall ~/.julia/packages/RCall/JIY9I/src/io.jl:171
┌ Warning: RCall.jl: Warning in L0Learn.fit(X_train, y_train, penalty = "L0", lambdaGrid = list(c(lambda_val)),  :
│   Warning! Only 1 element in path with support size > maxSuppSize. 
│  Try increasing maxSuppSize to resolve the issue.
└ @ RCall ~/.julia/packages/RCall/JIY9I/src/io.jl:171
┌ Warning: RCall.jl: Warning in L0Learn.fit(X_train, y_train, penalty = "L0", lambdaGrid = list(c(lambda_val)),  :
│   Warning! Only 1 element in path with support size > maxSuppSize. 
│  Try increasing maxSuppSize to resolve the issue.
└ @ RCall ~/.julia/packages/RCall/JIY9I/src/io.jl:171
┌ Warning: RCall.jl: Warning in L0Learn.fit(X_train, y_train, penalty = "L0", lambdaGrid = list(c(lambda_val)),  :
│   Warning! Only 1 element in path with support size > maxSuppSize. 
│  Try increasing maxSuppSize to resolve the issue.
└ @ RCall ~/.julia/packages/RCall/JIY9I/src/io.jl:171
┌ Warning: RCall.jl: Warning in L0Learn.fit(X_train, y_train, penalty = "L0", lambdaGrid = list(c(lambda_val)),  :
│   Warning! Only 1 element in path with support size > maxSuppSize. 
│  Try increasing maxSuppSize to resolve the issue.
└ @ RCall ~/.julia/packages/RCall/JIY9I/src/io.jl:171
┌ Warning: RCall.jl: Warning in L0Learn.fit(X_train, y_train, penalty = "L0", lambdaGrid = list(c(lambda_val)),  :
│   Warning! Only 1 element in path with support size > maxSuppSize. 
│  Try increasing maxSuppSize to resolve the issue.
└ @ RCall ~/.julia/packages/RCall/JIY9I/src/io.jl:171
┌ Warning: RCall.jl: Warning in L0Learn.fit(X_train, y_train, penalty = "L0", lambdaGrid = list(c(lambda_val)),  :
│   Warning! Only 1 element in path with support size > maxSuppSize. 
│  Try increasing maxSuppSize to resolve the issue.
└ @ RCall ~/.julia/packages/RCall/JIY9I/src/io.jl:171
┌ Warning: RCall.jl: Warning in L0Learn.fit(X_train, y_train, penalty = "L0", lambdaGrid = list(c(lambda_val)),  :
│   Warning! Only 1 element in path with support size > maxSuppSize. 
│  Try increasing maxSuppSize to resolve the issue.
└ @ RCall ~/.julia/packages/RCall/JIY9I/src/io.jl:171
┌ Warning: RCall.jl: Warning in L0Learn.fit(X_train, y_train, penalty = "L0", lambdaGrid = list(c(lambda_val)),  :
│   Warning! Only 1 element in path with support size > maxSuppSize. 
│  Try increasing maxSuppSize to resolve the issue.
└ @ RCall ~/.julia/packages/RCall/JIY9I/src/io.jl:171
┌ Warning: RCall.jl: Warning in L0Learn.fit(X_train, y_train, penalty = "L0", lambdaGrid = list(c(lambda_val)),  :
│   Warning! Only 1 element in path with support size > maxSuppSize. 
│  Try increasing maxSuppSize to resolve the issue.
└ @ RCall ~/.julia/packages/RCall/JIY9I/src/io.jl:171
[ Info: Trial 2/10 completed
┌ Warning: RCall.jl: Warning in L0Learn.fit(X_train, y_train, penalty = "L0", lambdaGrid = list(c(lambda_val)),  :
│   Warning! Only 1 element in path with support size > maxSuppSize. 
│  Try increasing maxSuppSize to resolve the issue.
└ @ RCall ~/.julia/packages/RCall/JIY9I/src/io.jl:171
┌ Warning: RCall.jl: Warning in L0Learn.fit(X_train, y_train, penalty = "L0", lambdaGrid = list(c(lambda_val)),  :
│   Warning! Only 1 element in path with support size > maxSuppSize. 
│  Try increasing maxSuppSize to resolve the issue.
└ @ RCall ~/.julia/packages/RCall/JIY9I/src/io.jl:171
┌ Warning: RCall.jl: Warning in L0Learn.fit(X_train, y_train, penalty = "L0", lambdaGrid = list(c(lambda_val)),  :
│   Warning! Only 1 element in path with support size > maxSuppSize. 
│  Try increasing maxSuppSize to resolve the issue.
└ @ RCall ~/.julia/packages/RCall/JIY9I/src/io.jl:171
┌ Warning: RCall.jl: Warning in L0Learn.fit(X_train, y_train, penalty = "L0", lambdaGrid = list(c(lambda_val)),  :
│   Warning! Only 1 element in path with support size > maxSuppSize. 
│  Try increasing maxSuppSize to resolve the issue.
└ @ RCall ~/.julia/packages/RCall/JIY9I/src/io.jl:171
┌ Warning: RCall.jl: Warning in L0Learn.fit(X_train, y_train, penalty = "L0", lambdaGrid = list(c(lambda_val)),  :
│   Warning! Only 1 element in path with support size > maxSuppSize. 
│  Try increasing maxSuppSize to resolve the issue.
└ @ RCall ~/.julia/packages/RCall/JIY9I/src/io.jl:171
┌ Warning: RCall.jl: Warning in L0Learn.fit(X_train, y_train, penalty = "L0", lambdaGrid = list(c(lambda_val)),  :
│   Warning! Only 1 element in path with support size > maxSuppSize. 
│  Try increasing maxSuppSize to resolve the issue.
└ @ RCall ~/.julia/packages/RCall/JIY9I/src/io.jl:171
┌ Warning: RCall.jl: Warning in L0Learn.fit(X_train, y_train, penalty = "L0", lambdaGrid = list(c(lambda_val)),  :
│   Warning! Only 1 element in path with support size > maxSuppSize. 
│  Try increasing maxSuppSize to resolve the issue.
└ @ RCall ~/.julia/packages/RCall/JIY9I/src/io.jl:171
┌ Warning: RCall.jl: Warning in L0Learn.fit(X_train, y_train, penalty = "L0", lambdaGrid = list(c(lambda_val)),  :
│   Warning! Only 1 element in path with support size > maxSuppSize. 
│  Try increasing maxSuppSize to resolve the issue.
└ @ RCall ~/.julia/packages/RCall/JIY9I/src/io.jl:171
┌ Warning: RCall.jl: Warning in L0Learn.fit(X_train, y_train, penalty = "L0", lambdaGrid = list(c(lambda_val)),  :
│   Warning! Only 1 element in path with support size > maxSuppSize. 
│  Try increasing maxSuppSize to resolve the issue.
└ @ RCall ~/.julia/packages/RCall/JIY9I/src/io.jl:171
┌ Warning: RCall.jl: Warning in L0Learn.fit(X_train, y_train, penalty = "L0", lambdaGrid = list(c(lambda_val)),  :
│   Warning! Only 1 element in path with support size > maxSuppSize. 
│  Try increasing maxSuppSize to resolve the issue.
└ @ RCall ~/.julia/packages/RCall/JIY9I/src/io.jl:171
┌ Warning: RCall.jl: Warning in L0Learn.fit(X_train, y_train, penalty = "L0", lambdaGrid = list(c(lambda_val)),  :
│   Warning! Only 1 element in path with support size > maxSuppSize. 
│  Try increasing maxSuppSize to resolve the issue.
└ @ RCall ~/.julia/packages/RCall/JIY9I/src/io.jl:171
┌ Warning: RCall.jl: Warning in L0Learn.fit(X_train, y_train, penalty = "L0", lambdaGrid = list(c(lambda_val)),  :
│   Warning! Only 1 element in path with support size > maxSuppSize. 
│  Try increasing maxSuppSize to resolve the issue.
└ @ RCall ~/.julia/packages/RCall/JIY9I/src/io.jl:171
┌ Warning: RCall.jl: Warning in L0Learn.fit(X_train, y_train, penalty = "L0", lambdaGrid = list(c(lambda_val)),  :
│   Warning! Only 1 element in path with support size > maxSuppSize. 
│  Try increasing maxSuppSize to resolve the issue.
└ @ RCall ~/.julia/packages/RCall/JIY9I/src/io.jl:171
┌ Warning: RCall.jl: Warning in L0Learn.fit(X_train, y_train, penalty = "L0", lambdaGrid = list(c(lambda_val)),  :
│   Warning! Only 1 element in path with support size > maxSuppSize. 
│  Try increasing maxSuppSize to resolve the issue.
└ @ RCall ~/.julia/packages/RCall/JIY9I/src/io.jl:171
┌ Warning: RCall.jl: Warning in L0Learn.fit(X_train, y_train, penalty = "L0", lambdaGrid = list(c(lambda_val)),  :
│   Warning! Only 1 element in path with support size > maxSuppSize. 
│  Try increasing maxSuppSize to resolve the issue.
└ @ RCall ~/.julia/packages/RCall/JIY9I/src/io.jl:171
┌ Warning: RCall.jl: Warning in L0Learn.fit(X_train, y_train, penalty = "L0", lambdaGrid = list(c(lambda_val)),  :
│   Warning! Only 1 element in path with support size > maxSuppSize. 
│  Try increasing maxSuppSize to resolve the issue.
└ @ RCall ~/.julia/packages/RCall/JIY9I/src/io.jl:171
┌ Warning: RCall.jl: Warning in L0Learn.fit(X_train, y_train, penalty = "L0", lambdaGrid = list(c(lambda_val)),  :
│   Warning! Only 1 element in path with support size > maxSuppSize. 
│  Try increasing maxSuppSize to resolve the issue.
└ @ RCall ~/.julia/packages/RCall/JIY9I/src/io.jl:171
┌ Warning: RCall.jl: Warning in L0Learn.fit(X_train, y_train, penalty = "L0", lambdaGrid = list(c(lambda_val)),  :
│   Warning! Only 1 element in path with support size > maxSuppSize. 
│  Try increasing maxSuppSize to resolve the issue.
└ @ RCall ~/.julia/packages/RCall/JIY9I/src/io.jl:171
┌ Warning: RCall.jl: Warning in L0Learn.fit(X_train, y_train, penalty = "L0", lambdaGrid = list(c(lambda_val)),  :
│   Warning! Only 1 element in path with support size > maxSuppSize. 
│  Try increasing maxSuppSize to resolve the issue.
└ @ RCall ~/.julia/packages/RCall/JIY9I/src/io.jl:171
┌ Warning: RCall.jl: Warning in L0Learn.fit(X_train, y_train, penalty = "L0", lambdaGrid = list(c(lambda_val)),  :
│   Warning! Only 1 element in path with support size > maxSuppSize. 
│  Try increasing maxSuppSize to resolve the issue.
└ @ RCall ~/.julia/packages/RCall/JIY9I/src/io.jl:171
┌ Warning: RCall.jl: Warning in L0Learn.fit(X_train, y_train, penalty = "L0", lambdaGrid = list(c(lambda_val)),  :
│   Warning! Only 1 element in path with support size > maxSuppSize. 
│  Try increasing maxSuppSize to resolve the issue.
└ @ RCall ~/.julia/packages/RCall/JIY9I/src/io.jl:171
┌ Warning: RCall.jl: Warning in L0Learn.fit(X_train, y_train, penalty = "L0", lambdaGrid = list(c(lambda_val)),  :
│   Warning! Only 1 element in path with support size > maxSuppSize. 
│  Try increasing maxSuppSize to resolve the issue.
└ @ RCall ~/.julia/packages/RCall/JIY9I/src/io.jl:171
┌ Warning: RCall.jl: Warning in L0Learn.fit(X_train, y_train, penalty = "L0", lambdaGrid = list(c(lambda_val)),  :
│   Warning! Only 1 element in path with support size > maxSuppSize. 
│  Try increasing maxSuppSize to resolve the issue.
└ @ RCall ~/.julia/packages/RCall/JIY9I/src/io.jl:171
┌ Warning: RCall.jl: Warning in L0Learn.fit(X_train, y_train, penalty = "L0", lambdaGrid = list(c(lambda_val)),  :
│   Warning! Only 1 element in path with support size > maxSuppSize. 
│  Try increasing maxSuppSize to resolve the issue.
└ @ RCall ~/.julia/packages/RCall/JIY9I/src/io.jl:171
┌ Warning: RCall.jl: Warning in L0Learn.fit(X_train, y_train, penalty = "L0", lambdaGrid = list(c(lambda_val)),  :
│   Warning! Only 1 element in path with support size > maxSuppSize. 
│  Try increasing maxSuppSize to resolve the issue.
└ @ RCall ~/.julia/packages/RCall/JIY9I/src/io.jl:171
┌ Warning: RCall.jl: Warning in L0Learn.fit(X_train, y_train, penalty = "L0", lambdaGrid = list(c(lambda_val)),  :
│   Warning! Only 1 element in path with support size > maxSuppSize. 
│  Try increasing maxSuppSize to resolve the issue.
└ @ RCall ~/.julia/packages/RCall/JIY9I/src/io.jl:171
┌ Warning: RCall.jl: Warning in L0Learn.fit(X_train, y_train, penalty = "L0", lambdaGrid = list(c(lambda_val)),  :
│   Warning! Only 1 element in path with support size > maxSuppSize. 
│  Try increasing maxSuppSize to resolve the issue.
└ @ RCall ~/.julia/packages/RCall/JIY9I/src/io.jl:171
┌ Warning: RCall.jl: Warning in L0Learn.fit(X_train, y_train, penalty = "L0", lambdaGrid = list(c(lambda_val)),  :
│   Warning! Only 1 element in path with support size > maxSuppSize. 
│  Try increasing maxSuppSize to resolve the issue.
└ @ RCall ~/.julia/packages/RCall/JIY9I/src/io.jl:171
┌ Warning: RCall.jl: Warning in L0Learn.fit(X_train, y_train, penalty = "L0", lambdaGrid = list(c(lambda_val)),  :
│   Warning! Only 1 element in path with support size > maxSuppSize. 
│  Try increasing maxSuppSize to resolve the issue.
└ @ RCall ~/.julia/packages/RCall/JIY9I/src/io.jl:171
┌ Warning: RCall.jl: Warning in L0Learn.fit(X_train, y_train, penalty = "L0", lambdaGrid = list(c(lambda_val)),  :
│   Warning! Only 1 element in path with support size > maxSuppSize. 
│  Try increasing maxSuppSize to resolve the issue.
└ @ RCall ~/.julia/packages/RCall/JIY9I/src/io.jl:171
┌ Warning: RCall.jl: Warning in L0Learn.fit(X_train, y_train, penalty = "L0", lambdaGrid = list(c(lambda_val)),  :
│   Warning! Only 1 element in path with support size > maxSuppSize. 
│  Try increasing maxSuppSize to resolve the issue.
└ @ RCall ~/.julia/packages/RCall/JIY9I/src/io.jl:171
┌ Warning: RCall.jl: Warning in L0Learn.fit(X_train, y_train, penalty = "L0", lambdaGrid = list(c(lambda_val)),  :
│   Warning! Only 1 element in path with support size > maxSuppSize. 
│  Try increasing maxSuppSize to resolve the issue.
└ @ RCall ~/.julia/packages/RCall/JIY9I/src/io.jl:171
┌ Warning: RCall.jl: Warning in L0Learn.fit(X_train, y_train, penalty = "L0", lambdaGrid = list(c(lambda_val)),  :
│   Warning! Only 1 element in path with support size > maxSuppSize. 
│  Try increasing maxSuppSize to resolve the issue.
└ @ RCall ~/.julia/packages/RCall/JIY9I/src/io.jl:171
┌ Warning: RCall.jl: Warning in L0Learn.fit(X_train, y_train, penalty = "L0", lambdaGrid = list(c(lambda_val)),  :
│   Warning! Only 1 element in path with support size > maxSuppSize. 
│  Try increasing maxSuppSize to resolve the issue.
└ @ RCall ~/.julia/packages/RCall/JIY9I/src/io.jl:171
┌ Warning: RCall.jl: Warning in L0Learn.fit(X_train, y_train, penalty = "L0", lambdaGrid = list(c(lambda_val)),  :
│   Warning! Only 1 element in path with support size > maxSuppSize. 
│  Try increasing maxSuppSize to resolve the issue.
└ @ RCall ~/.julia/packages/RCall/JIY9I/src/io.jl:171
┌ Warning: RCall.jl: Warning in L0Learn.fit(X_train, y_train, penalty = "L0", lambdaGrid = list(c(lambda_val)),  :
│   Warning! Only 1 element in path with support size > maxSuppSize. 
│  Try increasing maxSuppSize to resolve the issue.
└ @ RCall ~/.julia/packages/RCall/JIY9I/src/io.jl:171
[ Info: Trial 3/10 completed
┌ Warning: RCall.jl: Warning in L0Learn.fit(X_train, y_train, penalty = "L0", lambdaGrid = list(c(lambda_val)),  :
│   Warning! Only 1 element in path with support size > maxSuppSize. 
│  Try increasing maxSuppSize to resolve the issue.
└ @ RCall ~/.julia/packages/RCall/JIY9I/src/io.jl:171
┌ Warning: RCall.jl: Warning in L0Learn.fit(X_train, y_train, penalty = "L0", lambdaGrid = list(c(lambda_val)),  :
│   Warning! Only 1 element in path with support size > maxSuppSize. 
│  Try increasing maxSuppSize to resolve the issue.
└ @ RCall ~/.julia/packages/RCall/JIY9I/src/io.jl:171
┌ Warning: RCall.jl: Warning in L0Learn.fit(X_train, y_train, penalty = "L0", lambdaGrid = list(c(lambda_val)),  :
│   Warning! Only 1 element in path with support size > maxSuppSize. 
│  Try increasing maxSuppSize to resolve the issue.
└ @ RCall ~/.julia/packages/RCall/JIY9I/src/io.jl:171
┌ Warning: RCall.jl: Warning in L0Learn.fit(X_train, y_train, penalty = "L0", lambdaGrid = list(c(lambda_val)),  :
│   Warning! Only 1 element in path with support size > maxSuppSize. 
│  Try increasing maxSuppSize to resolve the issue.
└ @ RCall ~/.julia/packages/RCall/JIY9I/src/io.jl:171
┌ Warning: RCall.jl: Warning in L0Learn.fit(X_train, y_train, penalty = "L0", lambdaGrid = list(c(lambda_val)),  :
│   Warning! Only 1 element in path with support size > maxSuppSize. 
│  Try increasing maxSuppSize to resolve the issue.
└ @ RCall ~/.julia/packages/RCall/JIY9I/src/io.jl:171
┌ Warning: RCall.jl: Warning in L0Learn.fit(X_train, y_train, penalty = "L0", lambdaGrid = list(c(lambda_val)),  :
│   Warning! Only 1 element in path with support size > maxSuppSize. 
│  Try increasing maxSuppSize to resolve the issue.
└ @ RCall ~/.julia/packages/RCall/JIY9I/src/io.jl:171
┌ Warning: RCall.jl: Warning in L0Learn.fit(X_train, y_train, penalty = "L0", lambdaGrid = list(c(lambda_val)),  :
│   Warning! Only 1 element in path with support size > maxSuppSize. 
│  Try increasing maxSuppSize to resolve the issue.
└ @ RCall ~/.julia/packages/RCall/JIY9I/src/io.jl:171
┌ Warning: RCall.jl: Warning in L0Learn.fit(X_train, y_train, penalty = "L0", lambdaGrid = list(c(lambda_val)),  :
│   Warning! Only 1 element in path with support size > maxSuppSize. 
│  Try increasing maxSuppSize to resolve the issue.
└ @ RCall ~/.julia/packages/RCall/JIY9I/src/io.jl:171
"CDSS" = "CDSS"
SUP = 100.0
Pred = 0.11289095110361268
Sim = 1.0
Infv = 0.6080086911440747
round(elapsed, digits = 2) = 11.02
"CDSS (β-only)" = "CDSS (β-only)"
SUP = 100.0
Pred = 0.11289201572864835
Sim = 1.0
Infv = 0.6080399216205952
round(elapsed, digits = 2) = 8.7
refinement_change = 2.421757338579087e-5
"SPGpCDSS" = "SPGpCDSS"
SUP = 463.0
Pred = 0.18706841770627794
Sim = 0.1879049676025918
Infv = 1.0
round(elapsed, digits = 2) = 6.24
spgpcdss_chose_beta = true
"L0Learn" = "L0Learn"
supp_l0 = 50
predval_l0 = 0.4408111100411934
sim_l0 = 0.38
inf_l0 = 1.4442677263237231
round(elapsed, digits = 2) = 0.11
"L0Learn+PSI1" = "L0Learn+PSI1"
SUP = 100.0
Pred = 0.12215275267273
Sim = 0.99
Infv = 1.0
round(elapsed, digits = 2) = 14.92
"CDSS" = "CDSS"
SUP = 108.0
Pred = 0.11404476971945215
Sim = 0.9259259259259259
Infv = 0.5289669889383039
round(elapsed, digits = 2) = 12.91
"CDSS (β-only)" = "CDSS (β-only)"
SUP = 108.0
Pred = 0.11404476971945215
Sim = 0.9259259259259259
Infv = 0.5289669889383039
round(elapsed, digits = 2) = 10.06
refinement_change = 4.2024657975560094e-5
"SPGpCDSS" = "SPGpCDSS"
SUP = 101.0
Pred = 0.10371159666017354
Sim = 0.9900990099009901
Infv = 0.50919076452808
round(elapsed, digits = 2) = 0.7
spgpcdss_chose_beta = true
"L0Learn" = "L0Learn"
supp_l0 = 49
predval_l0 = 0.39345686761018256
sim_l0 = 0.37
inf_l0 = 1.3176155606930495
round(elapsed, digits = 2) = 0.09
"L0Learn+PSI1" = "L0Learn+PSI1"
SUP = 101.0
Pred = 0.10238987650249158
Sim = 0.9900990099009901
Infv = 0.48006474080685746
round(elapsed, digits = 2) = 9.67
"CDSS" = "CDSS"
SUP = 100.0
Pred = 0.10189425488829529
Sim = 1.0
Infv = 0.4079530180400154
round(elapsed, digits = 2) = 9.08
"CDSS (β-only)" = "CDSS (β-only)"
SUP = 101.0
Pred = 0.1038316930739563
Sim = 0.9801980198019802
Infv = 1.0
round(elapsed, digits = 2) = 11.02
refinement_change = 6.860304913267561e-5
"SPGpCDSS" = "SPGpCDSS"
SUP = 138.0
Pred = 0.12927602205902236
Sim = 0.717391304347826
Infv = 1.0
round(elapsed, digits = 2) = 0.65
spgpcdss_chose_beta = true
"L0Learn" = "L0Learn"
supp_l0 = 49
predval_l0 = 0.3791814605102758
sim_l0 = 0.39
inf_l0 = 1.638555805180286
round(elapsed, digits = 2) = 0.08
"L0Learn+PSI1" = "L0Learn+PSI1"
SUP = 104.0
Pred = 0.115139434833885
Sim = 0.9326923076923077
Infv = 1.0
round(elapsed, digits = 2) = 11.01
┌ Warning: RCall.jl: Warning in L0Learn.fit(X_train, y_train, penalty = "L0", lambdaGrid = list(c(lambda_val)),  :
│   Warning! Only 1 element in path with support size > maxSuppSize. 
│  Try increasing maxSuppSize to resolve the issue.
└ @ RCall ~/.julia/packages/RCall/JIY9I/src/io.jl:171
┌ Warning: RCall.jl: Warning in L0Learn.fit(X_train, y_train, penalty = "L0", lambdaGrid = list(c(lambda_val)),  :
│   Warning! Only 1 element in path with support size > maxSuppSize. 
│  Try increasing maxSuppSize to resolve the issue.
└ @ RCall ~/.julia/packages/RCall/JIY9I/src/io.jl:171
┌ Warning: RCall.jl: Warning in L0Learn.fit(X_train, y_train, penalty = "L0", lambdaGrid = list(c(lambda_val)),  :
│   Warning! Only 1 element in path with support size > maxSuppSize. 
│  Try increasing maxSuppSize to resolve the issue.
└ @ RCall ~/.julia/packages/RCall/JIY9I/src/io.jl:171
┌ Warning: RCall.jl: Warning in L0Learn.fit(X_train, y_train, penalty = "L0", lambdaGrid = list(c(lambda_val)),  :
│   Warning! Only 1 element in path with support size > maxSuppSize. 
│  Try increasing maxSuppSize to resolve the issue.
└ @ RCall ~/.julia/packages/RCall/JIY9I/src/io.jl:171
┌ Warning: RCall.jl: Warning in L0Learn.fit(X_train, y_train, penalty = "L0", lambdaGrid = list(c(lambda_val)),  :
│   Warning! Only 1 element in path with support size > maxSuppSize. 
│  Try increasing maxSuppSize to resolve the issue.
└ @ RCall ~/.julia/packages/RCall/JIY9I/src/io.jl:171
┌ Warning: RCall.jl: Warning in L0Learn.fit(X_train, y_train, penalty = "L0", lambdaGrid = list(c(lambda_val)),  :
│   Warning! Only 1 element in path with support size > maxSuppSize. 
│  Try increasing maxSuppSize to resolve the issue.
└ @ RCall ~/.julia/packages/RCall/JIY9I/src/io.jl:171
┌ Warning: RCall.jl: Warning in L0Learn.fit(X_train, y_train, penalty = "L0", lambdaGrid = list(c(lambda_val)),  :
│   Warning! Only 1 element in path with support size > maxSuppSize. 
│  Try increasing maxSuppSize to resolve the issue.
└ @ RCall ~/.julia/packages/RCall/JIY9I/src/io.jl:171
┌ Warning: RCall.jl: Warning in L0Learn.fit(X_train, y_train, penalty = "L0", lambdaGrid = list(c(lambda_val)),  :
│   Warning! Only 1 element in path with support size > maxSuppSize. 
│  Try increasing maxSuppSize to resolve the issue.
└ @ RCall ~/.julia/packages/RCall/JIY9I/src/io.jl:171
┌ Warning: RCall.jl: Warning in L0Learn.fit(X_train, y_train, penalty = "L0", lambdaGrid = list(c(lambda_val)),  :
│   Warning! Only 1 element in path with support size > maxSuppSize. 
│  Try increasing maxSuppSize to resolve the issue.
└ @ RCall ~/.julia/packages/RCall/JIY9I/src/io.jl:171
┌ Warning: RCall.jl: Warning in L0Learn.fit(X_train, y_train, penalty = "L0", lambdaGrid = list(c(lambda_val)),  :
│   Warning! Only 1 element in path with support size > maxSuppSize. 
│  Try increasing maxSuppSize to resolve the issue.
└ @ RCall ~/.julia/packages/RCall/JIY9I/src/io.jl:171
┌ Warning: RCall.jl: Warning in L0Learn.fit(X_train, y_train, penalty = "L0", lambdaGrid = list(c(lambda_val)),  :
│   Warning! Only 1 element in path with support size > maxSuppSize. 
│  Try increasing maxSuppSize to resolve the issue.
└ @ RCall ~/.julia/packages/RCall/JIY9I/src/io.jl:171
┌ Warning: RCall.jl: Warning in L0Learn.fit(X_train, y_train, penalty = "L0", lambdaGrid = list(c(lambda_val)),  :
│   Warning! Only 1 element in path with support size > maxSuppSize. 
│  Try increasing maxSuppSize to resolve the issue.
└ @ RCall ~/.julia/packages/RCall/JIY9I/src/io.jl:171
┌ Warning: RCall.jl: Warning in L0Learn.fit(X_train, y_train, penalty = "L0", lambdaGrid = list(c(lambda_val)),  :
│   Warning! Only 1 element in path with support size > maxSuppSize. 
│  Try increasing maxSuppSize to resolve the issue.
└ @ RCall ~/.julia/packages/RCall/JIY9I/src/io.jl:171
┌ Warning: RCall.jl: Warning in L0Learn.fit(X_train, y_train, penalty = "L0", lambdaGrid = list(c(lambda_val)),  :
│   Warning! Only 1 element in path with support size > maxSuppSize. 
│  Try increasing maxSuppSize to resolve the issue.
└ @ RCall ~/.julia/packages/RCall/JIY9I/src/io.jl:171
┌ Warning: RCall.jl: Warning in L0Learn.fit(X_train, y_train, penalty = "L0", lambdaGrid = list(c(lambda_val)),  :
│   Warning! Only 1 element in path with support size > maxSuppSize. 
│  Try increasing maxSuppSize to resolve the issue.
└ @ RCall ~/.julia/packages/RCall/JIY9I/src/io.jl:171
┌ Warning: RCall.jl: Warning in L0Learn.fit(X_train, y_train, penalty = "L0", lambdaGrid = list(c(lambda_val)),  :
│   Warning! Only 1 element in path with support size > maxSuppSize. 
│  Try increasing maxSuppSize to resolve the issue.
└ @ RCall ~/.julia/packages/RCall/JIY9I/src/io.jl:171
┌ Warning: RCall.jl: Warning in L0Learn.fit(X_train, y_train, penalty = "L0", lambdaGrid = list(c(lambda_val)),  :
│   Warning! Only 1 element in path with support size > maxSuppSize. 
│  Try increasing maxSuppSize to resolve the issue.
└ @ RCall ~/.julia/packages/RCall/JIY9I/src/io.jl:171
┌ Warning: RCall.jl: Warning in L0Learn.fit(X_train, y_train, penalty = "L0", lambdaGrid = list(c(lambda_val)),  :
│   Warning! Only 1 element in path with support size > maxSuppSize. 
│  Try increasing maxSuppSize to resolve the issue.
└ @ RCall ~/.julia/packages/RCall/JIY9I/src/io.jl:171
┌ Warning: RCall.jl: Warning in L0Learn.fit(X_train, y_train, penalty = "L0", lambdaGrid = list(c(lambda_val)),  :
│   Warning! Only 1 element in path with support size > maxSuppSize. 
│  Try increasing maxSuppSize to resolve the issue.
└ @ RCall ~/.julia/packages/RCall/JIY9I/src/io.jl:171
┌ Warning: RCall.jl: Warning in L0Learn.fit(X_train, y_train, penalty = "L0", lambdaGrid = list(c(lambda_val)),  :
│   Warning! Only 1 element in path with support size > maxSuppSize. 
│  Try increasing maxSuppSize to resolve the issue.
└ @ RCall ~/.julia/packages/RCall/JIY9I/src/io.jl:171
┌ Warning: RCall.jl: Warning in L0Learn.fit(X_train, y_train, penalty = "L0", lambdaGrid = list(c(lambda_val)),  :
│   Warning! Only 1 element in path with support size > maxSuppSize. 
│  Try increasing maxSuppSize to resolve the issue.
└ @ RCall ~/.julia/packages/RCall/JIY9I/src/io.jl:171
┌ Warning: RCall.jl: Warning in L0Learn.fit(X_train, y_train, penalty = "L0", lambdaGrid = list(c(lambda_val)),  :
│   Warning! Only 1 element in path with support size > maxSuppSize. 
│  Try increasing maxSuppSize to resolve the issue.
└ @ RCall ~/.julia/packages/RCall/JIY9I/src/io.jl:171
┌ Warning: RCall.jl: Warning in L0Learn.fit(X_train, y_train, penalty = "L0", lambdaGrid = list(c(lambda_val)),  :
│   Warning! Only 1 element in path with support size > maxSuppSize. 
│  Try increasing maxSuppSize to resolve the issue.
└ @ RCall ~/.julia/packages/RCall/JIY9I/src/io.jl:171
┌ Warning: RCall.jl: Warning in L0Learn.fit(X_train, y_train, penalty = "L0", lambdaGrid = list(c(lambda_val)),  :
│   Warning! Only 1 element in path with support size > maxSuppSize. 
│  Try increasing maxSuppSize to resolve the issue.
└ @ RCall ~/.julia/packages/RCall/JIY9I/src/io.jl:171
┌ Warning: RCall.jl: Warning in L0Learn.fit(X_train, y_train, penalty = "L0", lambdaGrid = list(c(lambda_val)),  :
│   Warning! Only 1 element in path with support size > maxSuppSize. 
│  Try increasing maxSuppSize to resolve the issue.
└ @ RCall ~/.julia/packages/RCall/JIY9I/src/io.jl:171
┌ Warning: RCall.jl: Warning in L0Learn.fit(X_train, y_train, penalty = "L0", lambdaGrid = list(c(lambda_val)),  :
│   Warning! Only 1 element in path with support size > maxSuppSize. 
│  Try increasing maxSuppSize to resolve the issue.
└ @ RCall ~/.julia/packages/RCall/JIY9I/src/io.jl:171
┌ Warning: RCall.jl: Warning in L0Learn.fit(X_train, y_train, penalty = "L0", lambdaGrid = list(c(lambda_val)),  :
│   Warning! Only 1 element in path with support size > maxSuppSize. 
│  Try increasing maxSuppSize to resolve the issue.
└ @ RCall ~/.julia/packages/RCall/JIY9I/src/io.jl:171
┌ Warning: RCall.jl: Warning in L0Learn.fit(X_train, y_train, penalty = "L0", lambdaGrid = list(c(lambda_val)),  :
│   Warning! Only 1 element in path with support size > maxSuppSize. 
│  Try increasing maxSuppSize to resolve the issue.
└ @ RCall ~/.julia/packages/RCall/JIY9I/src/io.jl:171
┌ Warning: RCall.jl: Warning in L0Learn.fit(X_train, y_train, penalty = "L0", lambdaGrid = list(c(lambda_val)),  :
│   Warning! Only 1 element in path with support size > maxSuppSize. 
│  Try increasing maxSuppSize to resolve the issue.
└ @ RCall ~/.julia/packages/RCall/JIY9I/src/io.jl:171
┌ Warning: RCall.jl: Warning in L0Learn.fit(X_train, y_train, penalty = "L0", lambdaGrid = list(c(lambda_val)),  :
│   Warning! Only 1 element in path with support size > maxSuppSize. 
│  Try increasing maxSuppSize to resolve the issue.
└ @ RCall ~/.julia/packages/RCall/JIY9I/src/io.jl:171
[ Info: Trial 4/10 completed
┌ Warning: RCall.jl: Warning in L0Learn.fit(X_train, y_train, penalty = "L0", lambdaGrid = list(c(lambda_val)),  :
│   Warning! Only 1 element in path with support size > maxSuppSize. 
│  Try increasing maxSuppSize to resolve the issue.
└ @ RCall ~/.julia/packages/RCall/JIY9I/src/io.jl:171
┌ Warning: RCall.jl: Warning in L0Learn.fit(X_train, y_train, penalty = "L0", lambdaGrid = list(c(lambda_val)),  :
│   Warning! Only 1 element in path with support size > maxSuppSize. 
│  Try increasing maxSuppSize to resolve the issue.
└ @ RCall ~/.julia/packages/RCall/JIY9I/src/io.jl:171
┌ Warning: RCall.jl: Warning in L0Learn.fit(X_train, y_train, penalty = "L0", lambdaGrid = list(c(lambda_val)),  :
│   Warning! Only 1 element in path with support size > maxSuppSize. 
│  Try increasing maxSuppSize to resolve the issue.
└ @ RCall ~/.julia/packages/RCall/JIY9I/src/io.jl:171
┌ Warning: RCall.jl: Warning in L0Learn.fit(X_train, y_train, penalty = "L0", lambdaGrid = list(c(lambda_val)),  :
│   Warning! Only 1 element in path with support size > maxSuppSize. 
│  Try increasing maxSuppSize to resolve the issue.
└ @ RCall ~/.julia/packages/RCall/JIY9I/src/io.jl:171
┌ Warning: RCall.jl: Warning in L0Learn.fit(X_train, y_train, penalty = "L0", lambdaGrid = list(c(lambda_val)),  :
│   Warning! Only 1 element in path with support size > maxSuppSize. 
│  Try increasing maxSuppSize to resolve the issue.
└ @ RCall ~/.julia/packages/RCall/JIY9I/src/io.jl:171
┌ Warning: RCall.jl: Warning in L0Learn.fit(X_train, y_train, penalty = "L0", lambdaGrid = list(c(lambda_val)),  :
│   Warning! Only 1 element in path with support size > maxSuppSize. 
│  Try increasing maxSuppSize to resolve the issue.
└ @ RCall ~/.julia/packages/RCall/JIY9I/src/io.jl:171
┌ Warning: RCall.jl: Warning in L0Learn.fit(X_train, y_train, penalty = "L0", lambdaGrid = list(c(lambda_val)),  :
│   Warning! Only 1 element in path with support size > maxSuppSize. 
│  Try increasing maxSuppSize to resolve the issue.
└ @ RCall ~/.julia/packages/RCall/JIY9I/src/io.jl:171
┌ Warning: RCall.jl: Warning in L0Learn.fit(X_train, y_train, penalty = "L0", lambdaGrid = list(c(lambda_val)),  :
│   Warning! Only 1 element in path with support size > maxSuppSize. 
│  Try increasing maxSuppSize to resolve the issue.
└ @ RCall ~/.julia/packages/RCall/JIY9I/src/io.jl:171
┌ Warning: RCall.jl: Warning in L0Learn.fit(X_train, y_train, penalty = "L0", lambdaGrid = list(c(lambda_val)),  :
│   Warning! Only 1 element in path with support size > maxSuppSize. 
│  Try increasing maxSuppSize to resolve the issue.
└ @ RCall ~/.julia/packages/RCall/JIY9I/src/io.jl:171
┌ Warning: RCall.jl: Warning in L0Learn.fit(X_train, y_train, penalty = "L0", lambdaGrid = list(c(lambda_val)),  :
│   Warning! Only 1 element in path with support size > maxSuppSize. 
│  Try increasing maxSuppSize to resolve the issue.
└ @ RCall ~/.julia/packages/RCall/JIY9I/src/io.jl:171
┌ Warning: RCall.jl: Warning in L0Learn.fit(X_train, y_train, penalty = "L0", lambdaGrid = list(c(lambda_val)),  :
│   Warning! Only 1 element in path with support size > maxSuppSize. 
│  Try increasing maxSuppSize to resolve the issue.
└ @ RCall ~/.julia/packages/RCall/JIY9I/src/io.jl:171
┌ Warning: RCall.jl: Warning in L0Learn.fit(X_train, y_train, penalty = "L0", lambdaGrid = list(c(lambda_val)),  :
│   Warning! Only 1 element in path with support size > maxSuppSize. 
│  Try increasing maxSuppSize to resolve the issue.
└ @ RCall ~/.julia/packages/RCall/JIY9I/src/io.jl:171
┌ Warning: RCall.jl: Warning in L0Learn.fit(X_train, y_train, penalty = "L0", lambdaGrid = list(c(lambda_val)),  :
│   Warning! Only 1 element in path with support size > maxSuppSize. 
│  Try increasing maxSuppSize to resolve the issue.
└ @ RCall ~/.julia/packages/RCall/JIY9I/src/io.jl:171
┌ Warning: RCall.jl: Warning in L0Learn.fit(X_train, y_train, penalty = "L0", lambdaGrid = list(c(lambda_val)),  :
│   Warning! Only 1 element in path with support size > maxSuppSize. 
│  Try increasing maxSuppSize to resolve the issue.
└ @ RCall ~/.julia/packages/RCall/JIY9I/src/io.jl:171
┌ Warning: RCall.jl: Warning in L0Learn.fit(X_train, y_train, penalty = "L0", lambdaGrid = list(c(lambda_val)),  :
│   Warning! Only 1 element in path with support size > maxSuppSize. 
│  Try increasing maxSuppSize to resolve the issue.
└ @ RCall ~/.julia/packages/RCall/JIY9I/src/io.jl:171
┌ Warning: RCall.jl: Warning in L0Learn.fit(X_train, y_train, penalty = "L0", lambdaGrid = list(c(lambda_val)),  :
│   Warning! Only 1 element in path with support size > maxSuppSize. 
│  Try increasing maxSuppSize to resolve the issue.
└ @ RCall ~/.julia/packages/RCall/JIY9I/src/io.jl:171
┌ Warning: RCall.jl: Warning in L0Learn.fit(X_train, y_train, penalty = "L0", lambdaGrid = list(c(lambda_val)),  :
│   Warning! Only 1 element in path with support size > maxSuppSize. 
│  Try increasing maxSuppSize to resolve the issue.
└ @ RCall ~/.julia/packages/RCall/JIY9I/src/io.jl:171
┌ Warning: RCall.jl: Warning in L0Learn.fit(X_train, y_train, penalty = "L0", lambdaGrid = list(c(lambda_val)),  :
│   Warning! Only 1 element in path with support size > maxSuppSize. 
│  Try increasing maxSuppSize to resolve the issue.
└ @ RCall ~/.julia/packages/RCall/JIY9I/src/io.jl:171
┌ Warning: RCall.jl: Warning in L0Learn.fit(X_train, y_train, penalty = "L0", lambdaGrid = list(c(lambda_val)),  :
│   Warning! Only 1 element in path with support size > maxSuppSize. 
│  Try increasing maxSuppSize to resolve the issue.
└ @ RCall ~/.julia/packages/RCall/JIY9I/src/io.jl:171
┌ Warning: RCall.jl: Warning in L0Learn.fit(X_train, y_train, penalty = "L0", lambdaGrid = list(c(lambda_val)),  :
│   Warning! Only 1 element in path with support size > maxSuppSize. 
│  Try increasing maxSuppSize to resolve the issue.
└ @ RCall ~/.julia/packages/RCall/JIY9I/src/io.jl:171
┌ Warning: RCall.jl: Warning in L0Learn.fit(X_train, y_train, penalty = "L0", lambdaGrid = list(c(lambda_val)),  :
│   Warning! Only 1 element in path with support size > maxSuppSize. 
│  Try increasing maxSuppSize to resolve the issue.
└ @ RCall ~/.julia/packages/RCall/JIY9I/src/io.jl:171
┌ Warning: RCall.jl: Warning in L0Learn.fit(X_train, y_train, penalty = "L0", lambdaGrid = list(c(lambda_val)),  :
│   Warning! Only 1 element in path with support size > maxSuppSize. 
│  Try increasing maxSuppSize to resolve the issue.
└ @ RCall ~/.julia/packages/RCall/JIY9I/src/io.jl:171
┌ Warning: RCall.jl: Warning in L0Learn.fit(X_train, y_train, penalty = "L0", lambdaGrid = list(c(lambda_val)),  :
│   Warning! Only 1 element in path with support size > maxSuppSize. 
│  Try increasing maxSuppSize to resolve the issue.
└ @ RCall ~/.julia/packages/RCall/JIY9I/src/io.jl:171
┌ Warning: RCall.jl: Warning in L0Learn.fit(X_train, y_train, penalty = "L0", lambdaGrid = list(c(lambda_val)),  :
│   Warning! Only 1 element in path with support size > maxSuppSize. 
│  Try increasing maxSuppSize to resolve the issue.
└ @ RCall ~/.julia/packages/RCall/JIY9I/src/io.jl:171
┌ Warning: RCall.jl: Warning in L0Learn.fit(X_train, y_train, penalty = "L0", lambdaGrid = list(c(lambda_val)),  :
│   Warning! Only 1 element in path with support size > maxSuppSize. 
│  Try increasing maxSuppSize to resolve the issue.
└ @ RCall ~/.julia/packages/RCall/JIY9I/src/io.jl:171
┌ Warning: RCall.jl: Warning in L0Learn.fit(X_train, y_train, penalty = "L0", lambdaGrid = list(c(lambda_val)),  :
│   Warning! Only 1 element in path with support size > maxSuppSize. 
│  Try increasing maxSuppSize to resolve the issue.
└ @ RCall ~/.julia/packages/RCall/JIY9I/src/io.jl:171
┌ Warning: RCall.jl: Warning in L0Learn.fit(X_train, y_train, penalty = "L0", lambdaGrid = list(c(lambda_val)),  :
│   Warning! Only 1 element in path with support size > maxSuppSize. 
│  Try increasing maxSuppSize to resolve the issue.
└ @ RCall ~/.julia/packages/RCall/JIY9I/src/io.jl:171
┌ Warning: RCall.jl: Warning in L0Learn.fit(X_train, y_train, penalty = "L0", lambdaGrid = list(c(lambda_val)),  :
│   Warning! Only 1 element in path with support size > maxSuppSize. 
│  Try increasing maxSuppSize to resolve the issue.
└ @ RCall ~/.julia/packages/RCall/JIY9I/src/io.jl:171
┌ Warning: RCall.jl: Warning in L0Learn.fit(X_train, y_train, penalty = "L0", lambdaGrid = list(c(lambda_val)),  :
│   Warning! Only 1 element in path with support size > maxSuppSize. 
│  Try increasing maxSuppSize to resolve the issue.
└ @ RCall ~/.julia/packages/RCall/JIY9I/src/io.jl:171
┌ Warning: RCall.jl: Warning in L0Learn.fit(X_train, y_train, penalty = "L0", lambdaGrid = list(c(lambda_val)),  :
│   Warning! Only 1 element in path with support size > maxSuppSize. 
│  Try increasing maxSuppSize to resolve the issue.
└ @ RCall ~/.julia/packages/RCall/JIY9I/src/io.jl:171
[ Info: Trial 5/10 completed
┌ Warning: RCall.jl: Warning in L0Learn.fit(X_train, y_train, penalty = "L0", lambdaGrid = list(c(lambda_val)),  :
│   Warning! Only 1 element in path with support size > maxSuppSize. 
│  Try increasing maxSuppSize to resolve the issue.
└ @ RCall ~/.julia/packages/RCall/JIY9I/src/io.jl:171
┌ Warning: RCall.jl: Warning in L0Learn.fit(X_train, y_train, penalty = "L0", lambdaGrid = list(c(lambda_val)),  :
│   Warning! Only 1 element in path with support size > maxSuppSize. 
│  Try increasing maxSuppSize to resolve the issue.
└ @ RCall ~/.julia/packages/RCall/JIY9I/src/io.jl:171
┌ Warning: RCall.jl: Warning in L0Learn.fit(X_train, y_train, penalty = "L0", lambdaGrid = list(c(lambda_val)),  :
│   Warning! Only 1 element in path with support size > maxSuppSize. 
│  Try increasing maxSuppSize to resolve the issue.
└ @ RCall ~/.julia/packages/RCall/JIY9I/src/io.jl:171
┌ Warning: RCall.jl: Warning in L0Learn.fit(X_train, y_train, penalty = "L0", lambdaGrid = list(c(lambda_val)),  :
│   Warning! Only 1 element in path with support size > maxSuppSize. 
│  Try increasing maxSuppSize to resolve the issue.
└ @ RCall ~/.julia/packages/RCall/JIY9I/src/io.jl:171
┌ Warning: RCall.jl: Warning in L0Learn.fit(X_train, y_train, penalty = "L0", lambdaGrid = list(c(lambda_val)),  :
│   Warning! Only 1 element in path with support size > maxSuppSize. 
│  Try increasing maxSuppSize to resolve the issue.
└ @ RCall ~/.julia/packages/RCall/JIY9I/src/io.jl:171
┌ Warning: RCall.jl: Warning in L0Learn.fit(X_train, y_train, penalty = "L0", lambdaGrid = list(c(lambda_val)),  :
│   Warning! Only 1 element in path with support size > maxSuppSize. 
│  Try increasing maxSuppSize to resolve the issue.
└ @ RCall ~/.julia/packages/RCall/JIY9I/src/io.jl:171
┌ Warning: RCall.jl: Warning in L0Learn.fit(X_train, y_train, penalty = "L0", lambdaGrid = list(c(lambda_val)),  :
│   Warning! Only 1 element in path with support size > maxSuppSize. 
│  Try increasing maxSuppSize to resolve the issue.
└ @ RCall ~/.julia/packages/RCall/JIY9I/src/io.jl:171
┌ Warning: RCall.jl: Warning in L0Learn.fit(X_train, y_train, penalty = "L0", lambdaGrid = list(c(lambda_val)),  :
│   Warning! Only 1 element in path with support size > maxSuppSize. 
│  Try increasing maxSuppSize to resolve the issue.
└ @ RCall ~/.julia/packages/RCall/JIY9I/src/io.jl:171
┌ Warning: RCall.jl: Warning in L0Learn.fit(X_train, y_train, penalty = "L0", lambdaGrid = list(c(lambda_val)),  :
│   Warning! Only 1 element in path with support size > maxSuppSize. 
│  Try increasing maxSuppSize to resolve the issue.
└ @ RCall ~/.julia/packages/RCall/JIY9I/src/io.jl:171
┌ Warning: RCall.jl: Warning in L0Learn.fit(X_train, y_train, penalty = "L0", lambdaGrid = list(c(lambda_val)),  :
│   Warning! Only 1 element in path with support size > maxSuppSize. 
│  Try increasing maxSuppSize to resolve the issue.
└ @ RCall ~/.julia/packages/RCall/JIY9I/src/io.jl:171
┌ Warning: RCall.jl: Warning in L0Learn.fit(X_train, y_train, penalty = "L0", lambdaGrid = list(c(lambda_val)),  :
│   Warning! Only 1 element in path with support size > maxSuppSize. 
│  Try increasing maxSuppSize to resolve the issue.
└ @ RCall ~/.julia/packages/RCall/JIY9I/src/io.jl:171
┌ Warning: RCall.jl: Warning in L0Learn.fit(X_train, y_train, penalty = "L0", lambdaGrid = list(c(lambda_val)),  :
│   Warning! Only 1 element in path with support size > maxSuppSize. 
│  Try increasing maxSuppSize to resolve the issue.
└ @ RCall ~/.julia/packages/RCall/JIY9I/src/io.jl:171
┌ Warning: RCall.jl: Warning in L0Learn.fit(X_train, y_train, penalty = "L0", lambdaGrid = list(c(lambda_val)),  :
│   Warning! Only 1 element in path with support size > maxSuppSize. 
│  Try increasing maxSuppSize to resolve the issue.
└ @ RCall ~/.julia/packages/RCall/JIY9I/src/io.jl:171
┌ Warning: RCall.jl: Warning in L0Learn.fit(X_train, y_train, penalty = "L0", lambdaGrid = list(c(lambda_val)),  :
│   Warning! Only 1 element in path with support size > maxSuppSize. 
│  Try increasing maxSuppSize to resolve the issue.
└ @ RCall ~/.julia/packages/RCall/JIY9I/src/io.jl:171
┌ Warning: RCall.jl: Warning in L0Learn.fit(X_train, y_train, penalty = "L0", lambdaGrid = list(c(lambda_val)),  :
│   Warning! Only 1 element in path with support size > maxSuppSize. 
│  Try increasing maxSuppSize to resolve the issue.
└ @ RCall ~/.julia/packages/RCall/JIY9I/src/io.jl:171
┌ Warning: RCall.jl: Warning in L0Learn.fit(X_train, y_train, penalty = "L0", lambdaGrid = list(c(lambda_val)),  :
│   Warning! Only 1 element in path with support size > maxSuppSize. 
│  Try increasing maxSuppSize to resolve the issue.
└ @ RCall ~/.julia/packages/RCall/JIY9I/src/io.jl:171
┌ Warning: RCall.jl: Warning in L0Learn.fit(X_train, y_train, penalty = "L0", lambdaGrid = list(c(lambda_val)),  :
│   Warning! Only 1 element in path with support size > maxSuppSize. 
│  Try increasing maxSuppSize to resolve the issue.
└ @ RCall ~/.julia/packages/RCall/JIY9I/src/io.jl:171
┌ Warning: RCall.jl: Warning in L0Learn.fit(X_train, y_train, penalty = "L0", lambdaGrid = list(c(lambda_val)),  :
│   Warning! Only 1 element in path with support size > maxSuppSize. 
│  Try increasing maxSuppSize to resolve the issue.
└ @ RCall ~/.julia/packages/RCall/JIY9I/src/io.jl:171
┌ Warning: RCall.jl: Warning in L0Learn.fit(X_train, y_train, penalty = "L0", lambdaGrid = list(c(lambda_val)),  :
│   Warning! Only 1 element in path with support size > maxSuppSize. 
│  Try increasing maxSuppSize to resolve the issue.
└ @ RCall ~/.julia/packages/RCall/JIY9I/src/io.jl:171
┌ Warning: RCall.jl: Warning in L0Learn.fit(X_train, y_train, penalty = "L0", lambdaGrid = list(c(lambda_val)),  :
│   Warning! Only 1 element in path with support size > maxSuppSize. 
│  Try increasing maxSuppSize to resolve the issue.
└ @ RCall ~/.julia/packages/RCall/JIY9I/src/io.jl:171
┌ Warning: RCall.jl: Warning in L0Learn.fit(X_train, y_train, penalty = "L0", lambdaGrid = list(c(lambda_val)),  :
│   Warning! Only 1 element in path with support size > maxSuppSize. 
│  Try increasing maxSuppSize to resolve the issue.
└ @ RCall ~/.julia/packages/RCall/JIY9I/src/io.jl:171
┌ Warning: RCall.jl: Warning in L0Learn.fit(X_train, y_train, penalty = "L0", lambdaGrid = list(c(lambda_val)),  :
│   Warning! Only 1 element in path with support size > maxSuppSize. 
│  Try increasing maxSuppSize to resolve the issue.
└ @ RCall ~/.julia/packages/RCall/JIY9I/src/io.jl:171
┌ Warning: RCall.jl: Warning in L0Learn.fit(X_train, y_train, penalty = "L0", lambdaGrid = list(c(lambda_val)),  :
│   Warning! Only 1 element in path with support size > maxSuppSize. 
│  Try increasing maxSuppSize to resolve the issue.
└ @ RCall ~/.julia/packages/RCall/JIY9I/src/io.jl:171
┌ Warning: RCall.jl: Warning in L0Learn.fit(X_train, y_train, penalty = "L0", lambdaGrid = list(c(lambda_val)),  :
│   Warning! Only 1 element in path with support size > maxSuppSize. 
│  Try increasing maxSuppSize to resolve the issue.
└ @ RCall ~/.julia/packages/RCall/JIY9I/src/io.jl:171
┌ Warning: RCall.jl: Warning in L0Learn.fit(X_train, y_train, penalty = "L0", lambdaGrid = list(c(lambda_val)),  :
│   Warning! Only 1 element in path with support size > maxSuppSize. 
│  Try increasing maxSuppSize to resolve the issue.
└ @ RCall ~/.julia/packages/RCall/JIY9I/src/io.jl:171
┌ Warning: RCall.jl: Warning in L0Learn.fit(X_train, y_train, penalty = "L0", lambdaGrid = list(c(lambda_val)),  :
│   Warning! Only 1 element in path with support size > maxSuppSize. 
│  Try increasing maxSuppSize to resolve the issue.
└ @ RCall ~/.julia/packages/RCall/JIY9I/src/io.jl:171
┌ Warning: RCall.jl: Warning in L0Learn.fit(X_train, y_train, penalty = "L0", lambdaGrid = list(c(lambda_val)),  :
│   Warning! Only 1 element in path with support size > maxSuppSize. 
│  Try increasing maxSuppSize to resolve the issue.
└ @ RCall ~/.julia/packages/RCall/JIY9I/src/io.jl:171
┌ Warning: RCall.jl: Warning in L0Learn.fit(X_train, y_train, penalty = "L0", lambdaGrid = list(c(lambda_val)),  :
│   Warning! Only 1 element in path with support size > maxSuppSize. 
│  Try increasing maxSuppSize to resolve the issue.
└ @ RCall ~/.julia/packages/RCall/JIY9I/src/io.jl:171
┌ Warning: RCall.jl: Warning in L0Learn.fit(X_train, y_train, penalty = "L0", lambdaGrid = list(c(lambda_val)),  :
│   Warning! Only 1 element in path with support size > maxSuppSize. 
│  Try increasing maxSuppSize to resolve the issue.
└ @ RCall ~/.julia/packages/RCall/JIY9I/src/io.jl:171
┌ Warning: RCall.jl: Warning in L0Learn.fit(X_train, y_train, penalty = "L0", lambdaGrid = list(c(lambda_val)),  :
│   Warning! Only 1 element in path with support size > maxSuppSize. 
│  Try increasing maxSuppSize to resolve the issue.
└ @ RCall ~/.julia/packages/RCall/JIY9I/src/io.jl:171
┌ Warning: RCall.jl: Warning in L0Learn.fit(X_train, y_train, penalty = "L0", lambdaGrid = list(c(lambda_val)),  :
│   Warning! Only 1 element in path with support size > maxSuppSize. 
│  Try increasing maxSuppSize to resolve the issue.
└ @ RCall ~/.julia/packages/RCall/JIY9I/src/io.jl:171
┌ Warning: RCall.jl: Warning in L0Learn.fit(X_train, y_train, penalty = "L0", lambdaGrid = list(c(lambda_val)),  :
│   Warning! Only 1 element in path with support size > maxSuppSize. 
│  Try increasing maxSuppSize to resolve the issue.
└ @ RCall ~/.julia/packages/RCall/JIY9I/src/io.jl:171
┌ Warning: RCall.jl: Warning in L0Learn.fit(X_train, y_train, penalty = "L0", lambdaGrid = list(c(lambda_val)),  :
│   Warning! Only 1 element in path with support size > maxSuppSize. 
│  Try increasing maxSuppSize to resolve the issue.
└ @ RCall ~/.julia/packages/RCall/JIY9I/src/io.jl:171
┌ Warning: RCall.jl: Warning in L0Learn.fit(X_train, y_train, penalty = "L0", lambdaGrid = list(c(lambda_val)),  :
│   Warning! Only 1 element in path with support size > maxSuppSize. 
│  Try increasing maxSuppSize to resolve the issue.
└ @ RCall ~/.julia/packages/RCall/JIY9I/src/io.jl:171
[ Info: Trial 6/10 completed
┌ Warning: RCall.jl: Warning in L0Learn.fit(X_train, y_train, penalty = "L0", lambdaGrid = list(c(lambda_val)),  :
│   Warning! Only 1 element in path with support size > maxSuppSize. 
│  Try increasing maxSuppSize to resolve the issue.
└ @ RCall ~/.julia/packages/RCall/JIY9I/src/io.jl:171
┌ Warning: RCall.jl: Warning in L0Learn.fit(X_train, y_train, penalty = "L0", lambdaGrid = list(c(lambda_val)),  :
│   Warning! Only 1 element in path with support size > maxSuppSize. 
│  Try increasing maxSuppSize to resolve the issue.
└ @ RCall ~/.julia/packages/RCall/JIY9I/src/io.jl:171
┌ Warning: RCall.jl: Warning in L0Learn.fit(X_train, y_train, penalty = "L0", lambdaGrid = list(c(lambda_val)),  :
│   Warning! Only 1 element in path with support size > maxSuppSize. 
│  Try increasing maxSuppSize to resolve the issue.
└ @ RCall ~/.julia/packages/RCall/JIY9I/src/io.jl:171
┌ Warning: RCall.jl: Warning in L0Learn.fit(X_train, y_train, penalty = "L0", lambdaGrid = list(c(lambda_val)),  :
│   Warning! Only 1 element in path with support size > maxSuppSize. 
│  Try increasing maxSuppSize to resolve the issue.
└ @ RCall ~/.julia/packages/RCall/JIY9I/src/io.jl:171
┌ Warning: RCall.jl: Warning in L0Learn.fit(X_train, y_train, penalty = "L0", lambdaGrid = list(c(lambda_val)),  :
│   Warning! Only 1 element in path with support size > maxSuppSize. 
│  Try increasing maxSuppSize to resolve the issue.
└ @ RCall ~/.julia/packages/RCall/JIY9I/src/io.jl:171
┌ Warning: RCall.jl: Warning in L0Learn.fit(X_train, y_train, penalty = "L0", lambdaGrid = list(c(lambda_val)),  :
│   Warning! Only 1 element in path with support size > maxSuppSize. 
│  Try increasing maxSuppSize to resolve the issue.
└ @ RCall ~/.julia/packages/RCall/JIY9I/src/io.jl:171
┌ Warning: RCall.jl: Warning in L0Learn.fit(X_train, y_train, penalty = "L0", lambdaGrid = list(c(lambda_val)),  :
│   Warning! Only 1 element in path with support size > maxSuppSize. 
│  Try increasing maxSuppSize to resolve the issue.
└ @ RCall ~/.julia/packages/RCall/JIY9I/src/io.jl:171
┌ Warning: RCall.jl: Warning in L0Learn.fit(X_train, y_train, penalty = "L0", lambdaGrid = list(c(lambda_val)),  :
│   Warning! Only 1 element in path with support size > maxSuppSize. 
│  Try increasing maxSuppSize to resolve the issue.
└ @ RCall ~/.julia/packages/RCall/JIY9I/src/io.jl:171
┌ Warning: RCall.jl: Warning in L0Learn.fit(X_train, y_train, penalty = "L0", lambdaGrid = list(c(lambda_val)),  :
│   Warning! Only 1 element in path with support size > maxSuppSize. 
│  Try increasing maxSuppSize to resolve the issue.
└ @ RCall ~/.julia/packages/RCall/JIY9I/src/io.jl:171
┌ Warning: RCall.jl: Warning in L0Learn.fit(X_train, y_train, penalty = "L0", lambdaGrid = list(c(lambda_val)),  :
│   Warning! Only 1 element in path with support size > maxSuppSize. 
│  Try increasing maxSuppSize to resolve the issue.
└ @ RCall ~/.julia/packages/RCall/JIY9I/src/io.jl:171
┌ Warning: RCall.jl: Warning in L0Learn.fit(X_train, y_train, penalty = "L0", lambdaGrid = list(c(lambda_val)),  :
│   Warning! Only 1 element in path with support size > maxSuppSize. 
│  Try increasing maxSuppSize to resolve the issue.
└ @ RCall ~/.julia/packages/RCall/JIY9I/src/io.jl:171
┌ Warning: RCall.jl: Warning in L0Learn.fit(X_train, y_train, penalty = "L0", lambdaGrid = list(c(lambda_val)),  :
│   Warning! Only 1 element in path with support size > maxSuppSize. 
│  Try increasing maxSuppSize to resolve the issue.
└ @ RCall ~/.julia/packages/RCall/JIY9I/src/io.jl:171
┌ Warning: RCall.jl: Warning in L0Learn.fit(X_train, y_train, penalty = "L0", lambdaGrid = list(c(lambda_val)),  :
│   Warning! Only 1 element in path with support size > maxSuppSize. 
│  Try increasing maxSuppSize to resolve the issue.
└ @ RCall ~/.julia/packages/RCall/JIY9I/src/io.jl:171
┌ Warning: RCall.jl: Warning in L0Learn.fit(X_train, y_train, penalty = "L0", lambdaGrid = list(c(lambda_val)),  :
│   Warning! Only 1 element in path with support size > maxSuppSize. 
│  Try increasing maxSuppSize to resolve the issue.
└ @ RCall ~/.julia/packages/RCall/JIY9I/src/io.jl:171
┌ Warning: RCall.jl: Warning in L0Learn.fit(X_train, y_train, penalty = "L0", lambdaGrid = list(c(lambda_val)),  :
│   Warning! Only 1 element in path with support size > maxSuppSize. 
│  Try increasing maxSuppSize to resolve the issue.
└ @ RCall ~/.julia/packages/RCall/JIY9I/src/io.jl:171
"CDSS" = "CDSS"
SUP = 101.0
Pred = 0.11958760316908383
Sim = 0.9900990099009901
Infv = 0.40160359714483596
round(elapsed, digits = 2) = 12.29
"CDSS (β-only)" = "CDSS (β-only)"
SUP = 101.0
Pred = 0.11958760316908383
Sim = 0.9900990099009901
Infv = 0.40160359714483596
round(elapsed, digits = 2) = 11.36
refinement_change = 3.499822272753747e-5
"SPGpCDSS" = "SPGpCDSS"
SUP = 137.0
Pred = 0.1459578182452093
Sim = 0.7299270072992701
Infv = 0.5954698742198689
round(elapsed, digits = 2) = 3.92
spgpcdss_chose_beta = false
"L0Learn" = "L0Learn"
supp_l0 = 46
predval_l0 = 0.4155187561314845
sim_l0 = 0.42
inf_l0 = 1.3525563723382974
round(elapsed, digits = 2) = 0.1
"L0Learn+PSI1" = "L0Learn+PSI1"
SUP = 100.0
Pred = 0.1178369805914745
Sim = 1.0
Infv = 0.27605386570082735
round(elapsed, digits = 2) = 9.88
"CDSS" = "CDSS"
SUP = 183.0
Pred = 0.17280886021065825
Sim = 0.46994535519125685
Infv = 1.128683635606302
round(elapsed, digits = 2) = 8.49
"CDSS (β-only)" = "CDSS (β-only)"
SUP = 183.0
Pred = 0.17280886021065825
Sim = 0.46994535519125685
Infv = 1.128683635606302
round(elapsed, digits = 2) = 9.66
refinement_change = 4.312175575193689e-5
"SPGpCDSS" = "SPGpCDSS"
SUP = 202.0
Pred = 0.17062693983503413
Sim = 0.47029702970297027
Infv = 1.0
round(elapsed, digits = 2) = 0.85
spgpcdss_chose_beta = true
"L0Learn" = "L0Learn"
supp_l0 = 48
predval_l0 = 0.4070955910061583
sim_l0 = 0.35
inf_l0 = 1.3829298304074105
round(elapsed, digits = 2) = 0.07
"L0Learn+PSI1" = "L0Learn+PSI1"
SUP = 109.0
Pred = 0.11741377356022481
Sim = 0.908256880733945
Infv = 1.0
round(elapsed, digits = 2) = 10.83
"CDSS" = "CDSS"
SUP = 204.0
Pred = 0.15672414689156092
Sim = 0.4166666666666667
Infv = 1.0
round(elapsed, digits = 2) = 12.26
"CDSS (β-only)" = "CDSS (β-only)"
SUP = 204.0
Pred = 0.15672414689156092
Sim = 0.4166666666666667
Infv = 1.0
round(elapsed, digits = 2) = 8.47
refinement_change = 4.0676787561259726e-5
"SPGpCDSS" = "SPGpCDSS"
SUP = 118.0
Pred = 0.11452627939285709
Sim = 0.847457627118644
Infv = 0.6429877634777798
round(elapsed, digits = 2) = 0.43
spgpcdss_chose_beta = true
"L0Learn" = "L0Learn"
supp_l0 = 49
predval_l0 = 0.41822678934899227
sim_l0 = 0.3
inf_l0 = 1.6631849123073565
round(elapsed, digits = 2) = 0.07
"L0Learn+PSI1" = "L0Learn+PSI1"
SUP = 102.0
Pred = 0.10257382349628229
Sim = 0.9803921568627451
Infv = 0.5354926300717177
round(elapsed, digits = 2) = 13.19
┌ Warning: RCall.jl: Warning in L0Learn.fit(X_train, y_train, penalty = "L0", lambdaGrid = list(c(lambda_val)),  :
│   Warning! Only 1 element in path with support size > maxSuppSize. 
│  Try increasing maxSuppSize to resolve the issue.
└ @ RCall ~/.julia/packages/RCall/JIY9I/src/io.jl:171
┌ Warning: RCall.jl: Warning in L0Learn.fit(X_train, y_train, penalty = "L0", lambdaGrid = list(c(lambda_val)),  :
│   Warning! Only 1 element in path with support size > maxSuppSize. 
│  Try increasing maxSuppSize to resolve the issue.
└ @ RCall ~/.julia/packages/RCall/JIY9I/src/io.jl:171
┌ Warning: RCall.jl: Warning in L0Learn.fit(X_train, y_train, penalty = "L0", lambdaGrid = list(c(lambda_val)),  :
│   Warning! Only 1 element in path with support size > maxSuppSize. 
│  Try increasing maxSuppSize to resolve the issue.
└ @ RCall ~/.julia/packages/RCall/JIY9I/src/io.jl:171
┌ Warning: RCall.jl: Warning in L0Learn.fit(X_train, y_train, penalty = "L0", lambdaGrid = list(c(lambda_val)),  :
│   Warning! Only 1 element in path with support size > maxSuppSize. 
│  Try increasing maxSuppSize to resolve the issue.
└ @ RCall ~/.julia/packages/RCall/JIY9I/src/io.jl:171
┌ Warning: RCall.jl: Warning in L0Learn.fit(X_train, y_train, penalty = "L0", lambdaGrid = list(c(lambda_val)),  :
│   Warning! Only 1 element in path with support size > maxSuppSize. 
│  Try increasing maxSuppSize to resolve the issue.
└ @ RCall ~/.julia/packages/RCall/JIY9I/src/io.jl:171
┌ Warning: RCall.jl: Warning in L0Learn.fit(X_train, y_train, penalty = "L0", lambdaGrid = list(c(lambda_val)),  :
│   Warning! Only 1 element in path with support size > maxSuppSize. 
│  Try increasing maxSuppSize to resolve the issue.
└ @ RCall ~/.julia/packages/RCall/JIY9I/src/io.jl:171
┌ Warning: RCall.jl: Warning in L0Learn.fit(X_train, y_train, penalty = "L0", lambdaGrid = list(c(lambda_val)),  :
│   Warning! Only 1 element in path with support size > maxSuppSize. 
│  Try increasing maxSuppSize to resolve the issue.
└ @ RCall ~/.julia/packages/RCall/JIY9I/src/io.jl:171
┌ Warning: RCall.jl: Warning in L0Learn.fit(X_train, y_train, penalty = "L0", lambdaGrid = list(c(lambda_val)),  :
│   Warning! Only 1 element in path with support size > maxSuppSize. 
│  Try increasing maxSuppSize to resolve the issue.
└ @ RCall ~/.julia/packages/RCall/JIY9I/src/io.jl:171
┌ Warning: RCall.jl: Warning in L0Learn.fit(X_train, y_train, penalty = "L0", lambdaGrid = list(c(lambda_val)),  :
│   Warning! Only 1 element in path with support size > maxSuppSize. 
│  Try increasing maxSuppSize to resolve the issue.
└ @ RCall ~/.julia/packages/RCall/JIY9I/src/io.jl:171
┌ Warning: RCall.jl: Warning in L0Learn.fit(X_train, y_train, penalty = "L0", lambdaGrid = list(c(lambda_val)),  :
│   Warning! Only 1 element in path with support size > maxSuppSize. 
│  Try increasing maxSuppSize to resolve the issue.
└ @ RCall ~/.julia/packages/RCall/JIY9I/src/io.jl:171
┌ Warning: RCall.jl: Warning in L0Learn.fit(X_train, y_train, penalty = "L0", lambdaGrid = list(c(lambda_val)),  :
│   Warning! Only 1 element in path with support size > maxSuppSize. 
│  Try increasing maxSuppSize to resolve the issue.
└ @ RCall ~/.julia/packages/RCall/JIY9I/src/io.jl:171
┌ Warning: RCall.jl: Warning in L0Learn.fit(X_train, y_train, penalty = "L0", lambdaGrid = list(c(lambda_val)),  :
│   Warning! Only 1 element in path with support size > maxSuppSize. 
│  Try increasing maxSuppSize to resolve the issue.
└ @ RCall ~/.julia/packages/RCall/JIY9I/src/io.jl:171
┌ Warning: RCall.jl: Warning in L0Learn.fit(X_train, y_train, penalty = "L0", lambdaGrid = list(c(lambda_val)),  :
│   Warning! Only 1 element in path with support size > maxSuppSize. 
│  Try increasing maxSuppSize to resolve the issue.
└ @ RCall ~/.julia/packages/RCall/JIY9I/src/io.jl:171
┌ Warning: RCall.jl: Warning in L0Learn.fit(X_train, y_train, penalty = "L0", lambdaGrid = list(c(lambda_val)),  :
│   Warning! Only 1 element in path with support size > maxSuppSize. 
│  Try increasing maxSuppSize to resolve the issue.
└ @ RCall ~/.julia/packages/RCall/JIY9I/src/io.jl:171
┌ Warning: RCall.jl: Warning in L0Learn.fit(X_train, y_train, penalty = "L0", lambdaGrid = list(c(lambda_val)),  :
│   Warning! Only 1 element in path with support size > maxSuppSize. 
│  Try increasing maxSuppSize to resolve the issue.
└ @ RCall ~/.julia/packages/RCall/JIY9I/src/io.jl:171
┌ Warning: RCall.jl: Warning in L0Learn.fit(X_train, y_train, penalty = "L0", lambdaGrid = list(c(lambda_val)),  :
│   Warning! Only 1 element in path with support size > maxSuppSize. 
│  Try increasing maxSuppSize to resolve the issue.
└ @ RCall ~/.julia/packages/RCall/JIY9I/src/io.jl:171
┌ Warning: RCall.jl: Warning in L0Learn.fit(X_train, y_train, penalty = "L0", lambdaGrid = list(c(lambda_val)),  :
│   Warning! Only 1 element in path with support size > maxSuppSize. 
│  Try increasing maxSuppSize to resolve the issue.
└ @ RCall ~/.julia/packages/RCall/JIY9I/src/io.jl:171
┌ Warning: RCall.jl: Warning in L0Learn.fit(X_train, y_train, penalty = "L0", lambdaGrid = list(c(lambda_val)),  :
│   Warning! Only 1 element in path with support size > maxSuppSize. 
│  Try increasing maxSuppSize to resolve the issue.
└ @ RCall ~/.julia/packages/RCall/JIY9I/src/io.jl:171
┌ Warning: RCall.jl: Warning in L0Learn.fit(X_train, y_train, penalty = "L0", lambdaGrid = list(c(lambda_val)),  :
│   Warning! Only 1 element in path with support size > maxSuppSize. 
│  Try increasing maxSuppSize to resolve the issue.
└ @ RCall ~/.julia/packages/RCall/JIY9I/src/io.jl:171
┌ Warning: RCall.jl: Warning in L0Learn.fit(X_train, y_train, penalty = "L0", lambdaGrid = list(c(lambda_val)),  :
│   Warning! Only 1 element in path with support size > maxSuppSize. 
│  Try increasing maxSuppSize to resolve the issue.
└ @ RCall ~/.julia/packages/RCall/JIY9I/src/io.jl:171
┌ Warning: RCall.jl: Warning in L0Learn.fit(X_train, y_train, penalty = "L0", lambdaGrid = list(c(lambda_val)),  :
│   Warning! Only 1 element in path with support size > maxSuppSize. 
│  Try increasing maxSuppSize to resolve the issue.
└ @ RCall ~/.julia/packages/RCall/JIY9I/src/io.jl:171
[ Info: Trial 7/10 completed
┌ Warning: RCall.jl: Warning in L0Learn.fit(X_train, y_train, penalty = "L0", lambdaGrid = list(c(lambda_val)),  :
│   Warning! Only 1 element in path with support size > maxSuppSize. 
│  Try increasing maxSuppSize to resolve the issue.
└ @ RCall ~/.julia/packages/RCall/JIY9I/src/io.jl:171
┌ Warning: RCall.jl: Warning in L0Learn.fit(X_train, y_train, penalty = "L0", lambdaGrid = list(c(lambda_val)),  :
│   Warning! Only 1 element in path with support size > maxSuppSize. 
│  Try increasing maxSuppSize to resolve the issue.
└ @ RCall ~/.julia/packages/RCall/JIY9I/src/io.jl:171
┌ Warning: RCall.jl: Warning in L0Learn.fit(X_train, y_train, penalty = "L0", lambdaGrid = list(c(lambda_val)),  :
│   Warning! Only 1 element in path with support size > maxSuppSize. 
│  Try increasing maxSuppSize to resolve the issue.
└ @ RCall ~/.julia/packages/RCall/JIY9I/src/io.jl:171
┌ Warning: RCall.jl: Warning in L0Learn.fit(X_train, y_train, penalty = "L0", lambdaGrid = list(c(lambda_val)),  :
│   Warning! Only 1 element in path with support size > maxSuppSize. 
│  Try increasing maxSuppSize to resolve the issue.
└ @ RCall ~/.julia/packages/RCall/JIY9I/src/io.jl:171
┌ Warning: RCall.jl: Warning in L0Learn.fit(X_train, y_train, penalty = "L0", lambdaGrid = list(c(lambda_val)),  :
│   Warning! Only 1 element in path with support size > maxSuppSize. 
│  Try increasing maxSuppSize to resolve the issue.
└ @ RCall ~/.julia/packages/RCall/JIY9I/src/io.jl:171
┌ Warning: RCall.jl: Warning in L0Learn.fit(X_train, y_train, penalty = "L0", lambdaGrid = list(c(lambda_val)),  :
│   Warning! Only 1 element in path with support size > maxSuppSize. 
│  Try increasing maxSuppSize to resolve the issue.
└ @ RCall ~/.julia/packages/RCall/JIY9I/src/io.jl:171
┌ Warning: RCall.jl: Warning in L0Learn.fit(X_train, y_train, penalty = "L0", lambdaGrid = list(c(lambda_val)),  :
│   Warning! Only 1 element in path with support size > maxSuppSize. 
│  Try increasing maxSuppSize to resolve the issue.
└ @ RCall ~/.julia/packages/RCall/JIY9I/src/io.jl:171
┌ Warning: RCall.jl: Warning in L0Learn.fit(X_train, y_train, penalty = "L0", lambdaGrid = list(c(lambda_val)),  :
│   Warning! Only 1 element in path with support size > maxSuppSize. 
│  Try increasing maxSuppSize to resolve the issue.
└ @ RCall ~/.julia/packages/RCall/JIY9I/src/io.jl:171
┌ Warning: RCall.jl: Warning in L0Learn.fit(X_train, y_train, penalty = "L0", lambdaGrid = list(c(lambda_val)),  :
│   Warning! Only 1 element in path with support size > maxSuppSize. 
│  Try increasing maxSuppSize to resolve the issue.
└ @ RCall ~/.julia/packages/RCall/JIY9I/src/io.jl:171
┌ Warning: RCall.jl: Warning in L0Learn.fit(X_train, y_train, penalty = "L0", lambdaGrid = list(c(lambda_val)),  :
│   Warning! Only 1 element in path with support size > maxSuppSize. 
│  Try increasing maxSuppSize to resolve the issue.
└ @ RCall ~/.julia/packages/RCall/JIY9I/src/io.jl:171
┌ Warning: RCall.jl: Warning in L0Learn.fit(X_train, y_train, penalty = "L0", lambdaGrid = list(c(lambda_val)),  :
│   Warning! Only 1 element in path with support size > maxSuppSize. 
│  Try increasing maxSuppSize to resolve the issue.
└ @ RCall ~/.julia/packages/RCall/JIY9I/src/io.jl:171
┌ Warning: RCall.jl: Warning in L0Learn.fit(X_train, y_train, penalty = "L0", lambdaGrid = list(c(lambda_val)),  :
│   Warning! Only 1 element in path with support size > maxSuppSize. 
│  Try increasing maxSuppSize to resolve the issue.
└ @ RCall ~/.julia/packages/RCall/JIY9I/src/io.jl:171
┌ Warning: RCall.jl: Warning in L0Learn.fit(X_train, y_train, penalty = "L0", lambdaGrid = list(c(lambda_val)),  :
│   Warning! Only 1 element in path with support size > maxSuppSize. 
│  Try increasing maxSuppSize to resolve the issue.
└ @ RCall ~/.julia/packages/RCall/JIY9I/src/io.jl:171
┌ Warning: RCall.jl: Warning in L0Learn.fit(X_train, y_train, penalty = "L0", lambdaGrid = list(c(lambda_val)),  :
│   Warning! Only 1 element in path with support size > maxSuppSize. 
│  Try increasing maxSuppSize to resolve the issue.
└ @ RCall ~/.julia/packages/RCall/JIY9I/src/io.jl:171
┌ Warning: RCall.jl: Warning in L0Learn.fit(X_train, y_train, penalty = "L0", lambdaGrid = list(c(lambda_val)),  :
│   Warning! Only 1 element in path with support size > maxSuppSize. 
│  Try increasing maxSuppSize to resolve the issue.
└ @ RCall ~/.julia/packages/RCall/JIY9I/src/io.jl:171
┌ Warning: RCall.jl: Warning in L0Learn.fit(X_train, y_train, penalty = "L0", lambdaGrid = list(c(lambda_val)),  :
│   Warning! Only 1 element in path with support size > maxSuppSize. 
│  Try increasing maxSuppSize to resolve the issue.
└ @ RCall ~/.julia/packages/RCall/JIY9I/src/io.jl:171
┌ Warning: RCall.jl: Warning in L0Learn.fit(X_train, y_train, penalty = "L0", lambdaGrid = list(c(lambda_val)),  :
│   Warning! Only 1 element in path with support size > maxSuppSize. 
│  Try increasing maxSuppSize to resolve the issue.
└ @ RCall ~/.julia/packages/RCall/JIY9I/src/io.jl:171
┌ Warning: RCall.jl: Warning in L0Learn.fit(X_train, y_train, penalty = "L0", lambdaGrid = list(c(lambda_val)),  :
│   Warning! Only 1 element in path with support size > maxSuppSize. 
│  Try increasing maxSuppSize to resolve the issue.
└ @ RCall ~/.julia/packages/RCall/JIY9I/src/io.jl:171
┌ Warning: RCall.jl: Warning in L0Learn.fit(X_train, y_train, penalty = "L0", lambdaGrid = list(c(lambda_val)),  :
│   Warning! Only 1 element in path with support size > maxSuppSize. 
│  Try increasing maxSuppSize to resolve the issue.
└ @ RCall ~/.julia/packages/RCall/JIY9I/src/io.jl:171
┌ Warning: RCall.jl: Warning in L0Learn.fit(X_train, y_train, penalty = "L0", lambdaGrid = list(c(lambda_val)),  :
│   Warning! Only 1 element in path with support size > maxSuppSize. 
│  Try increasing maxSuppSize to resolve the issue.
└ @ RCall ~/.julia/packages/RCall/JIY9I/src/io.jl:171
┌ Warning: RCall.jl: Warning in L0Learn.fit(X_train, y_train, penalty = "L0", lambdaGrid = list(c(lambda_val)),  :
│   Warning! Only 1 element in path with support size > maxSuppSize. 
│  Try increasing maxSuppSize to resolve the issue.
└ @ RCall ~/.julia/packages/RCall/JIY9I/src/io.jl:171
┌ Warning: RCall.jl: Warning in L0Learn.fit(X_train, y_train, penalty = "L0", lambdaGrid = list(c(lambda_val)),  :
│   Warning! Only 1 element in path with support size > maxSuppSize. 
│  Try increasing maxSuppSize to resolve the issue.
└ @ RCall ~/.julia/packages/RCall/JIY9I/src/io.jl:171
┌ Warning: RCall.jl: Warning in L0Learn.fit(X_train, y_train, penalty = "L0", lambdaGrid = list(c(lambda_val)),  :
│   Warning! Only 1 element in path with support size > maxSuppSize. 
│  Try increasing maxSuppSize to resolve the issue.
└ @ RCall ~/.julia/packages/RCall/JIY9I/src/io.jl:171
┌ Warning: RCall.jl: Warning in L0Learn.fit(X_train, y_train, penalty = "L0", lambdaGrid = list(c(lambda_val)),  :
│   Warning! Only 1 element in path with support size > maxSuppSize. 
│  Try increasing maxSuppSize to resolve the issue.
└ @ RCall ~/.julia/packages/RCall/JIY9I/src/io.jl:171
┌ Warning: RCall.jl: Warning in L0Learn.fit(X_train, y_train, penalty = "L0", lambdaGrid = list(c(lambda_val)),  :
│   Warning! Only 1 element in path with support size > maxSuppSize. 
│  Try increasing maxSuppSize to resolve the issue.
└ @ RCall ~/.julia/packages/RCall/JIY9I/src/io.jl:171
┌ Warning: RCall.jl: Warning in L0Learn.fit(X_train, y_train, penalty = "L0", lambdaGrid = list(c(lambda_val)),  :
│   Warning! Only 1 element in path with support size > maxSuppSize. 
│  Try increasing maxSuppSize to resolve the issue.
└ @ RCall ~/.julia/packages/RCall/JIY9I/src/io.jl:171
┌ Warning: RCall.jl: Warning in L0Learn.fit(X_train, y_train, penalty = "L0", lambdaGrid = list(c(lambda_val)),  :
│   Warning! Only 1 element in path with support size > maxSuppSize. 
│  Try increasing maxSuppSize to resolve the issue.
└ @ RCall ~/.julia/packages/RCall/JIY9I/src/io.jl:171
┌ Warning: RCall.jl: Warning in L0Learn.fit(X_train, y_train, penalty = "L0", lambdaGrid = list(c(lambda_val)),  :
│   Warning! Only 1 element in path with support size > maxSuppSize. 
│  Try increasing maxSuppSize to resolve the issue.
└ @ RCall ~/.julia/packages/RCall/JIY9I/src/io.jl:171
┌ Warning: RCall.jl: Warning in L0Learn.fit(X_train, y_train, penalty = "L0", lambdaGrid = list(c(lambda_val)),  :
│   Warning! Only 1 element in path with support size > maxSuppSize. 
│  Try increasing maxSuppSize to resolve the issue.
└ @ RCall ~/.julia/packages/RCall/JIY9I/src/io.jl:171
┌ Warning: RCall.jl: Warning in L0Learn.fit(X_train, y_train, penalty = "L0", lambdaGrid = list(c(lambda_val)),  :
│   Warning! Only 1 element in path with support size > maxSuppSize. 
│  Try increasing maxSuppSize to resolve the issue.
└ @ RCall ~/.julia/packages/RCall/JIY9I/src/io.jl:171
[ Info: Trial 8/10 completed
┌ Warning: RCall.jl: Warning in L0Learn.fit(X_train, y_train, penalty = "L0", lambdaGrid = list(c(lambda_val)),  :
│   Warning! Only 1 element in path with support size > maxSuppSize. 
│  Try increasing maxSuppSize to resolve the issue.
└ @ RCall ~/.julia/packages/RCall/JIY9I/src/io.jl:171
┌ Warning: RCall.jl: Warning in L0Learn.fit(X_train, y_train, penalty = "L0", lambdaGrid = list(c(lambda_val)),  :
│   Warning! Only 1 element in path with support size > maxSuppSize. 
│  Try increasing maxSuppSize to resolve the issue.
└ @ RCall ~/.julia/packages/RCall/JIY9I/src/io.jl:171
┌ Warning: RCall.jl: Warning in L0Learn.fit(X_train, y_train, penalty = "L0", lambdaGrid = list(c(lambda_val)),  :
│   Warning! Only 1 element in path with support size > maxSuppSize. 
│  Try increasing maxSuppSize to resolve the issue.
└ @ RCall ~/.julia/packages/RCall/JIY9I/src/io.jl:171
┌ Warning: RCall.jl: Warning in L0Learn.fit(X_train, y_train, penalty = "L0", lambdaGrid = list(c(lambda_val)),  :
│   Warning! Only 1 element in path with support size > maxSuppSize. 
│  Try increasing maxSuppSize to resolve the issue.
└ @ RCall ~/.julia/packages/RCall/JIY9I/src/io.jl:171
┌ Warning: RCall.jl: Warning in L0Learn.fit(X_train, y_train, penalty = "L0", lambdaGrid = list(c(lambda_val)),  :
│   Warning! Only 1 element in path with support size > maxSuppSize. 
│  Try increasing maxSuppSize to resolve the issue.
└ @ RCall ~/.julia/packages/RCall/JIY9I/src/io.jl:171
┌ Warning: RCall.jl: Warning in L0Learn.fit(X_train, y_train, penalty = "L0", lambdaGrid = list(c(lambda_val)),  :
│   Warning! Only 1 element in path with support size > maxSuppSize. 
│  Try increasing maxSuppSize to resolve the issue.
└ @ RCall ~/.julia/packages/RCall/JIY9I/src/io.jl:171
┌ Warning: RCall.jl: Warning in L0Learn.fit(X_train, y_train, penalty = "L0", lambdaGrid = list(c(lambda_val)),  :
│   Warning! Only 1 element in path with support size > maxSuppSize. 
│  Try increasing maxSuppSize to resolve the issue.
└ @ RCall ~/.julia/packages/RCall/JIY9I/src/io.jl:171
┌ Warning: RCall.jl: Warning in L0Learn.fit(X_train, y_train, penalty = "L0", lambdaGrid = list(c(lambda_val)),  :
│   Warning! Only 1 element in path with support size > maxSuppSize. 
│  Try increasing maxSuppSize to resolve the issue.
└ @ RCall ~/.julia/packages/RCall/JIY9I/src/io.jl:171
┌ Warning: RCall.jl: Warning in L0Learn.fit(X_train, y_train, penalty = "L0", lambdaGrid = list(c(lambda_val)),  :
│   Warning! Only 1 element in path with support size > maxSuppSize. 
│  Try increasing maxSuppSize to resolve the issue.
└ @ RCall ~/.julia/packages/RCall/JIY9I/src/io.jl:171
┌ Warning: RCall.jl: Warning in L0Learn.fit(X_train, y_train, penalty = "L0", lambdaGrid = list(c(lambda_val)),  :
│   Warning! Only 1 element in path with support size > maxSuppSize. 
│  Try increasing maxSuppSize to resolve the issue.
└ @ RCall ~/.julia/packages/RCall/JIY9I/src/io.jl:171
┌ Warning: RCall.jl: Warning in L0Learn.fit(X_train, y_train, penalty = "L0", lambdaGrid = list(c(lambda_val)),  :
│   Warning! Only 1 element in path with support size > maxSuppSize. 
│  Try increasing maxSuppSize to resolve the issue.
└ @ RCall ~/.julia/packages/RCall/JIY9I/src/io.jl:171
┌ Warning: RCall.jl: Warning in L0Learn.fit(X_train, y_train, penalty = "L0", lambdaGrid = list(c(lambda_val)),  :
│   Warning! Only 1 element in path with support size > maxSuppSize. 
│  Try increasing maxSuppSize to resolve the issue.
└ @ RCall ~/.julia/packages/RCall/JIY9I/src/io.jl:171
┌ Warning: RCall.jl: Warning in L0Learn.fit(X_train, y_train, penalty = "L0", lambdaGrid = list(c(lambda_val)),  :
│   Warning! Only 1 element in path with support size > maxSuppSize. 
│  Try increasing maxSuppSize to resolve the issue.
└ @ RCall ~/.julia/packages/RCall/JIY9I/src/io.jl:171
┌ Warning: RCall.jl: Warning in L0Learn.fit(X_train, y_train, penalty = "L0", lambdaGrid = list(c(lambda_val)),  :
│   Warning! Only 1 element in path with support size > maxSuppSize. 
│  Try increasing maxSuppSize to resolve the issue.
└ @ RCall ~/.julia/packages/RCall/JIY9I/src/io.jl:171
┌ Warning: RCall.jl: Warning in L0Learn.fit(X_train, y_train, penalty = "L0", lambdaGrid = list(c(lambda_val)),  :
│   Warning! Only 1 element in path with support size > maxSuppSize. 
│  Try increasing maxSuppSize to resolve the issue.
└ @ RCall ~/.julia/packages/RCall/JIY9I/src/io.jl:171
┌ Warning: RCall.jl: Warning in L0Learn.fit(X_train, y_train, penalty = "L0", lambdaGrid = list(c(lambda_val)),  :
│   Warning! Only 1 element in path with support size > maxSuppSize. 
│  Try increasing maxSuppSize to resolve the issue.
└ @ RCall ~/.julia/packages/RCall/JIY9I/src/io.jl:171
┌ Warning: RCall.jl: Warning in L0Learn.fit(X_train, y_train, penalty = "L0", lambdaGrid = list(c(lambda_val)),  :
│   Warning! Only 1 element in path with support size > maxSuppSize. 
│  Try increasing maxSuppSize to resolve the issue.
└ @ RCall ~/.julia/packages/RCall/JIY9I/src/io.jl:171
┌ Warning: RCall.jl: Warning in L0Learn.fit(X_train, y_train, penalty = "L0", lambdaGrid = list(c(lambda_val)),  :
│   Warning! Only 1 element in path with support size > maxSuppSize. 
│  Try increasing maxSuppSize to resolve the issue.
└ @ RCall ~/.julia/packages/RCall/JIY9I/src/io.jl:171
┌ Warning: RCall.jl: Warning in L0Learn.fit(X_train, y_train, penalty = "L0", lambdaGrid = list(c(lambda_val)),  :
│   Warning! Only 1 element in path with support size > maxSuppSize. 
│  Try increasing maxSuppSize to resolve the issue.
└ @ RCall ~/.julia/packages/RCall/JIY9I/src/io.jl:171
┌ Warning: RCall.jl: Warning in L0Learn.fit(X_train, y_train, penalty = "L0", lambdaGrid = list(c(lambda_val)),  :
│   Warning! Only 1 element in path with support size > maxSuppSize. 
│  Try increasing maxSuppSize to resolve the issue.
└ @ RCall ~/.julia/packages/RCall/JIY9I/src/io.jl:171
┌ Warning: RCall.jl: Warning in L0Learn.fit(X_train, y_train, penalty = "L0", lambdaGrid = list(c(lambda_val)),  :
│   Warning! Only 1 element in path with support size > maxSuppSize. 
│  Try increasing maxSuppSize to resolve the issue.
└ @ RCall ~/.julia/packages/RCall/JIY9I/src/io.jl:171
┌ Warning: RCall.jl: Warning in L0Learn.fit(X_train, y_train, penalty = "L0", lambdaGrid = list(c(lambda_val)),  :
│   Warning! Only 1 element in path with support size > maxSuppSize. 
│  Try increasing maxSuppSize to resolve the issue.
└ @ RCall ~/.julia/packages/RCall/JIY9I/src/io.jl:171
┌ Warning: RCall.jl: Warning in L0Learn.fit(X_train, y_train, penalty = "L0", lambdaGrid = list(c(lambda_val)),  :
│   Warning! Only 1 element in path with support size > maxSuppSize. 
│  Try increasing maxSuppSize to resolve the issue.
└ @ RCall ~/.julia/packages/RCall/JIY9I/src/io.jl:171
┌ Warning: RCall.jl: Warning in L0Learn.fit(X_train, y_train, penalty = "L0", lambdaGrid = list(c(lambda_val)),  :
│   Warning! Only 1 element in path with support size > maxSuppSize. 
│  Try increasing maxSuppSize to resolve the issue.
└ @ RCall ~/.julia/packages/RCall/JIY9I/src/io.jl:171
┌ Warning: RCall.jl: Warning in L0Learn.fit(X_train, y_train, penalty = "L0", lambdaGrid = list(c(lambda_val)),  :
│   Warning! Only 1 element in path with support size > maxSuppSize. 
│  Try increasing maxSuppSize to resolve the issue.
└ @ RCall ~/.julia/packages/RCall/JIY9I/src/io.jl:171
┌ Warning: RCall.jl: Warning in L0Learn.fit(X_train, y_train, penalty = "L0", lambdaGrid = list(c(lambda_val)),  :
│   Warning! Only 1 element in path with support size > maxSuppSize. 
│  Try increasing maxSuppSize to resolve the issue.
└ @ RCall ~/.julia/packages/RCall/JIY9I/src/io.jl:171
┌ Warning: RCall.jl: Warning in L0Learn.fit(X_train, y_train, penalty = "L0", lambdaGrid = list(c(lambda_val)),  :
│   Warning! Only 1 element in path with support size > maxSuppSize. 
│  Try increasing maxSuppSize to resolve the issue.
└ @ RCall ~/.julia/packages/RCall/JIY9I/src/io.jl:171
┌ Warning: RCall.jl: Warning in L0Learn.fit(X_train, y_train, penalty = "L0", lambdaGrid = list(c(lambda_val)),  :
│   Warning! Only 1 element in path with support size > maxSuppSize. 
│  Try increasing maxSuppSize to resolve the issue.
└ @ RCall ~/.julia/packages/RCall/JIY9I/src/io.jl:171
┌ Warning: RCall.jl: Warning in L0Learn.fit(X_train, y_train, penalty = "L0", lambdaGrid = list(c(lambda_val)),  :
│   Warning! Only 1 element in path with support size > maxSuppSize. 
│  Try increasing maxSuppSize to resolve the issue.
└ @ RCall ~/.julia/packages/RCall/JIY9I/src/io.jl:171
┌ Warning: RCall.jl: Warning in L0Learn.fit(X_train, y_train, penalty = "L0", lambdaGrid = list(c(lambda_val)),  :
│   Warning! Only 1 element in path with support size > maxSuppSize. 
│  Try increasing maxSuppSize to resolve the issue.
└ @ RCall ~/.julia/packages/RCall/JIY9I/src/io.jl:171
┌ Warning: RCall.jl: Warning in L0Learn.fit(X_train, y_train, penalty = "L0", lambdaGrid = list(c(lambda_val)),  :
│   Warning! Only 1 element in path with support size > maxSuppSize. 
│  Try increasing maxSuppSize to resolve the issue.
└ @ RCall ~/.julia/packages/RCall/JIY9I/src/io.jl:171
┌ Warning: RCall.jl: Warning in L0Learn.fit(X_train, y_train, penalty = "L0", lambdaGrid = list(c(lambda_val)),  :
│   Warning! Only 1 element in path with support size > maxSuppSize. 
│  Try increasing maxSuppSize to resolve the issue.
└ @ RCall ~/.julia/packages/RCall/JIY9I/src/io.jl:171
┌ Warning: RCall.jl: Warning in L0Learn.fit(X_train, y_train, penalty = "L0", lambdaGrid = list(c(lambda_val)),  :
│   Warning! Only 1 element in path with support size > maxSuppSize. 
│  Try increasing maxSuppSize to resolve the issue.
└ @ RCall ~/.julia/packages/RCall/JIY9I/src/io.jl:171
┌ Warning: RCall.jl: Warning in L0Learn.fit(X_train, y_train, penalty = "L0", lambdaGrid = list(c(lambda_val)),  :
│   Warning! Only 1 element in path with support size > maxSuppSize. 
│  Try increasing maxSuppSize to resolve the issue.
└ @ RCall ~/.julia/packages/RCall/JIY9I/src/io.jl:171
┌ Warning: RCall.jl: Warning in L0Learn.fit(X_train, y_train, penalty = "L0", lambdaGrid = list(c(lambda_val)),  :
│   Warning! Only 1 element in path with support size > maxSuppSize. 
│  Try increasing maxSuppSize to resolve the issue.
└ @ RCall ~/.julia/packages/RCall/JIY9I/src/io.jl:171
┌ Warning: RCall.jl: Warning in L0Learn.fit(X_train, y_train, penalty = "L0", lambdaGrid = list(c(lambda_val)),  :
│   Warning! Only 1 element in path with support size > maxSuppSize. 
│  Try increasing maxSuppSize to resolve the issue.
└ @ RCall ~/.julia/packages/RCall/JIY9I/src/io.jl:171
┌ Warning: RCall.jl: Warning in L0Learn.fit(X_train, y_train, penalty = "L0", lambdaGrid = list(c(lambda_val)),  :
│   Warning! Only 1 element in path with support size > maxSuppSize. 
│  Try increasing maxSuppSize to resolve the issue.
└ @ RCall ~/.julia/packages/RCall/JIY9I/src/io.jl:171
[ Info: Trial 9/10 completed
┌ Warning: RCall.jl: Warning in L0Learn.fit(X_train, y_train, penalty = "L0", lambdaGrid = list(c(lambda_val)),  :
│   Warning! Only 1 element in path with support size > maxSuppSize. 
│  Try increasing maxSuppSize to resolve the issue.
└ @ RCall ~/.julia/packages/RCall/JIY9I/src/io.jl:171
┌ Warning: RCall.jl: Warning in L0Learn.fit(X_train, y_train, penalty = "L0", lambdaGrid = list(c(lambda_val)),  :
│   Warning! Only 1 element in path with support size > maxSuppSize. 
│  Try increasing maxSuppSize to resolve the issue.
└ @ RCall ~/.julia/packages/RCall/JIY9I/src/io.jl:171
┌ Warning: RCall.jl: Warning in L0Learn.fit(X_train, y_train, penalty = "L0", lambdaGrid = list(c(lambda_val)),  :
│   Warning! Only 1 element in path with support size > maxSuppSize. 
│  Try increasing maxSuppSize to resolve the issue.
└ @ RCall ~/.julia/packages/RCall/JIY9I/src/io.jl:171
┌ Warning: RCall.jl: Warning in L0Learn.fit(X_train, y_train, penalty = "L0", lambdaGrid = list(c(lambda_val)),  :
│   Warning! Only 1 element in path with support size > maxSuppSize. 
│  Try increasing maxSuppSize to resolve the issue.
└ @ RCall ~/.julia/packages/RCall/JIY9I/src/io.jl:171
┌ Warning: RCall.jl: Warning in L0Learn.fit(X_train, y_train, penalty = "L0", lambdaGrid = list(c(lambda_val)),  :
│   Warning! Only 1 element in path with support size > maxSuppSize. 
│  Try increasing maxSuppSize to resolve the issue.
└ @ RCall ~/.julia/packages/RCall/JIY9I/src/io.jl:171
┌ Warning: RCall.jl: Warning in L0Learn.fit(X_train, y_train, penalty = "L0", lambdaGrid = list(c(lambda_val)),  :
│   Warning! Only 1 element in path with support size > maxSuppSize. 
│  Try increasing maxSuppSize to resolve the issue.
└ @ RCall ~/.julia/packages/RCall/JIY9I/src/io.jl:171
┌ Warning: RCall.jl: Warning in L0Learn.fit(X_train, y_train, penalty = "L0", lambdaGrid = list(c(lambda_val)),  :
│   Warning! Only 1 element in path with support size > maxSuppSize. 
│  Try increasing maxSuppSize to resolve the issue.
└ @ RCall ~/.julia/packages/RCall/JIY9I/src/io.jl:171
┌ Warning: RCall.jl: Warning in L0Learn.fit(X_train, y_train, penalty = "L0", lambdaGrid = list(c(lambda_val)),  :
│   Warning! Only 1 element in path with support size > maxSuppSize. 
│  Try increasing maxSuppSize to resolve the issue.
└ @ RCall ~/.julia/packages/RCall/JIY9I/src/io.jl:171
┌ Warning: RCall.jl: Warning in L0Learn.fit(X_train, y_train, penalty = "L0", lambdaGrid = list(c(lambda_val)),  :
│   Warning! Only 1 element in path with support size > maxSuppSize. 
│  Try increasing maxSuppSize to resolve the issue.
└ @ RCall ~/.julia/packages/RCall/JIY9I/src/io.jl:171
┌ Warning: RCall.jl: Warning in L0Learn.fit(X_train, y_train, penalty = "L0", lambdaGrid = list(c(lambda_val)),  :
│   Warning! Only 1 element in path with support size > maxSuppSize. 
│  Try increasing maxSuppSize to resolve the issue.
└ @ RCall ~/.julia/packages/RCall/JIY9I/src/io.jl:171
┌ Warning: RCall.jl: Warning in L0Learn.fit(X_train, y_train, penalty = "L0", lambdaGrid = list(c(lambda_val)),  :
│   Warning! Only 1 element in path with support size > maxSuppSize. 
│  Try increasing maxSuppSize to resolve the issue.
└ @ RCall ~/.julia/packages/RCall/JIY9I/src/io.jl:171
┌ Warning: RCall.jl: Warning in L0Learn.fit(X_train, y_train, penalty = "L0", lambdaGrid = list(c(lambda_val)),  :
│   Warning! Only 1 element in path with support size > maxSuppSize. 
│  Try increasing maxSuppSize to resolve the issue.
└ @ RCall ~/.julia/packages/RCall/JIY9I/src/io.jl:171
┌ Warning: RCall.jl: Warning in L0Learn.fit(X_train, y_train, penalty = "L0", lambdaGrid = list(c(lambda_val)),  :
│   Warning! Only 1 element in path with support size > maxSuppSize. 
│  Try increasing maxSuppSize to resolve the issue.
└ @ RCall ~/.julia/packages/RCall/JIY9I/src/io.jl:171
┌ Warning: RCall.jl: Warning in L0Learn.fit(X_train, y_train, penalty = "L0", lambdaGrid = list(c(lambda_val)),  :
│   Warning! Only 1 element in path with support size > maxSuppSize. 
│  Try increasing maxSuppSize to resolve the issue.
└ @ RCall ~/.julia/packages/RCall/JIY9I/src/io.jl:171
┌ Warning: RCall.jl: Warning in L0Learn.fit(X_train, y_train, penalty = "L0", lambdaGrid = list(c(lambda_val)),  :
│   Warning! Only 1 element in path with support size > maxSuppSize. 
│  Try increasing maxSuppSize to resolve the issue.
└ @ RCall ~/.julia/packages/RCall/JIY9I/src/io.jl:171
┌ Warning: RCall.jl: Warning in L0Learn.fit(X_train, y_train, penalty = "L0", lambdaGrid = list(c(lambda_val)),  :
│   Warning! Only 1 element in path with support size > maxSuppSize. 
│  Try increasing maxSuppSize to resolve the issue.
└ @ RCall ~/.julia/packages/RCall/JIY9I/src/io.jl:171
┌ Warning: RCall.jl: Warning in L0Learn.fit(X_train, y_train, penalty = "L0", lambdaGrid = list(c(lambda_val)),  :
│   Warning! Only 1 element in path with support size > maxSuppSize. 
│  Try increasing maxSuppSize to resolve the issue.
└ @ RCall ~/.julia/packages/RCall/JIY9I/src/io.jl:171
┌ Warning: RCall.jl: Warning in L0Learn.fit(X_train, y_train, penalty = "L0", lambdaGrid = list(c(lambda_val)),  :
│   Warning! Only 1 element in path with support size > maxSuppSize. 
│  Try increasing maxSuppSize to resolve the issue.
└ @ RCall ~/.julia/packages/RCall/JIY9I/src/io.jl:171
┌ Warning: RCall.jl: Warning in L0Learn.fit(X_train, y_train, penalty = "L0", lambdaGrid = list(c(lambda_val)),  :
│   Warning! Only 1 element in path with support size > maxSuppSize. 
│  Try increasing maxSuppSize to resolve the issue.
└ @ RCall ~/.julia/packages/RCall/JIY9I/src/io.jl:171
┌ Warning: RCall.jl: Warning in L0Learn.fit(X_train, y_train, penalty = "L0", lambdaGrid = list(c(lambda_val)),  :
│   Warning! Only 1 element in path with support size > maxSuppSize. 
│  Try increasing maxSuppSize to resolve the issue.
└ @ RCall ~/.julia/packages/RCall/JIY9I/src/io.jl:171
┌ Warning: RCall.jl: Warning in L0Learn.fit(X_train, y_train, penalty = "L0", lambdaGrid = list(c(lambda_val)),  :
│   Warning! Only 1 element in path with support size > maxSuppSize. 
│  Try increasing maxSuppSize to resolve the issue.
└ @ RCall ~/.julia/packages/RCall/JIY9I/src/io.jl:171
"CDSS" = "CDSS"
SUP = 101.0
Pred = 0.10628913946873328
Sim = 0.9900990099009901
Infv = 0.43089757721556377
round(elapsed, digits = 2) = 11.13
"CDSS (β-only)" = "CDSS (β-only)"
SUP = 101.0
Pred = 0.10628913946873328
Sim = 0.9900990099009901
Infv = 0.43089757721556377
round(elapsed, digits = 2) = 6.41
refinement_change = 3.5402373411488556e-5
"SPGpCDSS" = "SPGpCDSS"
SUP = 524.0
Pred = 0.17321977717833462
Sim = 0.16603053435114504
Infv = 1.0059367559395673
round(elapsed, digits = 2) = 4.3
spgpcdss_chose_beta = true
"L0Learn" = "L0Learn"
supp_l0 = 49
predval_l0 = 0.4458363237667343
sim_l0 = 0.32
inf_l0 = 1.4464518878379404
round(elapsed, digits = 2) = 0.09
"L0Learn+PSI1" = "L0Learn+PSI1"
SUP = 108.0
Pred = 0.1230448170242945
Sim = 0.9166666666666666
Infv = 1.0
round(elapsed, digits = 2) = 14.52
"CDSS" = "CDSS"
SUP = 101.0
Pred = 0.09980160184442272
Sim = 0.9900990099009901
Infv = 0.503958365887612
round(elapsed, digits = 2) = 14.12
"CDSS (β-only)" = "CDSS (β-only)"
SUP = 101.0
Pred = 0.09980160184442272
Sim = 0.9900990099009901
Infv = 0.503958365887612
round(elapsed, digits = 2) = 15.59
refinement_change = 3.847820496997808e-5
"SPGpCDSS" = "SPGpCDSS"
SUP = 103.0
Pred = 0.10238072736442529
Sim = 0.970873786407767
Infv = 0.5053567880129338
round(elapsed, digits = 2) = 1.13
spgpcdss_chose_beta = false
"L0Learn" = "L0Learn"
supp_l0 = 49
predval_l0 = 0.403702435034416
sim_l0 = 0.46
inf_l0 = 1.4147527932462394
round(elapsed, digits = 2) = 0.11
"L0Learn+PSI1" = "L0Learn+PSI1"
SUP = 100.0
Pred = 0.10050012820914973
Sim = 1.0
Infv = 0.2986786916734169
round(elapsed, digits = 2) = 19.45
"CDSS" = "CDSS"
SUP = 100.0
Pred = 0.09226257099823046
Sim = 1.0
Infv = 0.28651175316982824
round(elapsed, digits = 2) = 15.55
"CDSS (β-only)" = "CDSS (β-only)"
SUP = 100.0
Pred = 0.09226257099823046
Sim = 1.0
Infv = 0.28651175316982824
round(elapsed, digits = 2) = 15.04
refinement_change = 4.157024018427735e-5
"SPGpCDSS" = "SPGpCDSS"
SUP = 107.0
Pred = 0.09848805623278516
Sim = 0.9345794392523364
Infv = 0.47435466748102634
round(elapsed, digits = 2) = 1.03
spgpcdss_chose_beta = true
"L0Learn" = "L0Learn"
supp_l0 = 41
predval_l0 = 0.4571785190590436
sim_l0 = 0.38
inf_l0 = 1.3880844739276006
round(elapsed, digits = 2) = 0.08
"L0Learn+PSI1" = "L0Learn+PSI1"
SUP = 100.0
Pred = 0.09225910140240715
Sim = 1.0
Infv = 0.28608470402841923
round(elapsed, digits = 2) = 21.51
"CDSS" = "CDSS"
SUP = 100.0
Pred = 0.10607583574525178
Sim = 1.0
Infv = 0.37822283900091314
round(elapsed, digits = 2) = 12.77
"CDSS (β-only)" = "CDSS (β-only)"
SUP = 100.0
Pred = 0.10607629517391103
Sim = 1.0
Infv = 0.3781813270909308
round(elapsed, digits = 2) = 15.09
refinement_change = 1.9102853940139196e-5
"SPGpCDSS" = "SPGpCDSS"
SUP = 99.0
Pred = 0.1123013099763899
Sim = 0.99
Infv = 1.0
round(elapsed, digits = 2) = 1.05
spgpcdss_chose_beta = true
"L0Learn" = "L0Learn"
supp_l0 = 49
predval_l0 = 0.3905908207330282
sim_l0 = 0.48
inf_l0 = 1.0
round(elapsed, digits = 2) = 0.13
"L0Learn+PSI1" = "L0Learn+PSI1"
SUP = 100.0
Pred = 0.10607612434083906
Sim = 1.0
Infv = 0.37837333927053873
round(elapsed, digits = 2) = 17.91
┌ Warning: RCall.jl: Warning in L0Learn.fit(X_train, y_train, penalty = "L0", lambdaGrid = list(c(lambda_val)),  :
│   Warning! Only 1 element in path with support size > maxSuppSize. 
│  Try increasing maxSuppSize to resolve the issue.
└ @ RCall ~/.julia/packages/RCall/JIY9I/src/io.jl:171
┌ Warning: RCall.jl: Warning in L0Learn.fit(X_train, y_train, penalty = "L0", lambdaGrid = list(c(lambda_val)),  :
│   Warning! Only 1 element in path with support size > maxSuppSize. 
│  Try increasing maxSuppSize to resolve the issue.
└ @ RCall ~/.julia/packages/RCall/JIY9I/src/io.jl:171
┌ Warning: RCall.jl: Warning in L0Learn.fit(X_train, y_train, penalty = "L0", lambdaGrid = list(c(lambda_val)),  :
│   Warning! Only 1 element in path with support size > maxSuppSize. 
│  Try increasing maxSuppSize to resolve the issue.
└ @ RCall ~/.julia/packages/RCall/JIY9I/src/io.jl:171
┌ Warning: RCall.jl: Warning in L0Learn.fit(X_train, y_train, penalty = "L0", lambdaGrid = list(c(lambda_val)),  :
│   Warning! Only 1 element in path with support size > maxSuppSize. 
│  Try increasing maxSuppSize to resolve the issue.
└ @ RCall ~/.julia/packages/RCall/JIY9I/src/io.jl:171
┌ Warning: RCall.jl: Warning in L0Learn.fit(X_train, y_train, penalty = "L0", lambdaGrid = list(c(lambda_val)),  :
│   Warning! Only 1 element in path with support size > maxSuppSize. 
│  Try increasing maxSuppSize to resolve the issue.
└ @ RCall ~/.julia/packages/RCall/JIY9I/src/io.jl:171
┌ Warning: RCall.jl: Warning in L0Learn.fit(X_train, y_train, penalty = "L0", lambdaGrid = list(c(lambda_val)),  :
│   Warning! Only 1 element in path with support size > maxSuppSize. 
│  Try increasing maxSuppSize to resolve the issue.
└ @ RCall ~/.julia/packages/RCall/JIY9I/src/io.jl:171
┌ Warning: RCall.jl: Warning in L0Learn.fit(X_train, y_train, penalty = "L0", lambdaGrid = list(c(lambda_val)),  :
│   Warning! Only 1 element in path with support size > maxSuppSize. 
│  Try increasing maxSuppSize to resolve the issue.
└ @ RCall ~/.julia/packages/RCall/JIY9I/src/io.jl:171
┌ Warning: RCall.jl: Warning in L0Learn.fit(X_train, y_train, penalty = "L0", lambdaGrid = list(c(lambda_val)),  :
│   Warning! Only 1 element in path with support size > maxSuppSize. 
│  Try increasing maxSuppSize to resolve the issue.
└ @ RCall ~/.julia/packages/RCall/JIY9I/src/io.jl:171
┌ Warning: RCall.jl: Warning in L0Learn.fit(X_train, y_train, penalty = "L0", lambdaGrid = list(c(lambda_val)),  :
│   Warning! Only 1 element in path with support size > maxSuppSize. 
│  Try increasing maxSuppSize to resolve the issue.
└ @ RCall ~/.julia/packages/RCall/JIY9I/src/io.jl:171
[ Info: Trial 10/10 completed
[ Info: Completed n=600 in 384.9s
┌ Info: Sample size n=800
└   progress = "4/10"
┌ Warning: RCall.jl: Warning in L0Learn.fit(X_train, y_train, penalty = "L0", lambdaGrid = list(c(lambda_val)),  :
│   Warning! Only 1 element in path with support size > maxSuppSize. 
│  Try increasing maxSuppSize to resolve the issue.
└ @ RCall ~/.julia/packages/RCall/JIY9I/src/io.jl:171
┌ Warning: RCall.jl: Warning in L0Learn.fit(X_train, y_train, penalty = "L0", lambdaGrid = list(c(lambda_val)),  :
│   Warning! Only 1 element in path with support size > maxSuppSize. 
│  Try increasing maxSuppSize to resolve the issue.
└ @ RCall ~/.julia/packages/RCall/JIY9I/src/io.jl:171
┌ Warning: RCall.jl: Warning in L0Learn.fit(X_train, y_train, penalty = "L0", lambdaGrid = list(c(lambda_val)),  :
│   Warning! Only 1 element in path with support size > maxSuppSize. 
│  Try increasing maxSuppSize to resolve the issue.
└ @ RCall ~/.julia/packages/RCall/JIY9I/src/io.jl:171
┌ Warning: RCall.jl: Warning in L0Learn.fit(X_train, y_train, penalty = "L0", lambdaGrid = list(c(lambda_val)),  :
│   Warning! Only 1 element in path with support size > maxSuppSize. 
│  Try increasing maxSuppSize to resolve the issue.
└ @ RCall ~/.julia/packages/RCall/JIY9I/src/io.jl:171
┌ Warning: RCall.jl: Warning in L0Learn.fit(X_train, y_train, penalty = "L0", lambdaGrid = list(c(lambda_val)),  :
│   Warning! Only 1 element in path with support size > maxSuppSize. 
│  Try increasing maxSuppSize to resolve the issue.
└ @ RCall ~/.julia/packages/RCall/JIY9I/src/io.jl:171
┌ Warning: RCall.jl: Warning in L0Learn.fit(X_train, y_train, penalty = "L0", lambdaGrid = list(c(lambda_val)),  :
│   Warning! Only 1 element in path with support size > maxSuppSize. 
│  Try increasing maxSuppSize to resolve the issue.
└ @ RCall ~/.julia/packages/RCall/JIY9I/src/io.jl:171
┌ Warning: RCall.jl: Warning in L0Learn.fit(X_train, y_train, penalty = "L0", lambdaGrid = list(c(lambda_val)),  :
│   Warning! Only 1 element in path with support size > maxSuppSize. 
│  Try increasing maxSuppSize to resolve the issue.
└ @ RCall ~/.julia/packages/RCall/JIY9I/src/io.jl:171
┌ Warning: RCall.jl: Warning in L0Learn.fit(X_train, y_train, penalty = "L0", lambdaGrid = list(c(lambda_val)),  :
│   Warning! Only 1 element in path with support size > maxSuppSize. 
│  Try increasing maxSuppSize to resolve the issue.
└ @ RCall ~/.julia/packages/RCall/JIY9I/src/io.jl:171
┌ Warning: RCall.jl: Warning in L0Learn.fit(X_train, y_train, penalty = "L0", lambdaGrid = list(c(lambda_val)),  :
│   Warning! Only 1 element in path with support size > maxSuppSize. 
│  Try increasing maxSuppSize to resolve the issue.
└ @ RCall ~/.julia/packages/RCall/JIY9I/src/io.jl:171
┌ Warning: RCall.jl: Warning in L0Learn.fit(X_train, y_train, penalty = "L0", lambdaGrid = list(c(lambda_val)),  :
│   Warning! Only 1 element in path with support size > maxSuppSize. 
│  Try increasing maxSuppSize to resolve the issue.
└ @ RCall ~/.julia/packages/RCall/JIY9I/src/io.jl:171
┌ Warning: RCall.jl: Warning in L0Learn.fit(X_train, y_train, penalty = "L0", lambdaGrid = list(c(lambda_val)),  :
│   Warning! Only 1 element in path with support size > maxSuppSize. 
│  Try increasing maxSuppSize to resolve the issue.
└ @ RCall ~/.julia/packages/RCall/JIY9I/src/io.jl:171
┌ Warning: RCall.jl: Warning in L0Learn.fit(X_train, y_train, penalty = "L0", lambdaGrid = list(c(lambda_val)),  :
│   Warning! Only 1 element in path with support size > maxSuppSize. 
│  Try increasing maxSuppSize to resolve the issue.
└ @ RCall ~/.julia/packages/RCall/JIY9I/src/io.jl:171
┌ Warning: RCall.jl: Warning in L0Learn.fit(X_train, y_train, penalty = "L0", lambdaGrid = list(c(lambda_val)),  :
│   Warning! Only 1 element in path with support size > maxSuppSize. 
│  Try increasing maxSuppSize to resolve the issue.
└ @ RCall ~/.julia/packages/RCall/JIY9I/src/io.jl:171
┌ Warning: RCall.jl: Warning in L0Learn.fit(X_train, y_train, penalty = "L0", lambdaGrid = list(c(lambda_val)),  :
│   Warning! Only 1 element in path with support size > maxSuppSize. 
│  Try increasing maxSuppSize to resolve the issue.
└ @ RCall ~/.julia/packages/RCall/JIY9I/src/io.jl:171
┌ Warning: RCall.jl: Warning in L0Learn.fit(X_train, y_train, penalty = "L0", lambdaGrid = list(c(lambda_val)),  :
│   Warning! Only 1 element in path with support size > maxSuppSize. 
│  Try increasing maxSuppSize to resolve the issue.
└ @ RCall ~/.julia/packages/RCall/JIY9I/src/io.jl:171
┌ Warning: RCall.jl: Warning in L0Learn.fit(X_train, y_train, penalty = "L0", lambdaGrid = list(c(lambda_val)),  :
│   Warning! Only 1 element in path with support size > maxSuppSize. 
│  Try increasing maxSuppSize to resolve the issue.
└ @ RCall ~/.julia/packages/RCall/JIY9I/src/io.jl:171
┌ Warning: RCall.jl: Warning in L0Learn.fit(X_train, y_train, penalty = "L0", lambdaGrid = list(c(lambda_val)),  :
│   Warning! Only 1 element in path with support size > maxSuppSize. 
│  Try increasing maxSuppSize to resolve the issue.
└ @ RCall ~/.julia/packages/RCall/JIY9I/src/io.jl:171
┌ Warning: RCall.jl: Warning in L0Learn.fit(X_train, y_train, penalty = "L0", lambdaGrid = list(c(lambda_val)),  :
│   Warning! Only 1 element in path with support size > maxSuppSize. 
│  Try increasing maxSuppSize to resolve the issue.
└ @ RCall ~/.julia/packages/RCall/JIY9I/src/io.jl:171
┌ Warning: RCall.jl: Warning in L0Learn.fit(X_train, y_train, penalty = "L0", lambdaGrid = list(c(lambda_val)),  :
│   Warning! Only 1 element in path with support size > maxSuppSize. 
│  Try increasing maxSuppSize to resolve the issue.
└ @ RCall ~/.julia/packages/RCall/JIY9I/src/io.jl:171
┌ Warning: RCall.jl: Warning in L0Learn.fit(X_train, y_train, penalty = "L0", lambdaGrid = list(c(lambda_val)),  :
│   Warning! Only 1 element in path with support size > maxSuppSize. 
│  Try increasing maxSuppSize to resolve the issue.
└ @ RCall ~/.julia/packages/RCall/JIY9I/src/io.jl:171
┌ Warning: RCall.jl: Warning in L0Learn.fit(X_train, y_train, penalty = "L0", lambdaGrid = list(c(lambda_val)),  :
│   Warning! Only 1 element in path with support size > maxSuppSize. 
│  Try increasing maxSuppSize to resolve the issue.
└ @ RCall ~/.julia/packages/RCall/JIY9I/src/io.jl:171
┌ Warning: RCall.jl: Warning in L0Learn.fit(X_train, y_train, penalty = "L0", lambdaGrid = list(c(lambda_val)),  :
│   Warning! Only 1 element in path with support size > maxSuppSize. 
│  Try increasing maxSuppSize to resolve the issue.
└ @ RCall ~/.julia/packages/RCall/JIY9I/src/io.jl:171
┌ Warning: RCall.jl: Warning in L0Learn.fit(X_train, y_train, penalty = "L0", lambdaGrid = list(c(lambda_val)),  :
│   Warning! Only 1 element in path with support size > maxSuppSize. 
│  Try increasing maxSuppSize to resolve the issue.
└ @ RCall ~/.julia/packages/RCall/JIY9I/src/io.jl:171
┌ Warning: RCall.jl: Warning in L0Learn.fit(X_train, y_train, penalty = "L0", lambdaGrid = list(c(lambda_val)),  :
│   Warning! Only 1 element in path with support size > maxSuppSize. 
│  Try increasing maxSuppSize to resolve the issue.
└ @ RCall ~/.julia/packages/RCall/JIY9I/src/io.jl:171
┌ Warning: RCall.jl: Warning in L0Learn.fit(X_train, y_train, penalty = "L0", lambdaGrid = list(c(lambda_val)),  :
│   Warning! Only 1 element in path with support size > maxSuppSize. 
│  Try increasing maxSuppSize to resolve the issue.
└ @ RCall ~/.julia/packages/RCall/JIY9I/src/io.jl:171
┌ Warning: RCall.jl: Warning in L0Learn.fit(X_train, y_train, penalty = "L0", lambdaGrid = list(c(lambda_val)),  :
│   Warning! Only 1 element in path with support size > maxSuppSize. 
│  Try increasing maxSuppSize to resolve the issue.
└ @ RCall ~/.julia/packages/RCall/JIY9I/src/io.jl:171
┌ Warning: RCall.jl: Warning in L0Learn.fit(X_train, y_train, penalty = "L0", lambdaGrid = list(c(lambda_val)),  :
│   Warning! Only 1 element in path with support size > maxSuppSize. 
│  Try increasing maxSuppSize to resolve the issue.
└ @ RCall ~/.julia/packages/RCall/JIY9I/src/io.jl:171
[ Info: Trial 1/10 completed
┌ Warning: RCall.jl: Warning in L0Learn.fit(X_train, y_train, penalty = "L0", lambdaGrid = list(c(lambda_val)),  :
│   Warning! Only 1 element in path with support size > maxSuppSize. 
│  Try increasing maxSuppSize to resolve the issue.
└ @ RCall ~/.julia/packages/RCall/JIY9I/src/io.jl:171
┌ Warning: RCall.jl: Warning in L0Learn.fit(X_train, y_train, penalty = "L0", lambdaGrid = list(c(lambda_val)),  :
│   Warning! Only 1 element in path with support size > maxSuppSize. 
│  Try increasing maxSuppSize to resolve the issue.
└ @ RCall ~/.julia/packages/RCall/JIY9I/src/io.jl:171
┌ Warning: RCall.jl: Warning in L0Learn.fit(X_train, y_train, penalty = "L0", lambdaGrid = list(c(lambda_val)),  :
│   Warning! Only 1 element in path with support size > maxSuppSize. 
│  Try increasing maxSuppSize to resolve the issue.
└ @ RCall ~/.julia/packages/RCall/JIY9I/src/io.jl:171
┌ Warning: RCall.jl: Warning in L0Learn.fit(X_train, y_train, penalty = "L0", lambdaGrid = list(c(lambda_val)),  :
│   Warning! Only 1 element in path with support size > maxSuppSize. 
│  Try increasing maxSuppSize to resolve the issue.
└ @ RCall ~/.julia/packages/RCall/JIY9I/src/io.jl:171
┌ Warning: RCall.jl: Warning in L0Learn.fit(X_train, y_train, penalty = "L0", lambdaGrid = list(c(lambda_val)),  :
│   Warning! Only 1 element in path with support size > maxSuppSize. 
│  Try increasing maxSuppSize to resolve the issue.
└ @ RCall ~/.julia/packages/RCall/JIY9I/src/io.jl:171
┌ Warning: RCall.jl: Warning in L0Learn.fit(X_train, y_train, penalty = "L0", lambdaGrid = list(c(lambda_val)),  :
│   Warning! Only 1 element in path with support size > maxSuppSize. 
│  Try increasing maxSuppSize to resolve the issue.
└ @ RCall ~/.julia/packages/RCall/JIY9I/src/io.jl:171
┌ Warning: RCall.jl: Warning in L0Learn.fit(X_train, y_train, penalty = "L0", lambdaGrid = list(c(lambda_val)),  :
│   Warning! Only 1 element in path with support size > maxSuppSize. 
│  Try increasing maxSuppSize to resolve the issue.
└ @ RCall ~/.julia/packages/RCall/JIY9I/src/io.jl:171
┌ Warning: RCall.jl: Warning in L0Learn.fit(X_train, y_train, penalty = "L0", lambdaGrid = list(c(lambda_val)),  :
│   Warning! Only 1 element in path with support size > maxSuppSize. 
│  Try increasing maxSuppSize to resolve the issue.
└ @ RCall ~/.julia/packages/RCall/JIY9I/src/io.jl:171
┌ Warning: RCall.jl: Warning in L0Learn.fit(X_train, y_train, penalty = "L0", lambdaGrid = list(c(lambda_val)),  :
│   Warning! Only 1 element in path with support size > maxSuppSize. 
│  Try increasing maxSuppSize to resolve the issue.
└ @ RCall ~/.julia/packages/RCall/JIY9I/src/io.jl:171
┌ Warning: RCall.jl: Warning in L0Learn.fit(X_train, y_train, penalty = "L0", lambdaGrid = list(c(lambda_val)),  :
│   Warning! Only 1 element in path with support size > maxSuppSize. 
│  Try increasing maxSuppSize to resolve the issue.
└ @ RCall ~/.julia/packages/RCall/JIY9I/src/io.jl:171
┌ Warning: RCall.jl: Warning in L0Learn.fit(X_train, y_train, penalty = "L0", lambdaGrid = list(c(lambda_val)),  :
│   Warning! Only 1 element in path with support size > maxSuppSize. 
│  Try increasing maxSuppSize to resolve the issue.
└ @ RCall ~/.julia/packages/RCall/JIY9I/src/io.jl:171
┌ Warning: RCall.jl: Warning in L0Learn.fit(X_train, y_train, penalty = "L0", lambdaGrid = list(c(lambda_val)),  :
│   Warning! Only 1 element in path with support size > maxSuppSize. 
│  Try increasing maxSuppSize to resolve the issue.
└ @ RCall ~/.julia/packages/RCall/JIY9I/src/io.jl:171
┌ Warning: RCall.jl: Warning in L0Learn.fit(X_train, y_train, penalty = "L0", lambdaGrid = list(c(lambda_val)),  :
│   Warning! Only 1 element in path with support size > maxSuppSize. 
│  Try increasing maxSuppSize to resolve the issue.
└ @ RCall ~/.julia/packages/RCall/JIY9I/src/io.jl:171
┌ Warning: RCall.jl: Warning in L0Learn.fit(X_train, y_train, penalty = "L0", lambdaGrid = list(c(lambda_val)),  :
│   Warning! Only 1 element in path with support size > maxSuppSize. 
│  Try increasing maxSuppSize to resolve the issue.
└ @ RCall ~/.julia/packages/RCall/JIY9I/src/io.jl:171
┌ Warning: RCall.jl: Warning in L0Learn.fit(X_train, y_train, penalty = "L0", lambdaGrid = list(c(lambda_val)),  :
│   Warning! Only 1 element in path with support size > maxSuppSize. 
│  Try increasing maxSuppSize to resolve the issue.
└ @ RCall ~/.julia/packages/RCall/JIY9I/src/io.jl:171
┌ Warning: RCall.jl: Warning in L0Learn.fit(X_train, y_train, penalty = "L0", lambdaGrid = list(c(lambda_val)),  :
│   Warning! Only 1 element in path with support size > maxSuppSize. 
│  Try increasing maxSuppSize to resolve the issue.
└ @ RCall ~/.julia/packages/RCall/JIY9I/src/io.jl:171
┌ Warning: RCall.jl: Warning in L0Learn.fit(X_train, y_train, penalty = "L0", lambdaGrid = list(c(lambda_val)),  :
│   Warning! Only 1 element in path with support size > maxSuppSize. 
│  Try increasing maxSuppSize to resolve the issue.
└ @ RCall ~/.julia/packages/RCall/JIY9I/src/io.jl:171
┌ Warning: RCall.jl: Warning in L0Learn.fit(X_train, y_train, penalty = "L0", lambdaGrid = list(c(lambda_val)),  :
│   Warning! Only 1 element in path with support size > maxSuppSize. 
│  Try increasing maxSuppSize to resolve the issue.
└ @ RCall ~/.julia/packages/RCall/JIY9I/src/io.jl:171
┌ Warning: RCall.jl: Warning in L0Learn.fit(X_train, y_train, penalty = "L0", lambdaGrid = list(c(lambda_val)),  :
│   Warning! Only 1 element in path with support size > maxSuppSize. 
│  Try increasing maxSuppSize to resolve the issue.
└ @ RCall ~/.julia/packages/RCall/JIY9I/src/io.jl:171
┌ Warning: RCall.jl: Warning in L0Learn.fit(X_train, y_train, penalty = "L0", lambdaGrid = list(c(lambda_val)),  :
│   Warning! Only 1 element in path with support size > maxSuppSize. 
│  Try increasing maxSuppSize to resolve the issue.
└ @ RCall ~/.julia/packages/RCall/JIY9I/src/io.jl:171
┌ Warning: RCall.jl: Warning in L0Learn.fit(X_train, y_train, penalty = "L0", lambdaGrid = list(c(lambda_val)),  :
│   Warning! Only 1 element in path with support size > maxSuppSize. 
│  Try increasing maxSuppSize to resolve the issue.
└ @ RCall ~/.julia/packages/RCall/JIY9I/src/io.jl:171
┌ Warning: RCall.jl: Warning in L0Learn.fit(X_train, y_train, penalty = "L0", lambdaGrid = list(c(lambda_val)),  :
│   Warning! Only 1 element in path with support size > maxSuppSize. 
│  Try increasing maxSuppSize to resolve the issue.
└ @ RCall ~/.julia/packages/RCall/JIY9I/src/io.jl:171
┌ Warning: RCall.jl: Warning in L0Learn.fit(X_train, y_train, penalty = "L0", lambdaGrid = list(c(lambda_val)),  :
│   Warning! Only 1 element in path with support size > maxSuppSize. 
│  Try increasing maxSuppSize to resolve the issue.
└ @ RCall ~/.julia/packages/RCall/JIY9I/src/io.jl:171
┌ Warning: RCall.jl: Warning in L0Learn.fit(X_train, y_train, penalty = "L0", lambdaGrid = list(c(lambda_val)),  :
│   Warning! Only 1 element in path with support size > maxSuppSize. 
│  Try increasing maxSuppSize to resolve the issue.
└ @ RCall ~/.julia/packages/RCall/JIY9I/src/io.jl:171
┌ Warning: RCall.jl: Warning in L0Learn.fit(X_train, y_train, penalty = "L0", lambdaGrid = list(c(lambda_val)),  :
│   Warning! Only 1 element in path with support size > maxSuppSize. 
│  Try increasing maxSuppSize to resolve the issue.
└ @ RCall ~/.julia/packages/RCall/JIY9I/src/io.jl:171
┌ Warning: RCall.jl: Warning in L0Learn.fit(X_train, y_train, penalty = "L0", lambdaGrid = list(c(lambda_val)),  :
│   Warning! Only 1 element in path with support size > maxSuppSize. 
│  Try increasing maxSuppSize to resolve the issue.
└ @ RCall ~/.julia/packages/RCall/JIY9I/src/io.jl:171
┌ Warning: RCall.jl: Warning in L0Learn.fit(X_train, y_train, penalty = "L0", lambdaGrid = list(c(lambda_val)),  :
│   Warning! Only 1 element in path with support size > maxSuppSize. 
│  Try increasing maxSuppSize to resolve the issue.
└ @ RCall ~/.julia/packages/RCall/JIY9I/src/io.jl:171
┌ Warning: RCall.jl: Warning in L0Learn.fit(X_train, y_train, penalty = "L0", lambdaGrid = list(c(lambda_val)),  :
│   Warning! Only 1 element in path with support size > maxSuppSize. 
│  Try increasing maxSuppSize to resolve the issue.
└ @ RCall ~/.julia/packages/RCall/JIY9I/src/io.jl:171
┌ Warning: RCall.jl: Warning in L0Learn.fit(X_train, y_train, penalty = "L0", lambdaGrid = list(c(lambda_val)),  :
│   Warning! Only 1 element in path with support size > maxSuppSize. 
│  Try increasing maxSuppSize to resolve the issue.
└ @ RCall ~/.julia/packages/RCall/JIY9I/src/io.jl:171
┌ Warning: RCall.jl: Warning in L0Learn.fit(X_train, y_train, penalty = "L0", lambdaGrid = list(c(lambda_val)),  :
│   Warning! Only 1 element in path with support size > maxSuppSize. 
│  Try increasing maxSuppSize to resolve the issue.
└ @ RCall ~/.julia/packages/RCall/JIY9I/src/io.jl:171
┌ Warning: RCall.jl: Warning in L0Learn.fit(X_train, y_train, penalty = "L0", lambdaGrid = list(c(lambda_val)),  :
│   Warning! Only 1 element in path with support size > maxSuppSize. 
│  Try increasing maxSuppSize to resolve the issue.
└ @ RCall ~/.julia/packages/RCall/JIY9I/src/io.jl:171
┌ Warning: RCall.jl: Warning in L0Learn.fit(X_train, y_train, penalty = "L0", lambdaGrid = list(c(lambda_val)),  :
│   Warning! Only 1 element in path with support size > maxSuppSize. 
│  Try increasing maxSuppSize to resolve the issue.
└ @ RCall ~/.julia/packages/RCall/JIY9I/src/io.jl:171
┌ Warning: RCall.jl: Warning in L0Learn.fit(X_train, y_train, penalty = "L0", lambdaGrid = list(c(lambda_val)),  :
│   Warning! Only 1 element in path with support size > maxSuppSize. 
│  Try increasing maxSuppSize to resolve the issue.
└ @ RCall ~/.julia/packages/RCall/JIY9I/src/io.jl:171
┌ Warning: RCall.jl: Warning in L0Learn.fit(X_train, y_train, penalty = "L0", lambdaGrid = list(c(lambda_val)),  :
│   Warning! Only 1 element in path with support size > maxSuppSize. 
│  Try increasing maxSuppSize to resolve the issue.
└ @ RCall ~/.julia/packages/RCall/JIY9I/src/io.jl:171
[ Info: Trial 2/10 completed
┌ Warning: RCall.jl: Warning in L0Learn.fit(X_train, y_train, penalty = "L0", lambdaGrid = list(c(lambda_val)),  :
│   Warning! Only 1 element in path with support size > maxSuppSize. 
│  Try increasing maxSuppSize to resolve the issue.
└ @ RCall ~/.julia/packages/RCall/JIY9I/src/io.jl:171
┌ Warning: RCall.jl: Warning in L0Learn.fit(X_train, y_train, penalty = "L0", lambdaGrid = list(c(lambda_val)),  :
│   Warning! Only 1 element in path with support size > maxSuppSize. 
│  Try increasing maxSuppSize to resolve the issue.
└ @ RCall ~/.julia/packages/RCall/JIY9I/src/io.jl:171
┌ Warning: RCall.jl: Warning in L0Learn.fit(X_train, y_train, penalty = "L0", lambdaGrid = list(c(lambda_val)),  :
│   Warning! Only 1 element in path with support size > maxSuppSize. 
│  Try increasing maxSuppSize to resolve the issue.
└ @ RCall ~/.julia/packages/RCall/JIY9I/src/io.jl:171
┌ Warning: RCall.jl: Warning in L0Learn.fit(X_train, y_train, penalty = "L0", lambdaGrid = list(c(lambda_val)),  :
│   Warning! Only 1 element in path with support size > maxSuppSize. 
│  Try increasing maxSuppSize to resolve the issue.
└ @ RCall ~/.julia/packages/RCall/JIY9I/src/io.jl:171
┌ Warning: RCall.jl: Warning in L0Learn.fit(X_train, y_train, penalty = "L0", lambdaGrid = list(c(lambda_val)),  :
│   Warning! Only 1 element in path with support size > maxSuppSize. 
│  Try increasing maxSuppSize to resolve the issue.
└ @ RCall ~/.julia/packages/RCall/JIY9I/src/io.jl:171
┌ Warning: RCall.jl: Warning in L0Learn.fit(X_train, y_train, penalty = "L0", lambdaGrid = list(c(lambda_val)),  :
│   Warning! Only 1 element in path with support size > maxSuppSize. 
│  Try increasing maxSuppSize to resolve the issue.
└ @ RCall ~/.julia/packages/RCall/JIY9I/src/io.jl:171
┌ Warning: RCall.jl: Warning in L0Learn.fit(X_train, y_train, penalty = "L0", lambdaGrid = list(c(lambda_val)),  :
│   Warning! Only 1 element in path with support size > maxSuppSize. 
│  Try increasing maxSuppSize to resolve the issue.
└ @ RCall ~/.julia/packages/RCall/JIY9I/src/io.jl:171
┌ Warning: RCall.jl: Warning in L0Learn.fit(X_train, y_train, penalty = "L0", lambdaGrid = list(c(lambda_val)),  :
│   Warning! Only 1 element in path with support size > maxSuppSize. 
│  Try increasing maxSuppSize to resolve the issue.
└ @ RCall ~/.julia/packages/RCall/JIY9I/src/io.jl:171
┌ Warning: RCall.jl: Warning in L0Learn.fit(X_train, y_train, penalty = "L0", lambdaGrid = list(c(lambda_val)),  :
│   Warning! Only 1 element in path with support size > maxSuppSize. 
│  Try increasing maxSuppSize to resolve the issue.
└ @ RCall ~/.julia/packages/RCall/JIY9I/src/io.jl:171
┌ Warning: RCall.jl: Warning in L0Learn.fit(X_train, y_train, penalty = "L0", lambdaGrid = list(c(lambda_val)),  :
│   Warning! Only 1 element in path with support size > maxSuppSize. 
│  Try increasing maxSuppSize to resolve the issue.
└ @ RCall ~/.julia/packages/RCall/JIY9I/src/io.jl:171
┌ Warning: RCall.jl: Warning in L0Learn.fit(X_train, y_train, penalty = "L0", lambdaGrid = list(c(lambda_val)),  :
│   Warning! Only 1 element in path with support size > maxSuppSize. 
│  Try increasing maxSuppSize to resolve the issue.
└ @ RCall ~/.julia/packages/RCall/JIY9I/src/io.jl:171
┌ Warning: RCall.jl: Warning in L0Learn.fit(X_train, y_train, penalty = "L0", lambdaGrid = list(c(lambda_val)),  :
│   Warning! Only 1 element in path with support size > maxSuppSize. 
│  Try increasing maxSuppSize to resolve the issue.
└ @ RCall ~/.julia/packages/RCall/JIY9I/src/io.jl:171
┌ Warning: RCall.jl: Warning in L0Learn.fit(X_train, y_train, penalty = "L0", lambdaGrid = list(c(lambda_val)),  :
│   Warning! Only 1 element in path with support size > maxSuppSize. 
│  Try increasing maxSuppSize to resolve the issue.
└ @ RCall ~/.julia/packages/RCall/JIY9I/src/io.jl:171
┌ Warning: RCall.jl: Warning in L0Learn.fit(X_train, y_train, penalty = "L0", lambdaGrid = list(c(lambda_val)),  :
│   Warning! Only 1 element in path with support size > maxSuppSize. 
│  Try increasing maxSuppSize to resolve the issue.
└ @ RCall ~/.julia/packages/RCall/JIY9I/src/io.jl:171
┌ Warning: RCall.jl: Warning in L0Learn.fit(X_train, y_train, penalty = "L0", lambdaGrid = list(c(lambda_val)),  :
│   Warning! Only 1 element in path with support size > maxSuppSize. 
│  Try increasing maxSuppSize to resolve the issue.
└ @ RCall ~/.julia/packages/RCall/JIY9I/src/io.jl:171
┌ Warning: RCall.jl: Warning in L0Learn.fit(X_train, y_train, penalty = "L0", lambdaGrid = list(c(lambda_val)),  :
│   Warning! Only 1 element in path with support size > maxSuppSize. 
│  Try increasing maxSuppSize to resolve the issue.
└ @ RCall ~/.julia/packages/RCall/JIY9I/src/io.jl:171
┌ Warning: RCall.jl: Warning in L0Learn.fit(X_train, y_train, penalty = "L0", lambdaGrid = list(c(lambda_val)),  :
│   Warning! Only 1 element in path with support size > maxSuppSize. 
│  Try increasing maxSuppSize to resolve the issue.
└ @ RCall ~/.julia/packages/RCall/JIY9I/src/io.jl:171
┌ Warning: RCall.jl: Warning in L0Learn.fit(X_train, y_train, penalty = "L0", lambdaGrid = list(c(lambda_val)),  :
│   Warning! Only 1 element in path with support size > maxSuppSize. 
│  Try increasing maxSuppSize to resolve the issue.
└ @ RCall ~/.julia/packages/RCall/JIY9I/src/io.jl:171
┌ Warning: RCall.jl: Warning in L0Learn.fit(X_train, y_train, penalty = "L0", lambdaGrid = list(c(lambda_val)),  :
│   Warning! Only 1 element in path with support size > maxSuppSize. 
│  Try increasing maxSuppSize to resolve the issue.
└ @ RCall ~/.julia/packages/RCall/JIY9I/src/io.jl:171
┌ Warning: RCall.jl: Warning in L0Learn.fit(X_train, y_train, penalty = "L0", lambdaGrid = list(c(lambda_val)),  :
│   Warning! Only 1 element in path with support size > maxSuppSize. 
│  Try increasing maxSuppSize to resolve the issue.
└ @ RCall ~/.julia/packages/RCall/JIY9I/src/io.jl:171
┌ Warning: RCall.jl: Warning in L0Learn.fit(X_train, y_train, penalty = "L0", lambdaGrid = list(c(lambda_val)),  :
│   Warning! Only 1 element in path with support size > maxSuppSize. 
│  Try increasing maxSuppSize to resolve the issue.
└ @ RCall ~/.julia/packages/RCall/JIY9I/src/io.jl:171
┌ Warning: RCall.jl: Warning in L0Learn.fit(X_train, y_train, penalty = "L0", lambdaGrid = list(c(lambda_val)),  :
│   Warning! Only 1 element in path with support size > maxSuppSize. 
│  Try increasing maxSuppSize to resolve the issue.
└ @ RCall ~/.julia/packages/RCall/JIY9I/src/io.jl:171
┌ Warning: RCall.jl: Warning in L0Learn.fit(X_train, y_train, penalty = "L0", lambdaGrid = list(c(lambda_val)),  :
│   Warning! Only 1 element in path with support size > maxSuppSize. 
│  Try increasing maxSuppSize to resolve the issue.
└ @ RCall ~/.julia/packages/RCall/JIY9I/src/io.jl:171
┌ Warning: RCall.jl: Warning in L0Learn.fit(X_train, y_train, penalty = "L0", lambdaGrid = list(c(lambda_val)),  :
│   Warning! Only 1 element in path with support size > maxSuppSize. 
│  Try increasing maxSuppSize to resolve the issue.
└ @ RCall ~/.julia/packages/RCall/JIY9I/src/io.jl:171
┌ Warning: RCall.jl: Warning in L0Learn.fit(X_train, y_train, penalty = "L0", lambdaGrid = list(c(lambda_val)),  :
│   Warning! Only 1 element in path with support size > maxSuppSize. 
│  Try increasing maxSuppSize to resolve the issue.
└ @ RCall ~/.julia/packages/RCall/JIY9I/src/io.jl:171
┌ Warning: RCall.jl: Warning in L0Learn.fit(X_train, y_train, penalty = "L0", lambdaGrid = list(c(lambda_val)),  :
│   Warning! Only 1 element in path with support size > maxSuppSize. 
│  Try increasing maxSuppSize to resolve the issue.
└ @ RCall ~/.julia/packages/RCall/JIY9I/src/io.jl:171
┌ Warning: RCall.jl: Warning in L0Learn.fit(X_train, y_train, penalty = "L0", lambdaGrid = list(c(lambda_val)),  :
│   Warning! Only 1 element in path with support size > maxSuppSize. 
│  Try increasing maxSuppSize to resolve the issue.
└ @ RCall ~/.julia/packages/RCall/JIY9I/src/io.jl:171
┌ Warning: RCall.jl: Warning in L0Learn.fit(X_train, y_train, penalty = "L0", lambdaGrid = list(c(lambda_val)),  :
│   Warning! Only 1 element in path with support size > maxSuppSize. 
│  Try increasing maxSuppSize to resolve the issue.
└ @ RCall ~/.julia/packages/RCall/JIY9I/src/io.jl:171
┌ Warning: RCall.jl: Warning in L0Learn.fit(X_train, y_train, penalty = "L0", lambdaGrid = list(c(lambda_val)),  :
│   Warning! Only 1 element in path with support size > maxSuppSize. 
│  Try increasing maxSuppSize to resolve the issue.
└ @ RCall ~/.julia/packages/RCall/JIY9I/src/io.jl:171
┌ Warning: RCall.jl: Warning in L0Learn.fit(X_train, y_train, penalty = "L0", lambdaGrid = list(c(lambda_val)),  :
│   Warning! Only 1 element in path with support size > maxSuppSize. 
│  Try increasing maxSuppSize to resolve the issue.
└ @ RCall ~/.julia/packages/RCall/JIY9I/src/io.jl:171
┌ Warning: RCall.jl: Warning in L0Learn.fit(X_train, y_train, penalty = "L0", lambdaGrid = list(c(lambda_val)),  :
│   Warning! Only 1 element in path with support size > maxSuppSize. 
│  Try increasing maxSuppSize to resolve the issue.
└ @ RCall ~/.julia/packages/RCall/JIY9I/src/io.jl:171
┌ Warning: RCall.jl: Warning in L0Learn.fit(X_train, y_train, penalty = "L0", lambdaGrid = list(c(lambda_val)),  :
│   Warning! Only 1 element in path with support size > maxSuppSize. 
│  Try increasing maxSuppSize to resolve the issue.
└ @ RCall ~/.julia/packages/RCall/JIY9I/src/io.jl:171
┌ Warning: RCall.jl: Warning in L0Learn.fit(X_train, y_train, penalty = "L0", lambdaGrid = list(c(lambda_val)),  :
│   Warning! Only 1 element in path with support size > maxSuppSize. 
│  Try increasing maxSuppSize to resolve the issue.
└ @ RCall ~/.julia/packages/RCall/JIY9I/src/io.jl:171
┌ Warning: RCall.jl: Warning in L0Learn.fit(X_train, y_train, penalty = "L0", lambdaGrid = list(c(lambda_val)),  :
│   Warning! Only 1 element in path with support size > maxSuppSize. 
│  Try increasing maxSuppSize to resolve the issue.
└ @ RCall ~/.julia/packages/RCall/JIY9I/src/io.jl:171
┌ Warning: RCall.jl: Warning in L0Learn.fit(X_train, y_train, penalty = "L0", lambdaGrid = list(c(lambda_val)),  :
│   Warning! Only 1 element in path with support size > maxSuppSize. 
│  Try increasing maxSuppSize to resolve the issue.
└ @ RCall ~/.julia/packages/RCall/JIY9I/src/io.jl:171
[ Info: Trial 3/10 completed
┌ Warning: RCall.jl: Warning in L0Learn.fit(X_train, y_train, penalty = "L0", lambdaGrid = list(c(lambda_val)),  :
│   Warning! Only 1 element in path with support size > maxSuppSize. 
│  Try increasing maxSuppSize to resolve the issue.
└ @ RCall ~/.julia/packages/RCall/JIY9I/src/io.jl:171
┌ Warning: RCall.jl: Warning in L0Learn.fit(X_train, y_train, penalty = "L0", lambdaGrid = list(c(lambda_val)),  :
│   Warning! Only 1 element in path with support size > maxSuppSize. 
│  Try increasing maxSuppSize to resolve the issue.
└ @ RCall ~/.julia/packages/RCall/JIY9I/src/io.jl:171
┌ Warning: RCall.jl: Warning in L0Learn.fit(X_train, y_train, penalty = "L0", lambdaGrid = list(c(lambda_val)),  :
│   Warning! Only 1 element in path with support size > maxSuppSize. 
│  Try increasing maxSuppSize to resolve the issue.
└ @ RCall ~/.julia/packages/RCall/JIY9I/src/io.jl:171
"CDSS" = "CDSS"
SUP = 100.0
Pred = 0.08525142827293489
Sim = 1.0
Infv = 0.30198285073759656
round(elapsed, digits = 2) = 14.66
"CDSS (β-only)" = "CDSS (β-only)"
SUP = 100.0
Pred = 0.08525142827293489
Sim = 1.0
Infv = 0.30198285073759656
round(elapsed, digits = 2) = 12.04
refinement_change = 5.428048089053914e-5
"SPGpCDSS" = "SPGpCDSS"
SUP = 100.0
Pred = 0.0852516939874549
Sim = 1.0
Infv = 0.302015148232865
round(elapsed, digits = 2) = 0.66
spgpcdss_chose_beta = true
"L0Learn" = "L0Learn"
supp_l0 = 49
predval_l0 = 0.4222161270882701
sim_l0 = 0.44
inf_l0 = 1.2310046355613902
round(elapsed, digits = 2) = 0.1
"L0Learn+PSI1" = "L0Learn+PSI1"
SUP = 100.0
Pred = 0.08525008342366958
Sim = 1.0
Infv = 0.3020053014408357
round(elapsed, digits = 2) = 15.98
"CDSS" = "CDSS"
SUP = 100.0
Pred = 0.09356605495627081
Sim = 1.0
Infv = 0.4323275565316894
round(elapsed, digits = 2) = 14.01
"CDSS (β-only)" = "CDSS (β-only)"
SUP = 100.0
Pred = 0.09356605495627081
Sim = 1.0
Infv = 0.4323275565316894
round(elapsed, digits = 2) = 14.23
refinement_change = 3.271440370921558e-5
"SPGpCDSS" = "SPGpCDSS"
SUP = 100.0
Pred = 0.09356634304167931
Sim = 1.0
Infv = 0.4322722173705814
round(elapsed, digits = 2) = 0.77
spgpcdss_chose_beta = true
"L0Learn" = "L0Learn"
supp_l0 = 50
predval_l0 = 0.4217061155552204
sim_l0 = 0.46
inf_l0 = 1.443848996022654
round(elapsed, digits = 2) = 0.08
"L0Learn+PSI1" = "L0Learn+PSI1"
SUP = 100.0
Pred = 0.09356597593528504
Sim = 1.0
Infv = 0.43224811010306774
round(elapsed, digits = 2) = 19.11
"CDSS" = "CDSS"
SUP = 100.0
Pred = 0.10551983949350577
Sim = 1.0
Infv = 0.32190094372429456
round(elapsed, digits = 2) = 13.71
"CDSS (β-only)" = "CDSS (β-only)"
SUP = 100.0
Pred = 0.10551983949350577
Sim = 1.0
Infv = 0.32190094372429456
round(elapsed, digits = 2) = 18.09
refinement_change = 5.827762732480184e-5
"SPGpCDSS" = "SPGpCDSS"
SUP = 103.0
Pred = 0.11331844463197482
Sim = 0.970873786407767
Infv = 0.4937203802017187
round(elapsed, digits = 2) = 1.21
spgpcdss_chose_beta = false
"L0Learn" = "L0Learn"
supp_l0 = 49
predval_l0 = 0.42907887601463374
sim_l0 = 0.45
inf_l0 = 1.295613452363319
round(elapsed, digits = 2) = 0.1
"L0Learn+PSI1" = "L0Learn+PSI1"
SUP = 100.0
Pred = 0.10508579987986373
Sim = 1.0
Infv = 0.30821277959034
round(elapsed, digits = 2) = 18.78
┌ Warning: RCall.jl: Warning in L0Learn.fit(X_train, y_train, penalty = "L0", lambdaGrid = list(c(lambda_val)),  :
│   Warning! Only 1 element in path with support size > maxSuppSize. 
│  Try increasing maxSuppSize to resolve the issue.
└ @ RCall ~/.julia/packages/RCall/JIY9I/src/io.jl:171
┌ Warning: RCall.jl: Warning in L0Learn.fit(X_train, y_train, penalty = "L0", lambdaGrid = list(c(lambda_val)),  :
│   Warning! Only 1 element in path with support size > maxSuppSize. 
│  Try increasing maxSuppSize to resolve the issue.
└ @ RCall ~/.julia/packages/RCall/JIY9I/src/io.jl:171
┌ Warning: RCall.jl: Warning in L0Learn.fit(X_train, y_train, penalty = "L0", lambdaGrid = list(c(lambda_val)),  :
│   Warning! Only 1 element in path with support size > maxSuppSize. 
│  Try increasing maxSuppSize to resolve the issue.
└ @ RCall ~/.julia/packages/RCall/JIY9I/src/io.jl:171
┌ Warning: RCall.jl: Warning in L0Learn.fit(X_train, y_train, penalty = "L0", lambdaGrid = list(c(lambda_val)),  :
│   Warning! Only 1 element in path with support size > maxSuppSize. 
│  Try increasing maxSuppSize to resolve the issue.
└ @ RCall ~/.julia/packages/RCall/JIY9I/src/io.jl:171
┌ Warning: RCall.jl: Warning in L0Learn.fit(X_train, y_train, penalty = "L0", lambdaGrid = list(c(lambda_val)),  :
│   Warning! Only 1 element in path with support size > maxSuppSize. 
│  Try increasing maxSuppSize to resolve the issue.
└ @ RCall ~/.julia/packages/RCall/JIY9I/src/io.jl:171
┌ Warning: RCall.jl: Warning in L0Learn.fit(X_train, y_train, penalty = "L0", lambdaGrid = list(c(lambda_val)),  :
│   Warning! Only 1 element in path with support size > maxSuppSize. 
│  Try increasing maxSuppSize to resolve the issue.
└ @ RCall ~/.julia/packages/RCall/JIY9I/src/io.jl:171
┌ Warning: RCall.jl: Warning in L0Learn.fit(X_train, y_train, penalty = "L0", lambdaGrid = list(c(lambda_val)),  :
│   Warning! Only 1 element in path with support size > maxSuppSize. 
│  Try increasing maxSuppSize to resolve the issue.
└ @ RCall ~/.julia/packages/RCall/JIY9I/src/io.jl:171
┌ Warning: RCall.jl: Warning in L0Learn.fit(X_train, y_train, penalty = "L0", lambdaGrid = list(c(lambda_val)),  :
│   Warning! Only 1 element in path with support size > maxSuppSize. 
│  Try increasing maxSuppSize to resolve the issue.
└ @ RCall ~/.julia/packages/RCall/JIY9I/src/io.jl:171
┌ Warning: RCall.jl: Warning in L0Learn.fit(X_train, y_train, penalty = "L0", lambdaGrid = list(c(lambda_val)),  :
│   Warning! Only 1 element in path with support size > maxSuppSize. 
│  Try increasing maxSuppSize to resolve the issue.
└ @ RCall ~/.julia/packages/RCall/JIY9I/src/io.jl:171
┌ Warning: RCall.jl: Warning in L0Learn.fit(X_train, y_train, penalty = "L0", lambdaGrid = list(c(lambda_val)),  :
│   Warning! Only 1 element in path with support size > maxSuppSize. 
│  Try increasing maxSuppSize to resolve the issue.
└ @ RCall ~/.julia/packages/RCall/JIY9I/src/io.jl:171
┌ Warning: RCall.jl: Warning in L0Learn.fit(X_train, y_train, penalty = "L0", lambdaGrid = list(c(lambda_val)),  :
│   Warning! Only 1 element in path with support size > maxSuppSize. 
│  Try increasing maxSuppSize to resolve the issue.
└ @ RCall ~/.julia/packages/RCall/JIY9I/src/io.jl:171
┌ Warning: RCall.jl: Warning in L0Learn.fit(X_train, y_train, penalty = "L0", lambdaGrid = list(c(lambda_val)),  :
│   Warning! Only 1 element in path with support size > maxSuppSize. 
│  Try increasing maxSuppSize to resolve the issue.
└ @ RCall ~/.julia/packages/RCall/JIY9I/src/io.jl:171
┌ Warning: RCall.jl: Warning in L0Learn.fit(X_train, y_train, penalty = "L0", lambdaGrid = list(c(lambda_val)),  :
│   Warning! Only 1 element in path with support size > maxSuppSize. 
│  Try increasing maxSuppSize to resolve the issue.
└ @ RCall ~/.julia/packages/RCall/JIY9I/src/io.jl:171
┌ Warning: RCall.jl: Warning in L0Learn.fit(X_train, y_train, penalty = "L0", lambdaGrid = list(c(lambda_val)),  :
│   Warning! Only 1 element in path with support size > maxSuppSize. 
│  Try increasing maxSuppSize to resolve the issue.
└ @ RCall ~/.julia/packages/RCall/JIY9I/src/io.jl:171
┌ Warning: RCall.jl: Warning in L0Learn.fit(X_train, y_train, penalty = "L0", lambdaGrid = list(c(lambda_val)),  :
│   Warning! Only 1 element in path with support size > maxSuppSize. 
│  Try increasing maxSuppSize to resolve the issue.
└ @ RCall ~/.julia/packages/RCall/JIY9I/src/io.jl:171
┌ Warning: RCall.jl: Warning in L0Learn.fit(X_train, y_train, penalty = "L0", lambdaGrid = list(c(lambda_val)),  :
│   Warning! Only 1 element in path with support size > maxSuppSize. 
│  Try increasing maxSuppSize to resolve the issue.
└ @ RCall ~/.julia/packages/RCall/JIY9I/src/io.jl:171
┌ Warning: RCall.jl: Warning in L0Learn.fit(X_train, y_train, penalty = "L0", lambdaGrid = list(c(lambda_val)),  :
│   Warning! Only 1 element in path with support size > maxSuppSize. 
│  Try increasing maxSuppSize to resolve the issue.
└ @ RCall ~/.julia/packages/RCall/JIY9I/src/io.jl:171
┌ Warning: RCall.jl: Warning in L0Learn.fit(X_train, y_train, penalty = "L0", lambdaGrid = list(c(lambda_val)),  :
│   Warning! Only 1 element in path with support size > maxSuppSize. 
│  Try increasing maxSuppSize to resolve the issue.
└ @ RCall ~/.julia/packages/RCall/JIY9I/src/io.jl:171
┌ Warning: RCall.jl: Warning in L0Learn.fit(X_train, y_train, penalty = "L0", lambdaGrid = list(c(lambda_val)),  :
│   Warning! Only 1 element in path with support size > maxSuppSize. 
│  Try increasing maxSuppSize to resolve the issue.
└ @ RCall ~/.julia/packages/RCall/JIY9I/src/io.jl:171
┌ Warning: RCall.jl: Warning in L0Learn.fit(X_train, y_train, penalty = "L0", lambdaGrid = list(c(lambda_val)),  :
│   Warning! Only 1 element in path with support size > maxSuppSize. 
│  Try increasing maxSuppSize to resolve the issue.
└ @ RCall ~/.julia/packages/RCall/JIY9I/src/io.jl:171
┌ Warning: RCall.jl: Warning in L0Learn.fit(X_train, y_train, penalty = "L0", lambdaGrid = list(c(lambda_val)),  :
│   Warning! Only 1 element in path with support size > maxSuppSize. 
│  Try increasing maxSuppSize to resolve the issue.
└ @ RCall ~/.julia/packages/RCall/JIY9I/src/io.jl:171
┌ Warning: RCall.jl: Warning in L0Learn.fit(X_train, y_train, penalty = "L0", lambdaGrid = list(c(lambda_val)),  :
│   Warning! Only 1 element in path with support size > maxSuppSize. 
│  Try increasing maxSuppSize to resolve the issue.
└ @ RCall ~/.julia/packages/RCall/JIY9I/src/io.jl:171
┌ Warning: RCall.jl: Warning in L0Learn.fit(X_train, y_train, penalty = "L0", lambdaGrid = list(c(lambda_val)),  :
│   Warning! Only 1 element in path with support size > maxSuppSize. 
│  Try increasing maxSuppSize to resolve the issue.
└ @ RCall ~/.julia/packages/RCall/JIY9I/src/io.jl:171
┌ Warning: RCall.jl: Warning in L0Learn.fit(X_train, y_train, penalty = "L0", lambdaGrid = list(c(lambda_val)),  :
│   Warning! Only 1 element in path with support size > maxSuppSize. 
│  Try increasing maxSuppSize to resolve the issue.
└ @ RCall ~/.julia/packages/RCall/JIY9I/src/io.jl:171
┌ Warning: RCall.jl: Warning in L0Learn.fit(X_train, y_train, penalty = "L0", lambdaGrid = list(c(lambda_val)),  :
│   Warning! Only 1 element in path with support size > maxSuppSize. 
│  Try increasing maxSuppSize to resolve the issue.
└ @ RCall ~/.julia/packages/RCall/JIY9I/src/io.jl:171
┌ Warning: RCall.jl: Warning in L0Learn.fit(X_train, y_train, penalty = "L0", lambdaGrid = list(c(lambda_val)),  :
│   Warning! Only 1 element in path with support size > maxSuppSize. 
│  Try increasing maxSuppSize to resolve the issue.
└ @ RCall ~/.julia/packages/RCall/JIY9I/src/io.jl:171
┌ Warning: RCall.jl: Warning in L0Learn.fit(X_train, y_train, penalty = "L0", lambdaGrid = list(c(lambda_val)),  :
│   Warning! Only 1 element in path with support size > maxSuppSize. 
│  Try increasing maxSuppSize to resolve the issue.
└ @ RCall ~/.julia/packages/RCall/JIY9I/src/io.jl:171
┌ Warning: RCall.jl: Warning in L0Learn.fit(X_train, y_train, penalty = "L0", lambdaGrid = list(c(lambda_val)),  :
│   Warning! Only 1 element in path with support size > maxSuppSize. 
│  Try increasing maxSuppSize to resolve the issue.
└ @ RCall ~/.julia/packages/RCall/JIY9I/src/io.jl:171
┌ Warning: RCall.jl: Warning in L0Learn.fit(X_train, y_train, penalty = "L0", lambdaGrid = list(c(lambda_val)),  :
│   Warning! Only 1 element in path with support size > maxSuppSize. 
│  Try increasing maxSuppSize to resolve the issue.
└ @ RCall ~/.julia/packages/RCall/JIY9I/src/io.jl:171
┌ Warning: RCall.jl: Warning in L0Learn.fit(X_train, y_train, penalty = "L0", lambdaGrid = list(c(lambda_val)),  :
│   Warning! Only 1 element in path with support size > maxSuppSize. 
│  Try increasing maxSuppSize to resolve the issue.
└ @ RCall ~/.julia/packages/RCall/JIY9I/src/io.jl:171
┌ Warning: RCall.jl: Warning in L0Learn.fit(X_train, y_train, penalty = "L0", lambdaGrid = list(c(lambda_val)),  :
│   Warning! Only 1 element in path with support size > maxSuppSize. 
│  Try increasing maxSuppSize to resolve the issue.
└ @ RCall ~/.julia/packages/RCall/JIY9I/src/io.jl:171
[ Info: Trial 4/10 completed
┌ Warning: RCall.jl: Warning in L0Learn.fit(X_train, y_train, penalty = "L0", lambdaGrid = list(c(lambda_val)),  :
│   Warning! Only 1 element in path with support size > maxSuppSize. 
│  Try increasing maxSuppSize to resolve the issue.
└ @ RCall ~/.julia/packages/RCall/JIY9I/src/io.jl:171
┌ Warning: RCall.jl: Warning in L0Learn.fit(X_train, y_train, penalty = "L0", lambdaGrid = list(c(lambda_val)),  :
│   Warning! Only 1 element in path with support size > maxSuppSize. 
│  Try increasing maxSuppSize to resolve the issue.
└ @ RCall ~/.julia/packages/RCall/JIY9I/src/io.jl:171
┌ Warning: RCall.jl: Warning in L0Learn.fit(X_train, y_train, penalty = "L0", lambdaGrid = list(c(lambda_val)),  :
│   Warning! Only 1 element in path with support size > maxSuppSize. 
│  Try increasing maxSuppSize to resolve the issue.
└ @ RCall ~/.julia/packages/RCall/JIY9I/src/io.jl:171
┌ Warning: RCall.jl: Warning in L0Learn.fit(X_train, y_train, penalty = "L0", lambdaGrid = list(c(lambda_val)),  :
│   Warning! Only 1 element in path with support size > maxSuppSize. 
│  Try increasing maxSuppSize to resolve the issue.
└ @ RCall ~/.julia/packages/RCall/JIY9I/src/io.jl:171
┌ Warning: RCall.jl: Warning in L0Learn.fit(X_train, y_train, penalty = "L0", lambdaGrid = list(c(lambda_val)),  :
│   Warning! Only 1 element in path with support size > maxSuppSize. 
│  Try increasing maxSuppSize to resolve the issue.
└ @ RCall ~/.julia/packages/RCall/JIY9I/src/io.jl:171
┌ Warning: RCall.jl: Warning in L0Learn.fit(X_train, y_train, penalty = "L0", lambdaGrid = list(c(lambda_val)),  :
│   Warning! Only 1 element in path with support size > maxSuppSize. 
│  Try increasing maxSuppSize to resolve the issue.
└ @ RCall ~/.julia/packages/RCall/JIY9I/src/io.jl:171
┌ Warning: RCall.jl: Warning in L0Learn.fit(X_train, y_train, penalty = "L0", lambdaGrid = list(c(lambda_val)),  :
│   Warning! Only 1 element in path with support size > maxSuppSize. 
│  Try increasing maxSuppSize to resolve the issue.
└ @ RCall ~/.julia/packages/RCall/JIY9I/src/io.jl:171
┌ Warning: RCall.jl: Warning in L0Learn.fit(X_train, y_train, penalty = "L0", lambdaGrid = list(c(lambda_val)),  :
│   Warning! Only 1 element in path with support size > maxSuppSize. 
│  Try increasing maxSuppSize to resolve the issue.
└ @ RCall ~/.julia/packages/RCall/JIY9I/src/io.jl:171
┌ Warning: RCall.jl: Warning in L0Learn.fit(X_train, y_train, penalty = "L0", lambdaGrid = list(c(lambda_val)),  :
│   Warning! Only 1 element in path with support size > maxSuppSize. 
│  Try increasing maxSuppSize to resolve the issue.
└ @ RCall ~/.julia/packages/RCall/JIY9I/src/io.jl:171
┌ Warning: RCall.jl: Warning in L0Learn.fit(X_train, y_train, penalty = "L0", lambdaGrid = list(c(lambda_val)),  :
│   Warning! Only 1 element in path with support size > maxSuppSize. 
│  Try increasing maxSuppSize to resolve the issue.
└ @ RCall ~/.julia/packages/RCall/JIY9I/src/io.jl:171
┌ Warning: RCall.jl: Warning in L0Learn.fit(X_train, y_train, penalty = "L0", lambdaGrid = list(c(lambda_val)),  :
│   Warning! Only 1 element in path with support size > maxSuppSize. 
│  Try increasing maxSuppSize to resolve the issue.
└ @ RCall ~/.julia/packages/RCall/JIY9I/src/io.jl:171
┌ Warning: RCall.jl: Warning in L0Learn.fit(X_train, y_train, penalty = "L0", lambdaGrid = list(c(lambda_val)),  :
│   Warning! Only 1 element in path with support size > maxSuppSize. 
│  Try increasing maxSuppSize to resolve the issue.
└ @ RCall ~/.julia/packages/RCall/JIY9I/src/io.jl:171
┌ Warning: RCall.jl: Warning in L0Learn.fit(X_train, y_train, penalty = "L0", lambdaGrid = list(c(lambda_val)),  :
│   Warning! Only 1 element in path with support size > maxSuppSize. 
│  Try increasing maxSuppSize to resolve the issue.
└ @ RCall ~/.julia/packages/RCall/JIY9I/src/io.jl:171
┌ Warning: RCall.jl: Warning in L0Learn.fit(X_train, y_train, penalty = "L0", lambdaGrid = list(c(lambda_val)),  :
│   Warning! Only 1 element in path with support size > maxSuppSize. 
│  Try increasing maxSuppSize to resolve the issue.
└ @ RCall ~/.julia/packages/RCall/JIY9I/src/io.jl:171
┌ Warning: RCall.jl: Warning in L0Learn.fit(X_train, y_train, penalty = "L0", lambdaGrid = list(c(lambda_val)),  :
│   Warning! Only 1 element in path with support size > maxSuppSize. 
│  Try increasing maxSuppSize to resolve the issue.
└ @ RCall ~/.julia/packages/RCall/JIY9I/src/io.jl:171
┌ Warning: RCall.jl: Warning in L0Learn.fit(X_train, y_train, penalty = "L0", lambdaGrid = list(c(lambda_val)),  :
│   Warning! Only 1 element in path with support size > maxSuppSize. 
│  Try increasing maxSuppSize to resolve the issue.
└ @ RCall ~/.julia/packages/RCall/JIY9I/src/io.jl:171
┌ Warning: RCall.jl: Warning in L0Learn.fit(X_train, y_train, penalty = "L0", lambdaGrid = list(c(lambda_val)),  :
│   Warning! Only 1 element in path with support size > maxSuppSize. 
│  Try increasing maxSuppSize to resolve the issue.
└ @ RCall ~/.julia/packages/RCall/JIY9I/src/io.jl:171
┌ Warning: RCall.jl: Warning in L0Learn.fit(X_train, y_train, penalty = "L0", lambdaGrid = list(c(lambda_val)),  :
│   Warning! Only 1 element in path with support size > maxSuppSize. 
│  Try increasing maxSuppSize to resolve the issue.
└ @ RCall ~/.julia/packages/RCall/JIY9I/src/io.jl:171
┌ Warning: RCall.jl: Warning in L0Learn.fit(X_train, y_train, penalty = "L0", lambdaGrid = list(c(lambda_val)),  :
│   Warning! Only 1 element in path with support size > maxSuppSize. 
│  Try increasing maxSuppSize to resolve the issue.
└ @ RCall ~/.julia/packages/RCall/JIY9I/src/io.jl:171
┌ Warning: RCall.jl: Warning in L0Learn.fit(X_train, y_train, penalty = "L0", lambdaGrid = list(c(lambda_val)),  :
│   Warning! Only 1 element in path with support size > maxSuppSize. 
│  Try increasing maxSuppSize to resolve the issue.
└ @ RCall ~/.julia/packages/RCall/JIY9I/src/io.jl:171
┌ Warning: RCall.jl: Warning in L0Learn.fit(X_train, y_train, penalty = "L0", lambdaGrid = list(c(lambda_val)),  :
│   Warning! Only 1 element in path with support size > maxSuppSize. 
│  Try increasing maxSuppSize to resolve the issue.
└ @ RCall ~/.julia/packages/RCall/JIY9I/src/io.jl:171
┌ Warning: RCall.jl: Warning in L0Learn.fit(X_train, y_train, penalty = "L0", lambdaGrid = list(c(lambda_val)),  :
│   Warning! Only 1 element in path with support size > maxSuppSize. 
│  Try increasing maxSuppSize to resolve the issue.
└ @ RCall ~/.julia/packages/RCall/JIY9I/src/io.jl:171
┌ Warning: RCall.jl: Warning in L0Learn.fit(X_train, y_train, penalty = "L0", lambdaGrid = list(c(lambda_val)),  :
│   Warning! Only 1 element in path with support size > maxSuppSize. 
│  Try increasing maxSuppSize to resolve the issue.
└ @ RCall ~/.julia/packages/RCall/JIY9I/src/io.jl:171
┌ Warning: RCall.jl: Warning in L0Learn.fit(X_train, y_train, penalty = "L0", lambdaGrid = list(c(lambda_val)),  :
│   Warning! Only 1 element in path with support size > maxSuppSize. 
│  Try increasing maxSuppSize to resolve the issue.
└ @ RCall ~/.julia/packages/RCall/JIY9I/src/io.jl:171
┌ Warning: RCall.jl: Warning in L0Learn.fit(X_train, y_train, penalty = "L0", lambdaGrid = list(c(lambda_val)),  :
│   Warning! Only 1 element in path with support size > maxSuppSize. 
│  Try increasing maxSuppSize to resolve the issue.
└ @ RCall ~/.julia/packages/RCall/JIY9I/src/io.jl:171
┌ Warning: RCall.jl: Warning in L0Learn.fit(X_train, y_train, penalty = "L0", lambdaGrid = list(c(lambda_val)),  :
│   Warning! Only 1 element in path with support size > maxSuppSize. 
│  Try increasing maxSuppSize to resolve the issue.
└ @ RCall ~/.julia/packages/RCall/JIY9I/src/io.jl:171
┌ Warning: RCall.jl: Warning in L0Learn.fit(X_train, y_train, penalty = "L0", lambdaGrid = list(c(lambda_val)),  :
│   Warning! Only 1 element in path with support size > maxSuppSize. 
│  Try increasing maxSuppSize to resolve the issue.
└ @ RCall ~/.julia/packages/RCall/JIY9I/src/io.jl:171
┌ Warning: RCall.jl: Warning in L0Learn.fit(X_train, y_train, penalty = "L0", lambdaGrid = list(c(lambda_val)),  :
│   Warning! Only 1 element in path with support size > maxSuppSize. 
│  Try increasing maxSuppSize to resolve the issue.
└ @ RCall ~/.julia/packages/RCall/JIY9I/src/io.jl:171
┌ Warning: RCall.jl: Warning in L0Learn.fit(X_train, y_train, penalty = "L0", lambdaGrid = list(c(lambda_val)),  :
│   Warning! Only 1 element in path with support size > maxSuppSize. 
│  Try increasing maxSuppSize to resolve the issue.
└ @ RCall ~/.julia/packages/RCall/JIY9I/src/io.jl:171
┌ Warning: RCall.jl: Warning in L0Learn.fit(X_train, y_train, penalty = "L0", lambdaGrid = list(c(lambda_val)),  :
│   Warning! Only 1 element in path with support size > maxSuppSize. 
│  Try increasing maxSuppSize to resolve the issue.
└ @ RCall ~/.julia/packages/RCall/JIY9I/src/io.jl:171
┌ Warning: RCall.jl: Warning in L0Learn.fit(X_train, y_train, penalty = "L0", lambdaGrid = list(c(lambda_val)),  :
│   Warning! Only 1 element in path with support size > maxSuppSize. 
│  Try increasing maxSuppSize to resolve the issue.
└ @ RCall ~/.julia/packages/RCall/JIY9I/src/io.jl:171
┌ Warning: RCall.jl: Warning in L0Learn.fit(X_train, y_train, penalty = "L0", lambdaGrid = list(c(lambda_val)),  :
│   Warning! Only 1 element in path with support size > maxSuppSize. 
│  Try increasing maxSuppSize to resolve the issue.
└ @ RCall ~/.julia/packages/RCall/JIY9I/src/io.jl:171
┌ Warning: RCall.jl: Warning in L0Learn.fit(X_train, y_train, penalty = "L0", lambdaGrid = list(c(lambda_val)),  :
│   Warning! Only 1 element in path with support size > maxSuppSize. 
│  Try increasing maxSuppSize to resolve the issue.
└ @ RCall ~/.julia/packages/RCall/JIY9I/src/io.jl:171
[ Info: Trial 5/10 completed
┌ Warning: RCall.jl: Warning in L0Learn.fit(X_train, y_train, penalty = "L0", lambdaGrid = list(c(lambda_val)),  :
│   Warning! Only 1 element in path with support size > maxSuppSize. 
│  Try increasing maxSuppSize to resolve the issue.
└ @ RCall ~/.julia/packages/RCall/JIY9I/src/io.jl:171
┌ Warning: RCall.jl: Warning in L0Learn.fit(X_train, y_train, penalty = "L0", lambdaGrid = list(c(lambda_val)),  :
│   Warning! Only 1 element in path with support size > maxSuppSize. 
│  Try increasing maxSuppSize to resolve the issue.
└ @ RCall ~/.julia/packages/RCall/JIY9I/src/io.jl:171
┌ Warning: RCall.jl: Warning in L0Learn.fit(X_train, y_train, penalty = "L0", lambdaGrid = list(c(lambda_val)),  :
│   Warning! Only 1 element in path with support size > maxSuppSize. 
│  Try increasing maxSuppSize to resolve the issue.
└ @ RCall ~/.julia/packages/RCall/JIY9I/src/io.jl:171
┌ Warning: RCall.jl: Warning in L0Learn.fit(X_train, y_train, penalty = "L0", lambdaGrid = list(c(lambda_val)),  :
│   Warning! Only 1 element in path with support size > maxSuppSize. 
│  Try increasing maxSuppSize to resolve the issue.
└ @ RCall ~/.julia/packages/RCall/JIY9I/src/io.jl:171
┌ Warning: RCall.jl: Warning in L0Learn.fit(X_train, y_train, penalty = "L0", lambdaGrid = list(c(lambda_val)),  :
│   Warning! Only 1 element in path with support size > maxSuppSize. 
│  Try increasing maxSuppSize to resolve the issue.
└ @ RCall ~/.julia/packages/RCall/JIY9I/src/io.jl:171
┌ Warning: RCall.jl: Warning in L0Learn.fit(X_train, y_train, penalty = "L0", lambdaGrid = list(c(lambda_val)),  :
│   Warning! Only 1 element in path with support size > maxSuppSize. 
│  Try increasing maxSuppSize to resolve the issue.
└ @ RCall ~/.julia/packages/RCall/JIY9I/src/io.jl:171
┌ Warning: RCall.jl: Warning in L0Learn.fit(X_train, y_train, penalty = "L0", lambdaGrid = list(c(lambda_val)),  :
│   Warning! Only 1 element in path with support size > maxSuppSize. 
│  Try increasing maxSuppSize to resolve the issue.
└ @ RCall ~/.julia/packages/RCall/JIY9I/src/io.jl:171
┌ Warning: RCall.jl: Warning in L0Learn.fit(X_train, y_train, penalty = "L0", lambdaGrid = list(c(lambda_val)),  :
│   Warning! Only 1 element in path with support size > maxSuppSize. 
│  Try increasing maxSuppSize to resolve the issue.
└ @ RCall ~/.julia/packages/RCall/JIY9I/src/io.jl:171
┌ Warning: RCall.jl: Warning in L0Learn.fit(X_train, y_train, penalty = "L0", lambdaGrid = list(c(lambda_val)),  :
│   Warning! Only 1 element in path with support size > maxSuppSize. 
│  Try increasing maxSuppSize to resolve the issue.
└ @ RCall ~/.julia/packages/RCall/JIY9I/src/io.jl:171
┌ Warning: RCall.jl: Warning in L0Learn.fit(X_train, y_train, penalty = "L0", lambdaGrid = list(c(lambda_val)),  :
│   Warning! Only 1 element in path with support size > maxSuppSize. 
│  Try increasing maxSuppSize to resolve the issue.
└ @ RCall ~/.julia/packages/RCall/JIY9I/src/io.jl:171
┌ Warning: RCall.jl: Warning in L0Learn.fit(X_train, y_train, penalty = "L0", lambdaGrid = list(c(lambda_val)),  :
│   Warning! Only 1 element in path with support size > maxSuppSize. 
│  Try increasing maxSuppSize to resolve the issue.
└ @ RCall ~/.julia/packages/RCall/JIY9I/src/io.jl:171
┌ Warning: RCall.jl: Warning in L0Learn.fit(X_train, y_train, penalty = "L0", lambdaGrid = list(c(lambda_val)),  :
│   Warning! Only 1 element in path with support size > maxSuppSize. 
│  Try increasing maxSuppSize to resolve the issue.
└ @ RCall ~/.julia/packages/RCall/JIY9I/src/io.jl:171
┌ Warning: RCall.jl: Warning in L0Learn.fit(X_train, y_train, penalty = "L0", lambdaGrid = list(c(lambda_val)),  :
│   Warning! Only 1 element in path with support size > maxSuppSize. 
│  Try increasing maxSuppSize to resolve the issue.
└ @ RCall ~/.julia/packages/RCall/JIY9I/src/io.jl:171
┌ Warning: RCall.jl: Warning in L0Learn.fit(X_train, y_train, penalty = "L0", lambdaGrid = list(c(lambda_val)),  :
│   Warning! Only 1 element in path with support size > maxSuppSize. 
│  Try increasing maxSuppSize to resolve the issue.
└ @ RCall ~/.julia/packages/RCall/JIY9I/src/io.jl:171
┌ Warning: RCall.jl: Warning in L0Learn.fit(X_train, y_train, penalty = "L0", lambdaGrid = list(c(lambda_val)),  :
│   Warning! Only 1 element in path with support size > maxSuppSize. 
│  Try increasing maxSuppSize to resolve the issue.
└ @ RCall ~/.julia/packages/RCall/JIY9I/src/io.jl:171
┌ Warning: RCall.jl: Warning in L0Learn.fit(X_train, y_train, penalty = "L0", lambdaGrid = list(c(lambda_val)),  :
│   Warning! Only 1 element in path with support size > maxSuppSize. 
│  Try increasing maxSuppSize to resolve the issue.
└ @ RCall ~/.julia/packages/RCall/JIY9I/src/io.jl:171
┌ Warning: RCall.jl: Warning in L0Learn.fit(X_train, y_train, penalty = "L0", lambdaGrid = list(c(lambda_val)),  :
│   Warning! Only 1 element in path with support size > maxSuppSize. 
│  Try increasing maxSuppSize to resolve the issue.
└ @ RCall ~/.julia/packages/RCall/JIY9I/src/io.jl:171
┌ Warning: RCall.jl: Warning in L0Learn.fit(X_train, y_train, penalty = "L0", lambdaGrid = list(c(lambda_val)),  :
│   Warning! Only 1 element in path with support size > maxSuppSize. 
│  Try increasing maxSuppSize to resolve the issue.
└ @ RCall ~/.julia/packages/RCall/JIY9I/src/io.jl:171
┌ Warning: RCall.jl: Warning in L0Learn.fit(X_train, y_train, penalty = "L0", lambdaGrid = list(c(lambda_val)),  :
│   Warning! Only 1 element in path with support size > maxSuppSize. 
│  Try increasing maxSuppSize to resolve the issue.
└ @ RCall ~/.julia/packages/RCall/JIY9I/src/io.jl:171
┌ Warning: RCall.jl: Warning in L0Learn.fit(X_train, y_train, penalty = "L0", lambdaGrid = list(c(lambda_val)),  :
│   Warning! Only 1 element in path with support size > maxSuppSize. 
│  Try increasing maxSuppSize to resolve the issue.
└ @ RCall ~/.julia/packages/RCall/JIY9I/src/io.jl:171
┌ Warning: RCall.jl: Warning in L0Learn.fit(X_train, y_train, penalty = "L0", lambdaGrid = list(c(lambda_val)),  :
│   Warning! Only 1 element in path with support size > maxSuppSize. 
│  Try increasing maxSuppSize to resolve the issue.
└ @ RCall ~/.julia/packages/RCall/JIY9I/src/io.jl:171
┌ Warning: RCall.jl: Warning in L0Learn.fit(X_train, y_train, penalty = "L0", lambdaGrid = list(c(lambda_val)),  :
│   Warning! Only 1 element in path with support size > maxSuppSize. 
│  Try increasing maxSuppSize to resolve the issue.
└ @ RCall ~/.julia/packages/RCall/JIY9I/src/io.jl:171
┌ Warning: RCall.jl: Warning in L0Learn.fit(X_train, y_train, penalty = "L0", lambdaGrid = list(c(lambda_val)),  :
│   Warning! Only 1 element in path with support size > maxSuppSize. 
│  Try increasing maxSuppSize to resolve the issue.
└ @ RCall ~/.julia/packages/RCall/JIY9I/src/io.jl:171
┌ Warning: RCall.jl: Warning in L0Learn.fit(X_train, y_train, penalty = "L0", lambdaGrid = list(c(lambda_val)),  :
│   Warning! Only 1 element in path with support size > maxSuppSize. 
│  Try increasing maxSuppSize to resolve the issue.
└ @ RCall ~/.julia/packages/RCall/JIY9I/src/io.jl:171
┌ Warning: RCall.jl: Warning in L0Learn.fit(X_train, y_train, penalty = "L0", lambdaGrid = list(c(lambda_val)),  :
│   Warning! Only 1 element in path with support size > maxSuppSize. 
│  Try increasing maxSuppSize to resolve the issue.
└ @ RCall ~/.julia/packages/RCall/JIY9I/src/io.jl:171
┌ Warning: RCall.jl: Warning in L0Learn.fit(X_train, y_train, penalty = "L0", lambdaGrid = list(c(lambda_val)),  :
│   Warning! Only 1 element in path with support size > maxSuppSize. 
│  Try increasing maxSuppSize to resolve the issue.
└ @ RCall ~/.julia/packages/RCall/JIY9I/src/io.jl:171
┌ Warning: RCall.jl: Warning in L0Learn.fit(X_train, y_train, penalty = "L0", lambdaGrid = list(c(lambda_val)),  :
│   Warning! Only 1 element in path with support size > maxSuppSize. 
│  Try increasing maxSuppSize to resolve the issue.
└ @ RCall ~/.julia/packages/RCall/JIY9I/src/io.jl:171
┌ Warning: RCall.jl: Warning in L0Learn.fit(X_train, y_train, penalty = "L0", lambdaGrid = list(c(lambda_val)),  :
│   Warning! Only 1 element in path with support size > maxSuppSize. 
│  Try increasing maxSuppSize to resolve the issue.
└ @ RCall ~/.julia/packages/RCall/JIY9I/src/io.jl:171
┌ Warning: RCall.jl: Warning in L0Learn.fit(X_train, y_train, penalty = "L0", lambdaGrid = list(c(lambda_val)),  :
│   Warning! Only 1 element in path with support size > maxSuppSize. 
│  Try increasing maxSuppSize to resolve the issue.
└ @ RCall ~/.julia/packages/RCall/JIY9I/src/io.jl:171
┌ Warning: RCall.jl: Warning in L0Learn.fit(X_train, y_train, penalty = "L0", lambdaGrid = list(c(lambda_val)),  :
│   Warning! Only 1 element in path with support size > maxSuppSize. 
│  Try increasing maxSuppSize to resolve the issue.
└ @ RCall ~/.julia/packages/RCall/JIY9I/src/io.jl:171
┌ Warning: RCall.jl: Warning in L0Learn.fit(X_train, y_train, penalty = "L0", lambdaGrid = list(c(lambda_val)),  :
│   Warning! Only 1 element in path with support size > maxSuppSize. 
│  Try increasing maxSuppSize to resolve the issue.
└ @ RCall ~/.julia/packages/RCall/JIY9I/src/io.jl:171
┌ Warning: RCall.jl: Warning in L0Learn.fit(X_train, y_train, penalty = "L0", lambdaGrid = list(c(lambda_val)),  :
│   Warning! Only 1 element in path with support size > maxSuppSize. 
│  Try increasing maxSuppSize to resolve the issue.
└ @ RCall ~/.julia/packages/RCall/JIY9I/src/io.jl:171
┌ Warning: RCall.jl: Warning in L0Learn.fit(X_train, y_train, penalty = "L0", lambdaGrid = list(c(lambda_val)),  :
│   Warning! Only 1 element in path with support size > maxSuppSize. 
│  Try increasing maxSuppSize to resolve the issue.
└ @ RCall ~/.julia/packages/RCall/JIY9I/src/io.jl:171
┌ Warning: RCall.jl: Warning in L0Learn.fit(X_train, y_train, penalty = "L0", lambdaGrid = list(c(lambda_val)),  :
│   Warning! Only 1 element in path with support size > maxSuppSize. 
│  Try increasing maxSuppSize to resolve the issue.
└ @ RCall ~/.julia/packages/RCall/JIY9I/src/io.jl:171
┌ Warning: RCall.jl: Warning in L0Learn.fit(X_train, y_train, penalty = "L0", lambdaGrid = list(c(lambda_val)),  :
│   Warning! Only 1 element in path with support size > maxSuppSize. 
│  Try increasing maxSuppSize to resolve the issue.
└ @ RCall ~/.julia/packages/RCall/JIY9I/src/io.jl:171
┌ Warning: RCall.jl: Warning in L0Learn.fit(X_train, y_train, penalty = "L0", lambdaGrid = list(c(lambda_val)),  :
│   Warning! Only 1 element in path with support size > maxSuppSize. 
│  Try increasing maxSuppSize to resolve the issue.
└ @ RCall ~/.julia/packages/RCall/JIY9I/src/io.jl:171
[ Info: Trial 6/10 completed
┌ Warning: RCall.jl: Warning in L0Learn.fit(X_train, y_train, penalty = "L0", lambdaGrid = list(c(lambda_val)),  :
│   Warning! Only 1 element in path with support size > maxSuppSize. 
│  Try increasing maxSuppSize to resolve the issue.
└ @ RCall ~/.julia/packages/RCall/JIY9I/src/io.jl:171
┌ Warning: RCall.jl: Warning in L0Learn.fit(X_train, y_train, penalty = "L0", lambdaGrid = list(c(lambda_val)),  :
│   Warning! Only 1 element in path with support size > maxSuppSize. 
│  Try increasing maxSuppSize to resolve the issue.
└ @ RCall ~/.julia/packages/RCall/JIY9I/src/io.jl:171
┌ Warning: RCall.jl: Warning in L0Learn.fit(X_train, y_train, penalty = "L0", lambdaGrid = list(c(lambda_val)),  :
│   Warning! Only 1 element in path with support size > maxSuppSize. 
│  Try increasing maxSuppSize to resolve the issue.
└ @ RCall ~/.julia/packages/RCall/JIY9I/src/io.jl:171
┌ Warning: RCall.jl: Warning in L0Learn.fit(X_train, y_train, penalty = "L0", lambdaGrid = list(c(lambda_val)),  :
│   Warning! Only 1 element in path with support size > maxSuppSize. 
│  Try increasing maxSuppSize to resolve the issue.
└ @ RCall ~/.julia/packages/RCall/JIY9I/src/io.jl:171
┌ Warning: RCall.jl: Warning in L0Learn.fit(X_train, y_train, penalty = "L0", lambdaGrid = list(c(lambda_val)),  :
│   Warning! Only 1 element in path with support size > maxSuppSize. 
│  Try increasing maxSuppSize to resolve the issue.
└ @ RCall ~/.julia/packages/RCall/JIY9I/src/io.jl:171
┌ Warning: RCall.jl: Warning in L0Learn.fit(X_train, y_train, penalty = "L0", lambdaGrid = list(c(lambda_val)),  :
│   Warning! Only 1 element in path with support size > maxSuppSize. 
│  Try increasing maxSuppSize to resolve the issue.
└ @ RCall ~/.julia/packages/RCall/JIY9I/src/io.jl:171
┌ Warning: RCall.jl: Warning in L0Learn.fit(X_train, y_train, penalty = "L0", lambdaGrid = list(c(lambda_val)),  :
│   Warning! Only 1 element in path with support size > maxSuppSize. 
│  Try increasing maxSuppSize to resolve the issue.
└ @ RCall ~/.julia/packages/RCall/JIY9I/src/io.jl:171
┌ Warning: RCall.jl: Warning in L0Learn.fit(X_train, y_train, penalty = "L0", lambdaGrid = list(c(lambda_val)),  :
│   Warning! Only 1 element in path with support size > maxSuppSize. 
│  Try increasing maxSuppSize to resolve the issue.
└ @ RCall ~/.julia/packages/RCall/JIY9I/src/io.jl:171
┌ Warning: RCall.jl: Warning in L0Learn.fit(X_train, y_train, penalty = "L0", lambdaGrid = list(c(lambda_val)),  :
│   Warning! Only 1 element in path with support size > maxSuppSize. 
│  Try increasing maxSuppSize to resolve the issue.
└ @ RCall ~/.julia/packages/RCall/JIY9I/src/io.jl:171
"CDSS" = "CDSS"
SUP = 100.0
Pred = 0.10714464825470729
Sim = 1.0
Infv = 0.3066336292571774
round(elapsed, digits = 2) = 13.9
"CDSS (β-only)" = "CDSS (β-only)"
SUP = 100.0
Pred = 0.10714488839910222
Sim = 1.0
Infv = 0.30651547020300995
round(elapsed, digits = 2) = 11.59
refinement_change = 2.642632146383655e-5
"SPGpCDSS" = "SPGpCDSS"
SUP = 100.0
Pred = 0.10714564794917539
Sim = 1.0
Infv = 0.30650338059679516
round(elapsed, digits = 2) = 1.27
spgpcdss_chose_beta = true
"L0Learn" = "L0Learn"
supp_l0 = 49
predval_l0 = 0.41767261410004747
sim_l0 = 0.45
inf_l0 = 1.5643942853768242
round(elapsed, digits = 2) = 0.09
"L0Learn+PSI1" = "L0Learn+PSI1"
SUP = 100.0
Pred = 0.10714351898241975
Sim = 1.0
Infv = 0.306441569669597
round(elapsed, digits = 2) = 20.21
"CDSS" = "CDSS"
SUP = 100.0
Pred = 0.09848621324359787
Sim = 1.0
Infv = 0.31556419125664026
round(elapsed, digits = 2) = 10.97
"CDSS (β-only)" = "CDSS (β-only)"
SUP = 100.0
Pred = 0.09848621324359787
Sim = 1.0
Infv = 0.31556419125664026
round(elapsed, digits = 2) = 17.04
refinement_change = 2.4387093415368277e-5
"SPGpCDSS" = "SPGpCDSS"
SUP = 100.0
Pred = 0.09848567988681278
Sim = 1.0
Infv = 0.3155885744828303
round(elapsed, digits = 2) = 1.48
spgpcdss_chose_beta = false
"L0Learn" = "L0Learn"
supp_l0 = 44
predval_l0 = 0.4287582075359135
sim_l0 = 0.43
inf_l0 = 1.2988933095730397
round(elapsed, digits = 2) = 0.08
"L0Learn+PSI1" = "L0Learn+PSI1"
SUP = 100.0
Pred = 0.09848748288974354
Sim = 1.0
Infv = 0.3156315996684269
round(elapsed, digits = 2) = 19.44
"CDSS" = "CDSS"
SUP = 100.0
Pred = 0.10723668593190863
Sim = 1.0
Infv = 0.29185199519306537
round(elapsed, digits = 2) = 13.95
"CDSS (β-only)" = "CDSS (β-only)"
SUP = 100.0
Pred = 0.10723668593190863
Sim = 1.0
Infv = 0.29185199519306537
round(elapsed, digits = 2) = 19.35
refinement_change = 4.424350624668647e-5
"SPGpCDSS" = "SPGpCDSS"
SUP = 100.0
Pred = 0.10723686692099534
Sim = 1.0
Infv = 0.2918412801811545
round(elapsed, digits = 2) = 1.98
spgpcdss_chose_beta = true
"L0Learn" = "L0Learn"
supp_l0 = 50
predval_l0 = 0.41446260671046553
sim_l0 = 0.46
inf_l0 = 1.481607507037301
round(elapsed, digits = 2) = 0.15
"L0Learn+PSI1" = "L0Learn+PSI1"
SUP = 100.0
Pred = 0.10662602571019943
Sim = 1.0
Infv = 0.29850074104777147
round(elapsed, digits = 2) = 18.26
"CDSS" = "CDSS"
SUP = 100.0
Pred = 0.09223740784997159
Sim = 1.0
Infv = 0.2981246166781677
round(elapsed, digits = 2) = 15.26
"CDSS (β-only)" = "CDSS (β-only)"
SUP = 100.0
Pred = 0.09223776808976426
Sim = 1.0
Infv = 0.2981975801173218
round(elapsed, digits = 2) = 12.66
refinement_change = 5.2559988917928004e-5
"SPGpCDSS" = "SPGpCDSS"
SUP = 101.0
Pred = 0.0940273322402201
Sim = 0.9900990099009901
Infv = 0.4368043525752184
round(elapsed, digits = 2) = 1.11
spgpcdss_chose_beta = true
"L0Learn" = "L0Learn"
supp_l0 = 48
predval_l0 = 0.4179210211652507
sim_l0 = 0.42
inf_l0 = 1.3319059248090266
round(elapsed, digits = 2) = 0.09
"L0Learn+PSI1" = "L0Learn+PSI1"
SUP = 100.0
Pred = 0.09223737505737263
Sim = 1.0
Infv = 0.2982521702636399
round(elapsed, digits = 2) = 18.82
┌ Warning: RCall.jl: Warning in L0Learn.fit(X_train, y_train, penalty = "L0", lambdaGrid = list(c(lambda_val)),  :
│   Warning! Only 1 element in path with support size > maxSuppSize. 
│  Try increasing maxSuppSize to resolve the issue.
└ @ RCall ~/.julia/packages/RCall/JIY9I/src/io.jl:171
┌ Warning: RCall.jl: Warning in L0Learn.fit(X_train, y_train, penalty = "L0", lambdaGrid = list(c(lambda_val)),  :
│   Warning! Only 1 element in path with support size > maxSuppSize. 
│  Try increasing maxSuppSize to resolve the issue.
└ @ RCall ~/.julia/packages/RCall/JIY9I/src/io.jl:171
┌ Warning: RCall.jl: Warning in L0Learn.fit(X_train, y_train, penalty = "L0", lambdaGrid = list(c(lambda_val)),  :
│   Warning! Only 1 element in path with support size > maxSuppSize. 
│  Try increasing maxSuppSize to resolve the issue.
└ @ RCall ~/.julia/packages/RCall/JIY9I/src/io.jl:171
┌ Warning: RCall.jl: Warning in L0Learn.fit(X_train, y_train, penalty = "L0", lambdaGrid = list(c(lambda_val)),  :
│   Warning! Only 1 element in path with support size > maxSuppSize. 
│  Try increasing maxSuppSize to resolve the issue.
└ @ RCall ~/.julia/packages/RCall/JIY9I/src/io.jl:171
┌ Warning: RCall.jl: Warning in L0Learn.fit(X_train, y_train, penalty = "L0", lambdaGrid = list(c(lambda_val)),  :
│   Warning! Only 1 element in path with support size > maxSuppSize. 
│  Try increasing maxSuppSize to resolve the issue.
└ @ RCall ~/.julia/packages/RCall/JIY9I/src/io.jl:171
┌ Warning: RCall.jl: Warning in L0Learn.fit(X_train, y_train, penalty = "L0", lambdaGrid = list(c(lambda_val)),  :
│   Warning! Only 1 element in path with support size > maxSuppSize. 
│  Try increasing maxSuppSize to resolve the issue.
└ @ RCall ~/.julia/packages/RCall/JIY9I/src/io.jl:171
┌ Warning: RCall.jl: Warning in L0Learn.fit(X_train, y_train, penalty = "L0", lambdaGrid = list(c(lambda_val)),  :
│   Warning! Only 1 element in path with support size > maxSuppSize. 
│  Try increasing maxSuppSize to resolve the issue.
└ @ RCall ~/.julia/packages/RCall/JIY9I/src/io.jl:171
┌ Warning: RCall.jl: Warning in L0Learn.fit(X_train, y_train, penalty = "L0", lambdaGrid = list(c(lambda_val)),  :
│   Warning! Only 1 element in path with support size > maxSuppSize. 
│  Try increasing maxSuppSize to resolve the issue.
└ @ RCall ~/.julia/packages/RCall/JIY9I/src/io.jl:171
┌ Warning: RCall.jl: Warning in L0Learn.fit(X_train, y_train, penalty = "L0", lambdaGrid = list(c(lambda_val)),  :
│   Warning! Only 1 element in path with support size > maxSuppSize. 
│  Try increasing maxSuppSize to resolve the issue.
└ @ RCall ~/.julia/packages/RCall/JIY9I/src/io.jl:171
┌ Warning: RCall.jl: Warning in L0Learn.fit(X_train, y_train, penalty = "L0", lambdaGrid = list(c(lambda_val)),  :
│   Warning! Only 1 element in path with support size > maxSuppSize. 
│  Try increasing maxSuppSize to resolve the issue.
└ @ RCall ~/.julia/packages/RCall/JIY9I/src/io.jl:171
┌ Warning: RCall.jl: Warning in L0Learn.fit(X_train, y_train, penalty = "L0", lambdaGrid = list(c(lambda_val)),  :
│   Warning! Only 1 element in path with support size > maxSuppSize. 
│  Try increasing maxSuppSize to resolve the issue.
└ @ RCall ~/.julia/packages/RCall/JIY9I/src/io.jl:171
┌ Warning: RCall.jl: Warning in L0Learn.fit(X_train, y_train, penalty = "L0", lambdaGrid = list(c(lambda_val)),  :
│   Warning! Only 1 element in path with support size > maxSuppSize. 
│  Try increasing maxSuppSize to resolve the issue.
└ @ RCall ~/.julia/packages/RCall/JIY9I/src/io.jl:171
┌ Warning: RCall.jl: Warning in L0Learn.fit(X_train, y_train, penalty = "L0", lambdaGrid = list(c(lambda_val)),  :
│   Warning! Only 1 element in path with support size > maxSuppSize. 
│  Try increasing maxSuppSize to resolve the issue.
└ @ RCall ~/.julia/packages/RCall/JIY9I/src/io.jl:171
┌ Warning: RCall.jl: Warning in L0Learn.fit(X_train, y_train, penalty = "L0", lambdaGrid = list(c(lambda_val)),  :
│   Warning! Only 1 element in path with support size > maxSuppSize. 
│  Try increasing maxSuppSize to resolve the issue.
└ @ RCall ~/.julia/packages/RCall/JIY9I/src/io.jl:171
┌ Warning: RCall.jl: Warning in L0Learn.fit(X_train, y_train, penalty = "L0", lambdaGrid = list(c(lambda_val)),  :
│   Warning! Only 1 element in path with support size > maxSuppSize. 
│  Try increasing maxSuppSize to resolve the issue.
└ @ RCall ~/.julia/packages/RCall/JIY9I/src/io.jl:171
┌ Warning: RCall.jl: Warning in L0Learn.fit(X_train, y_train, penalty = "L0", lambdaGrid = list(c(lambda_val)),  :
│   Warning! Only 1 element in path with support size > maxSuppSize. 
│  Try increasing maxSuppSize to resolve the issue.
└ @ RCall ~/.julia/packages/RCall/JIY9I/src/io.jl:171
┌ Warning: RCall.jl: Warning in L0Learn.fit(X_train, y_train, penalty = "L0", lambdaGrid = list(c(lambda_val)),  :
│   Warning! Only 1 element in path with support size > maxSuppSize. 
│  Try increasing maxSuppSize to resolve the issue.
└ @ RCall ~/.julia/packages/RCall/JIY9I/src/io.jl:171
┌ Warning: RCall.jl: Warning in L0Learn.fit(X_train, y_train, penalty = "L0", lambdaGrid = list(c(lambda_val)),  :
│   Warning! Only 1 element in path with support size > maxSuppSize. 
│  Try increasing maxSuppSize to resolve the issue.
└ @ RCall ~/.julia/packages/RCall/JIY9I/src/io.jl:171
┌ Warning: RCall.jl: Warning in L0Learn.fit(X_train, y_train, penalty = "L0", lambdaGrid = list(c(lambda_val)),  :
│   Warning! Only 1 element in path with support size > maxSuppSize. 
│  Try increasing maxSuppSize to resolve the issue.
└ @ RCall ~/.julia/packages/RCall/JIY9I/src/io.jl:171
┌ Warning: RCall.jl: Warning in L0Learn.fit(X_train, y_train, penalty = "L0", lambdaGrid = list(c(lambda_val)),  :
│   Warning! Only 1 element in path with support size > maxSuppSize. 
│  Try increasing maxSuppSize to resolve the issue.
└ @ RCall ~/.julia/packages/RCall/JIY9I/src/io.jl:171
┌ Warning: RCall.jl: Warning in L0Learn.fit(X_train, y_train, penalty = "L0", lambdaGrid = list(c(lambda_val)),  :
│   Warning! Only 1 element in path with support size > maxSuppSize. 
│  Try increasing maxSuppSize to resolve the issue.
└ @ RCall ~/.julia/packages/RCall/JIY9I/src/io.jl:171
┌ Warning: RCall.jl: Warning in L0Learn.fit(X_train, y_train, penalty = "L0", lambdaGrid = list(c(lambda_val)),  :
│   Warning! Only 1 element in path with support size > maxSuppSize. 
│  Try increasing maxSuppSize to resolve the issue.
└ @ RCall ~/.julia/packages/RCall/JIY9I/src/io.jl:171
┌ Warning: RCall.jl: Warning in L0Learn.fit(X_train, y_train, penalty = "L0", lambdaGrid = list(c(lambda_val)),  :
│   Warning! Only 1 element in path with support size > maxSuppSize. 
│  Try increasing maxSuppSize to resolve the issue.
└ @ RCall ~/.julia/packages/RCall/JIY9I/src/io.jl:171
┌ Warning: RCall.jl: Warning in L0Learn.fit(X_train, y_train, penalty = "L0", lambdaGrid = list(c(lambda_val)),  :
│   Warning! Only 1 element in path with support size > maxSuppSize. 
│  Try increasing maxSuppSize to resolve the issue.
└ @ RCall ~/.julia/packages/RCall/JIY9I/src/io.jl:171
[ Info: Trial 7/10 completed
┌ Warning: RCall.jl: Warning in L0Learn.fit(X_train, y_train, penalty = "L0", lambdaGrid = list(c(lambda_val)),  :
│   Warning! Only 1 element in path with support size > maxSuppSize. 
│  Try increasing maxSuppSize to resolve the issue.
└ @ RCall ~/.julia/packages/RCall/JIY9I/src/io.jl:171
┌ Warning: RCall.jl: Warning in L0Learn.fit(X_train, y_train, penalty = "L0", lambdaGrid = list(c(lambda_val)),  :
│   Warning! Only 1 element in path with support size > maxSuppSize. 
│  Try increasing maxSuppSize to resolve the issue.
└ @ RCall ~/.julia/packages/RCall/JIY9I/src/io.jl:171
┌ Warning: RCall.jl: Warning in L0Learn.fit(X_train, y_train, penalty = "L0", lambdaGrid = list(c(lambda_val)),  :
│   Warning! Only 1 element in path with support size > maxSuppSize. 
│  Try increasing maxSuppSize to resolve the issue.
└ @ RCall ~/.julia/packages/RCall/JIY9I/src/io.jl:171
┌ Warning: RCall.jl: Warning in L0Learn.fit(X_train, y_train, penalty = "L0", lambdaGrid = list(c(lambda_val)),  :
│   Warning! Only 1 element in path with support size > maxSuppSize. 
│  Try increasing maxSuppSize to resolve the issue.
└ @ RCall ~/.julia/packages/RCall/JIY9I/src/io.jl:171
┌ Warning: RCall.jl: Warning in L0Learn.fit(X_train, y_train, penalty = "L0", lambdaGrid = list(c(lambda_val)),  :
│   Warning! Only 1 element in path with support size > maxSuppSize. 
│  Try increasing maxSuppSize to resolve the issue.
└ @ RCall ~/.julia/packages/RCall/JIY9I/src/io.jl:171
┌ Warning: RCall.jl: Warning in L0Learn.fit(X_train, y_train, penalty = "L0", lambdaGrid = list(c(lambda_val)),  :
│   Warning! Only 1 element in path with support size > maxSuppSize. 
│  Try increasing maxSuppSize to resolve the issue.
└ @ RCall ~/.julia/packages/RCall/JIY9I/src/io.jl:171
┌ Warning: RCall.jl: Warning in L0Learn.fit(X_train, y_train, penalty = "L0", lambdaGrid = list(c(lambda_val)),  :
│   Warning! Only 1 element in path with support size > maxSuppSize. 
│  Try increasing maxSuppSize to resolve the issue.
└ @ RCall ~/.julia/packages/RCall/JIY9I/src/io.jl:171
┌ Warning: RCall.jl: Warning in L0Learn.fit(X_train, y_train, penalty = "L0", lambdaGrid = list(c(lambda_val)),  :
│   Warning! Only 1 element in path with support size > maxSuppSize. 
│  Try increasing maxSuppSize to resolve the issue.
└ @ RCall ~/.julia/packages/RCall/JIY9I/src/io.jl:171
┌ Warning: RCall.jl: Warning in L0Learn.fit(X_train, y_train, penalty = "L0", lambdaGrid = list(c(lambda_val)),  :
│   Warning! Only 1 element in path with support size > maxSuppSize. 
│  Try increasing maxSuppSize to resolve the issue.
└ @ RCall ~/.julia/packages/RCall/JIY9I/src/io.jl:171
┌ Warning: RCall.jl: Warning in L0Learn.fit(X_train, y_train, penalty = "L0", lambdaGrid = list(c(lambda_val)),  :
│   Warning! Only 1 element in path with support size > maxSuppSize. 
│  Try increasing maxSuppSize to resolve the issue.
└ @ RCall ~/.julia/packages/RCall/JIY9I/src/io.jl:171
┌ Warning: RCall.jl: Warning in L0Learn.fit(X_train, y_train, penalty = "L0", lambdaGrid = list(c(lambda_val)),  :
│   Warning! Only 1 element in path with support size > maxSuppSize. 
│  Try increasing maxSuppSize to resolve the issue.
└ @ RCall ~/.julia/packages/RCall/JIY9I/src/io.jl:171
┌ Warning: RCall.jl: Warning in L0Learn.fit(X_train, y_train, penalty = "L0", lambdaGrid = list(c(lambda_val)),  :
│   Warning! Only 1 element in path with support size > maxSuppSize. 
│  Try increasing maxSuppSize to resolve the issue.
└ @ RCall ~/.julia/packages/RCall/JIY9I/src/io.jl:171
┌ Warning: RCall.jl: Warning in L0Learn.fit(X_train, y_train, penalty = "L0", lambdaGrid = list(c(lambda_val)),  :
│   Warning! Only 1 element in path with support size > maxSuppSize. 
│  Try increasing maxSuppSize to resolve the issue.
└ @ RCall ~/.julia/packages/RCall/JIY9I/src/io.jl:171
┌ Warning: RCall.jl: Warning in L0Learn.fit(X_train, y_train, penalty = "L0", lambdaGrid = list(c(lambda_val)),  :
│   Warning! Only 1 element in path with support size > maxSuppSize. 
│  Try increasing maxSuppSize to resolve the issue.
└ @ RCall ~/.julia/packages/RCall/JIY9I/src/io.jl:171
┌ Warning: RCall.jl: Warning in L0Learn.fit(X_train, y_train, penalty = "L0", lambdaGrid = list(c(lambda_val)),  :
│   Warning! Only 1 element in path with support size > maxSuppSize. 
│  Try increasing maxSuppSize to resolve the issue.
└ @ RCall ~/.julia/packages/RCall/JIY9I/src/io.jl:171
┌ Warning: RCall.jl: Warning in L0Learn.fit(X_train, y_train, penalty = "L0", lambdaGrid = list(c(lambda_val)),  :
│   Warning! Only 1 element in path with support size > maxSuppSize. 
│  Try increasing maxSuppSize to resolve the issue.
└ @ RCall ~/.julia/packages/RCall/JIY9I/src/io.jl:171
┌ Warning: RCall.jl: Warning in L0Learn.fit(X_train, y_train, penalty = "L0", lambdaGrid = list(c(lambda_val)),  :
│   Warning! Only 1 element in path with support size > maxSuppSize. 
│  Try increasing maxSuppSize to resolve the issue.
└ @ RCall ~/.julia/packages/RCall/JIY9I/src/io.jl:171
┌ Warning: RCall.jl: Warning in L0Learn.fit(X_train, y_train, penalty = "L0", lambdaGrid = list(c(lambda_val)),  :
│   Warning! Only 1 element in path with support size > maxSuppSize. 
│  Try increasing maxSuppSize to resolve the issue.
└ @ RCall ~/.julia/packages/RCall/JIY9I/src/io.jl:171
┌ Warning: RCall.jl: Warning in L0Learn.fit(X_train, y_train, penalty = "L0", lambdaGrid = list(c(lambda_val)),  :
│   Warning! Only 1 element in path with support size > maxSuppSize. 
│  Try increasing maxSuppSize to resolve the issue.
└ @ RCall ~/.julia/packages/RCall/JIY9I/src/io.jl:171
┌ Warning: RCall.jl: Warning in L0Learn.fit(X_train, y_train, penalty = "L0", lambdaGrid = list(c(lambda_val)),  :
│   Warning! Only 1 element in path with support size > maxSuppSize. 
│  Try increasing maxSuppSize to resolve the issue.
└ @ RCall ~/.julia/packages/RCall/JIY9I/src/io.jl:171
┌ Warning: RCall.jl: Warning in L0Learn.fit(X_train, y_train, penalty = "L0", lambdaGrid = list(c(lambda_val)),  :
│   Warning! Only 1 element in path with support size > maxSuppSize. 
│  Try increasing maxSuppSize to resolve the issue.
└ @ RCall ~/.julia/packages/RCall/JIY9I/src/io.jl:171
┌ Warning: RCall.jl: Warning in L0Learn.fit(X_train, y_train, penalty = "L0", lambdaGrid = list(c(lambda_val)),  :
│   Warning! Only 1 element in path with support size > maxSuppSize. 
│  Try increasing maxSuppSize to resolve the issue.
└ @ RCall ~/.julia/packages/RCall/JIY9I/src/io.jl:171
┌ Warning: RCall.jl: Warning in L0Learn.fit(X_train, y_train, penalty = "L0", lambdaGrid = list(c(lambda_val)),  :
│   Warning! Only 1 element in path with support size > maxSuppSize. 
│  Try increasing maxSuppSize to resolve the issue.
└ @ RCall ~/.julia/packages/RCall/JIY9I/src/io.jl:171
┌ Warning: RCall.jl: Warning in L0Learn.fit(X_train, y_train, penalty = "L0", lambdaGrid = list(c(lambda_val)),  :
│   Warning! Only 1 element in path with support size > maxSuppSize. 
│  Try increasing maxSuppSize to resolve the issue.
└ @ RCall ~/.julia/packages/RCall/JIY9I/src/io.jl:171
┌ Warning: RCall.jl: Warning in L0Learn.fit(X_train, y_train, penalty = "L0", lambdaGrid = list(c(lambda_val)),  :
│   Warning! Only 1 element in path with support size > maxSuppSize. 
│  Try increasing maxSuppSize to resolve the issue.
└ @ RCall ~/.julia/packages/RCall/JIY9I/src/io.jl:171
┌ Warning: RCall.jl: Warning in L0Learn.fit(X_train, y_train, penalty = "L0", lambdaGrid = list(c(lambda_val)),  :
│   Warning! Only 1 element in path with support size > maxSuppSize. 
│  Try increasing maxSuppSize to resolve the issue.
└ @ RCall ~/.julia/packages/RCall/JIY9I/src/io.jl:171
┌ Warning: RCall.jl: Warning in L0Learn.fit(X_train, y_train, penalty = "L0", lambdaGrid = list(c(lambda_val)),  :
│   Warning! Only 1 element in path with support size > maxSuppSize. 
│  Try increasing maxSuppSize to resolve the issue.
└ @ RCall ~/.julia/packages/RCall/JIY9I/src/io.jl:171
[ Info: Trial 8/10 completed
┌ Warning: RCall.jl: Warning in L0Learn.fit(X_train, y_train, penalty = "L0", lambdaGrid = list(c(lambda_val)),  :
│   Warning! Only 1 element in path with support size > maxSuppSize. 
│  Try increasing maxSuppSize to resolve the issue.
└ @ RCall ~/.julia/packages/RCall/JIY9I/src/io.jl:171
┌ Warning: RCall.jl: Warning in L0Learn.fit(X_train, y_train, penalty = "L0", lambdaGrid = list(c(lambda_val)),  :
│   Warning! Only 1 element in path with support size > maxSuppSize. 
│  Try increasing maxSuppSize to resolve the issue.
└ @ RCall ~/.julia/packages/RCall/JIY9I/src/io.jl:171
┌ Warning: RCall.jl: Warning in L0Learn.fit(X_train, y_train, penalty = "L0", lambdaGrid = list(c(lambda_val)),  :
│   Warning! Only 1 element in path with support size > maxSuppSize. 
│  Try increasing maxSuppSize to resolve the issue.
└ @ RCall ~/.julia/packages/RCall/JIY9I/src/io.jl:171
┌ Warning: RCall.jl: Warning in L0Learn.fit(X_train, y_train, penalty = "L0", lambdaGrid = list(c(lambda_val)),  :
│   Warning! Only 1 element in path with support size > maxSuppSize. 
│  Try increasing maxSuppSize to resolve the issue.
└ @ RCall ~/.julia/packages/RCall/JIY9I/src/io.jl:171
┌ Warning: RCall.jl: Warning in L0Learn.fit(X_train, y_train, penalty = "L0", lambdaGrid = list(c(lambda_val)),  :
│   Warning! Only 1 element in path with support size > maxSuppSize. 
│  Try increasing maxSuppSize to resolve the issue.
└ @ RCall ~/.julia/packages/RCall/JIY9I/src/io.jl:171
┌ Warning: RCall.jl: Warning in L0Learn.fit(X_train, y_train, penalty = "L0", lambdaGrid = list(c(lambda_val)),  :
│   Warning! Only 1 element in path with support size > maxSuppSize. 
│  Try increasing maxSuppSize to resolve the issue.
└ @ RCall ~/.julia/packages/RCall/JIY9I/src/io.jl:171
┌ Warning: RCall.jl: Warning in L0Learn.fit(X_train, y_train, penalty = "L0", lambdaGrid = list(c(lambda_val)),  :
│   Warning! Only 1 element in path with support size > maxSuppSize. 
│  Try increasing maxSuppSize to resolve the issue.
└ @ RCall ~/.julia/packages/RCall/JIY9I/src/io.jl:171
┌ Warning: RCall.jl: Warning in L0Learn.fit(X_train, y_train, penalty = "L0", lambdaGrid = list(c(lambda_val)),  :
│   Warning! Only 1 element in path with support size > maxSuppSize. 
│  Try increasing maxSuppSize to resolve the issue.
└ @ RCall ~/.julia/packages/RCall/JIY9I/src/io.jl:171
┌ Warning: RCall.jl: Warning in L0Learn.fit(X_train, y_train, penalty = "L0", lambdaGrid = list(c(lambda_val)),  :
│   Warning! Only 1 element in path with support size > maxSuppSize. 
│  Try increasing maxSuppSize to resolve the issue.
└ @ RCall ~/.julia/packages/RCall/JIY9I/src/io.jl:171
┌ Warning: RCall.jl: Warning in L0Learn.fit(X_train, y_train, penalty = "L0", lambdaGrid = list(c(lambda_val)),  :
│   Warning! Only 1 element in path with support size > maxSuppSize. 
│  Try increasing maxSuppSize to resolve the issue.
└ @ RCall ~/.julia/packages/RCall/JIY9I/src/io.jl:171
┌ Warning: RCall.jl: Warning in L0Learn.fit(X_train, y_train, penalty = "L0", lambdaGrid = list(c(lambda_val)),  :
│   Warning! Only 1 element in path with support size > maxSuppSize. 
│  Try increasing maxSuppSize to resolve the issue.
└ @ RCall ~/.julia/packages/RCall/JIY9I/src/io.jl:171
┌ Warning: RCall.jl: Warning in L0Learn.fit(X_train, y_train, penalty = "L0", lambdaGrid = list(c(lambda_val)),  :
│   Warning! Only 1 element in path with support size > maxSuppSize. 
│  Try increasing maxSuppSize to resolve the issue.
└ @ RCall ~/.julia/packages/RCall/JIY9I/src/io.jl:171
┌ Warning: RCall.jl: Warning in L0Learn.fit(X_train, y_train, penalty = "L0", lambdaGrid = list(c(lambda_val)),  :
│   Warning! Only 1 element in path with support size > maxSuppSize. 
│  Try increasing maxSuppSize to resolve the issue.
└ @ RCall ~/.julia/packages/RCall/JIY9I/src/io.jl:171
┌ Warning: RCall.jl: Warning in L0Learn.fit(X_train, y_train, penalty = "L0", lambdaGrid = list(c(lambda_val)),  :
│   Warning! Only 1 element in path with support size > maxSuppSize. 
│  Try increasing maxSuppSize to resolve the issue.
└ @ RCall ~/.julia/packages/RCall/JIY9I/src/io.jl:171
┌ Warning: RCall.jl: Warning in L0Learn.fit(X_train, y_train, penalty = "L0", lambdaGrid = list(c(lambda_val)),  :
│   Warning! Only 1 element in path with support size > maxSuppSize. 
│  Try increasing maxSuppSize to resolve the issue.
└ @ RCall ~/.julia/packages/RCall/JIY9I/src/io.jl:171
┌ Warning: RCall.jl: Warning in L0Learn.fit(X_train, y_train, penalty = "L0", lambdaGrid = list(c(lambda_val)),  :
│   Warning! Only 1 element in path with support size > maxSuppSize. 
│  Try increasing maxSuppSize to resolve the issue.
└ @ RCall ~/.julia/packages/RCall/JIY9I/src/io.jl:171
┌ Warning: RCall.jl: Warning in L0Learn.fit(X_train, y_train, penalty = "L0", lambdaGrid = list(c(lambda_val)),  :
│   Warning! Only 1 element in path with support size > maxSuppSize. 
│  Try increasing maxSuppSize to resolve the issue.
└ @ RCall ~/.julia/packages/RCall/JIY9I/src/io.jl:171
┌ Warning: RCall.jl: Warning in L0Learn.fit(X_train, y_train, penalty = "L0", lambdaGrid = list(c(lambda_val)),  :
│   Warning! Only 1 element in path with support size > maxSuppSize. 
│  Try increasing maxSuppSize to resolve the issue.
└ @ RCall ~/.julia/packages/RCall/JIY9I/src/io.jl:171
┌ Warning: RCall.jl: Warning in L0Learn.fit(X_train, y_train, penalty = "L0", lambdaGrid = list(c(lambda_val)),  :
│   Warning! Only 1 element in path with support size > maxSuppSize. 
│  Try increasing maxSuppSize to resolve the issue.
└ @ RCall ~/.julia/packages/RCall/JIY9I/src/io.jl:171
┌ Warning: RCall.jl: Warning in L0Learn.fit(X_train, y_train, penalty = "L0", lambdaGrid = list(c(lambda_val)),  :
│   Warning! Only 1 element in path with support size > maxSuppSize. 
│  Try increasing maxSuppSize to resolve the issue.
└ @ RCall ~/.julia/packages/RCall/JIY9I/src/io.jl:171
┌ Warning: RCall.jl: Warning in L0Learn.fit(X_train, y_train, penalty = "L0", lambdaGrid = list(c(lambda_val)),  :
│   Warning! Only 1 element in path with support size > maxSuppSize. 
│  Try increasing maxSuppSize to resolve the issue.
└ @ RCall ~/.julia/packages/RCall/JIY9I/src/io.jl:171
┌ Warning: RCall.jl: Warning in L0Learn.fit(X_train, y_train, penalty = "L0", lambdaGrid = list(c(lambda_val)),  :
│   Warning! Only 1 element in path with support size > maxSuppSize. 
│  Try increasing maxSuppSize to resolve the issue.
└ @ RCall ~/.julia/packages/RCall/JIY9I/src/io.jl:171
┌ Warning: RCall.jl: Warning in L0Learn.fit(X_train, y_train, penalty = "L0", lambdaGrid = list(c(lambda_val)),  :
│   Warning! Only 1 element in path with support size > maxSuppSize. 
│  Try increasing maxSuppSize to resolve the issue.
└ @ RCall ~/.julia/packages/RCall/JIY9I/src/io.jl:171
┌ Warning: RCall.jl: Warning in L0Learn.fit(X_train, y_train, penalty = "L0", lambdaGrid = list(c(lambda_val)),  :
│   Warning! Only 1 element in path with support size > maxSuppSize. 
│  Try increasing maxSuppSize to resolve the issue.
└ @ RCall ~/.julia/packages/RCall/JIY9I/src/io.jl:171
┌ Warning: RCall.jl: Warning in L0Learn.fit(X_train, y_train, penalty = "L0", lambdaGrid = list(c(lambda_val)),  :
│   Warning! Only 1 element in path with support size > maxSuppSize. 
│  Try increasing maxSuppSize to resolve the issue.
└ @ RCall ~/.julia/packages/RCall/JIY9I/src/io.jl:171
┌ Warning: RCall.jl: Warning in L0Learn.fit(X_train, y_train, penalty = "L0", lambdaGrid = list(c(lambda_val)),  :
│   Warning! Only 1 element in path with support size > maxSuppSize. 
│  Try increasing maxSuppSize to resolve the issue.
└ @ RCall ~/.julia/packages/RCall/JIY9I/src/io.jl:171
┌ Warning: RCall.jl: Warning in L0Learn.fit(X_train, y_train, penalty = "L0", lambdaGrid = list(c(lambda_val)),  :
│   Warning! Only 1 element in path with support size > maxSuppSize. 
│  Try increasing maxSuppSize to resolve the issue.
└ @ RCall ~/.julia/packages/RCall/JIY9I/src/io.jl:171
┌ Warning: RCall.jl: Warning in L0Learn.fit(X_train, y_train, penalty = "L0", lambdaGrid = list(c(lambda_val)),  :
│   Warning! Only 1 element in path with support size > maxSuppSize. 
│  Try increasing maxSuppSize to resolve the issue.
└ @ RCall ~/.julia/packages/RCall/JIY9I/src/io.jl:171
┌ Warning: RCall.jl: Warning in L0Learn.fit(X_train, y_train, penalty = "L0", lambdaGrid = list(c(lambda_val)),  :
│   Warning! Only 1 element in path with support size > maxSuppSize. 
│  Try increasing maxSuppSize to resolve the issue.
└ @ RCall ~/.julia/packages/RCall/JIY9I/src/io.jl:171
┌ Warning: RCall.jl: Warning in L0Learn.fit(X_train, y_train, penalty = "L0", lambdaGrid = list(c(lambda_val)),  :
│   Warning! Only 1 element in path with support size > maxSuppSize. 
│  Try increasing maxSuppSize to resolve the issue.
└ @ RCall ~/.julia/packages/RCall/JIY9I/src/io.jl:171
┌ Warning: RCall.jl: Warning in L0Learn.fit(X_train, y_train, penalty = "L0", lambdaGrid = list(c(lambda_val)),  :
│   Warning! Only 1 element in path with support size > maxSuppSize. 
│  Try increasing maxSuppSize to resolve the issue.
└ @ RCall ~/.julia/packages/RCall/JIY9I/src/io.jl:171
┌ Warning: RCall.jl: Warning in L0Learn.fit(X_train, y_train, penalty = "L0", lambdaGrid = list(c(lambda_val)),  :
│   Warning! Only 1 element in path with support size > maxSuppSize. 
│  Try increasing maxSuppSize to resolve the issue.
└ @ RCall ~/.julia/packages/RCall/JIY9I/src/io.jl:171
┌ Warning: RCall.jl: Warning in L0Learn.fit(X_train, y_train, penalty = "L0", lambdaGrid = list(c(lambda_val)),  :
│   Warning! Only 1 element in path with support size > maxSuppSize. 
│  Try increasing maxSuppSize to resolve the issue.
└ @ RCall ~/.julia/packages/RCall/JIY9I/src/io.jl:171
┌ Warning: RCall.jl: Warning in L0Learn.fit(X_train, y_train, penalty = "L0", lambdaGrid = list(c(lambda_val)),  :
│   Warning! Only 1 element in path with support size > maxSuppSize. 
│  Try increasing maxSuppSize to resolve the issue.
└ @ RCall ~/.julia/packages/RCall/JIY9I/src/io.jl:171
┌ Warning: RCall.jl: Warning in L0Learn.fit(X_train, y_train, penalty = "L0", lambdaGrid = list(c(lambda_val)),  :
│   Warning! Only 1 element in path with support size > maxSuppSize. 
│  Try increasing maxSuppSize to resolve the issue.
└ @ RCall ~/.julia/packages/RCall/JIY9I/src/io.jl:171
┌ Warning: RCall.jl: Warning in L0Learn.fit(X_train, y_train, penalty = "L0", lambdaGrid = list(c(lambda_val)),  :
│   Warning! Only 1 element in path with support size > maxSuppSize. 
│  Try increasing maxSuppSize to resolve the issue.
└ @ RCall ~/.julia/packages/RCall/JIY9I/src/io.jl:171
┌ Warning: RCall.jl: Warning in L0Learn.fit(X_train, y_train, penalty = "L0", lambdaGrid = list(c(lambda_val)),  :
│   Warning! Only 1 element in path with support size > maxSuppSize. 
│  Try increasing maxSuppSize to resolve the issue.
└ @ RCall ~/.julia/packages/RCall/JIY9I/src/io.jl:171
[ Info: Trial 9/10 completed
┌ Warning: RCall.jl: Warning in L0Learn.fit(X_train, y_train, penalty = "L0", lambdaGrid = list(c(lambda_val)),  :
│   Warning! Only 1 element in path with support size > maxSuppSize. 
│  Try increasing maxSuppSize to resolve the issue.
└ @ RCall ~/.julia/packages/RCall/JIY9I/src/io.jl:171
┌ Warning: RCall.jl: Warning in L0Learn.fit(X_train, y_train, penalty = "L0", lambdaGrid = list(c(lambda_val)),  :
│   Warning! Only 1 element in path with support size > maxSuppSize. 
│  Try increasing maxSuppSize to resolve the issue.
└ @ RCall ~/.julia/packages/RCall/JIY9I/src/io.jl:171
┌ Warning: RCall.jl: Warning in L0Learn.fit(X_train, y_train, penalty = "L0", lambdaGrid = list(c(lambda_val)),  :
│   Warning! Only 1 element in path with support size > maxSuppSize. 
│  Try increasing maxSuppSize to resolve the issue.
└ @ RCall ~/.julia/packages/RCall/JIY9I/src/io.jl:171
┌ Warning: RCall.jl: Warning in L0Learn.fit(X_train, y_train, penalty = "L0", lambdaGrid = list(c(lambda_val)),  :
│   Warning! Only 1 element in path with support size > maxSuppSize. 
│  Try increasing maxSuppSize to resolve the issue.
└ @ RCall ~/.julia/packages/RCall/JIY9I/src/io.jl:171
┌ Warning: RCall.jl: Warning in L0Learn.fit(X_train, y_train, penalty = "L0", lambdaGrid = list(c(lambda_val)),  :
│   Warning! Only 1 element in path with support size > maxSuppSize. 
│  Try increasing maxSuppSize to resolve the issue.
└ @ RCall ~/.julia/packages/RCall/JIY9I/src/io.jl:171
┌ Warning: RCall.jl: Warning in L0Learn.fit(X_train, y_train, penalty = "L0", lambdaGrid = list(c(lambda_val)),  :
│   Warning! Only 1 element in path with support size > maxSuppSize. 
│  Try increasing maxSuppSize to resolve the issue.
└ @ RCall ~/.julia/packages/RCall/JIY9I/src/io.jl:171
┌ Warning: RCall.jl: Warning in L0Learn.fit(X_train, y_train, penalty = "L0", lambdaGrid = list(c(lambda_val)),  :
│   Warning! Only 1 element in path with support size > maxSuppSize. 
│  Try increasing maxSuppSize to resolve the issue.
└ @ RCall ~/.julia/packages/RCall/JIY9I/src/io.jl:171
┌ Warning: RCall.jl: Warning in L0Learn.fit(X_train, y_train, penalty = "L0", lambdaGrid = list(c(lambda_val)),  :
│   Warning! Only 1 element in path with support size > maxSuppSize. 
│  Try increasing maxSuppSize to resolve the issue.
└ @ RCall ~/.julia/packages/RCall/JIY9I/src/io.jl:171
┌ Warning: RCall.jl: Warning in L0Learn.fit(X_train, y_train, penalty = "L0", lambdaGrid = list(c(lambda_val)),  :
│   Warning! Only 1 element in path with support size > maxSuppSize. 
│  Try increasing maxSuppSize to resolve the issue.
└ @ RCall ~/.julia/packages/RCall/JIY9I/src/io.jl:171
┌ Warning: RCall.jl: Warning in L0Learn.fit(X_train, y_train, penalty = "L0", lambdaGrid = list(c(lambda_val)),  :
│   Warning! Only 1 element in path with support size > maxSuppSize. 
│  Try increasing maxSuppSize to resolve the issue.
└ @ RCall ~/.julia/packages/RCall/JIY9I/src/io.jl:171
┌ Warning: RCall.jl: Warning in L0Learn.fit(X_train, y_train, penalty = "L0", lambdaGrid = list(c(lambda_val)),  :
│   Warning! Only 1 element in path with support size > maxSuppSize. 
│  Try increasing maxSuppSize to resolve the issue.
└ @ RCall ~/.julia/packages/RCall/JIY9I/src/io.jl:171
┌ Warning: RCall.jl: Warning in L0Learn.fit(X_train, y_train, penalty = "L0", lambdaGrid = list(c(lambda_val)),  :
│   Warning! Only 1 element in path with support size > maxSuppSize. 
│  Try increasing maxSuppSize to resolve the issue.
└ @ RCall ~/.julia/packages/RCall/JIY9I/src/io.jl:171
┌ Warning: RCall.jl: Warning in L0Learn.fit(X_train, y_train, penalty = "L0", lambdaGrid = list(c(lambda_val)),  :
│   Warning! Only 1 element in path with support size > maxSuppSize. 
│  Try increasing maxSuppSize to resolve the issue.
└ @ RCall ~/.julia/packages/RCall/JIY9I/src/io.jl:171
┌ Warning: RCall.jl: Warning in L0Learn.fit(X_train, y_train, penalty = "L0", lambdaGrid = list(c(lambda_val)),  :
│   Warning! Only 1 element in path with support size > maxSuppSize. 
│  Try increasing maxSuppSize to resolve the issue.
└ @ RCall ~/.julia/packages/RCall/JIY9I/src/io.jl:171
┌ Warning: RCall.jl: Warning in L0Learn.fit(X_train, y_train, penalty = "L0", lambdaGrid = list(c(lambda_val)),  :
│   Warning! Only 1 element in path with support size > maxSuppSize. 
│  Try increasing maxSuppSize to resolve the issue.
└ @ RCall ~/.julia/packages/RCall/JIY9I/src/io.jl:171
┌ Warning: RCall.jl: Warning in L0Learn.fit(X_train, y_train, penalty = "L0", lambdaGrid = list(c(lambda_val)),  :
│   Warning! Only 1 element in path with support size > maxSuppSize. 
│  Try increasing maxSuppSize to resolve the issue.
└ @ RCall ~/.julia/packages/RCall/JIY9I/src/io.jl:171
┌ Warning: RCall.jl: Warning in L0Learn.fit(X_train, y_train, penalty = "L0", lambdaGrid = list(c(lambda_val)),  :
│   Warning! Only 1 element in path with support size > maxSuppSize. 
│  Try increasing maxSuppSize to resolve the issue.
└ @ RCall ~/.julia/packages/RCall/JIY9I/src/io.jl:171
┌ Warning: RCall.jl: Warning in L0Learn.fit(X_train, y_train, penalty = "L0", lambdaGrid = list(c(lambda_val)),  :
│   Warning! Only 1 element in path with support size > maxSuppSize. 
│  Try increasing maxSuppSize to resolve the issue.
└ @ RCall ~/.julia/packages/RCall/JIY9I/src/io.jl:171
┌ Warning: RCall.jl: Warning in L0Learn.fit(X_train, y_train, penalty = "L0", lambdaGrid = list(c(lambda_val)),  :
│   Warning! Only 1 element in path with support size > maxSuppSize. 
│  Try increasing maxSuppSize to resolve the issue.
└ @ RCall ~/.julia/packages/RCall/JIY9I/src/io.jl:171
┌ Warning: RCall.jl: Warning in L0Learn.fit(X_train, y_train, penalty = "L0", lambdaGrid = list(c(lambda_val)),  :
│   Warning! Only 1 element in path with support size > maxSuppSize. 
│  Try increasing maxSuppSize to resolve the issue.
└ @ RCall ~/.julia/packages/RCall/JIY9I/src/io.jl:171
┌ Warning: RCall.jl: Warning in L0Learn.fit(X_train, y_train, penalty = "L0", lambdaGrid = list(c(lambda_val)),  :
│   Warning! Only 1 element in path with support size > maxSuppSize. 
│  Try increasing maxSuppSize to resolve the issue.
└ @ RCall ~/.julia/packages/RCall/JIY9I/src/io.jl:171
[ Info: Trial 10/10 completed
[ Info: Completed n=800 in 520.7s
"CDSS" = "CDSS"
SUP = 100.0
Pred = 0.10722261973671501
Sim = 1.0
Infv = 0.24001541994821274
round(elapsed, digits = 2) = 21.77
"CDSS (β-only)" = "CDSS (β-only)"
SUP = 100.0
Pred = 0.10722384417680544
Sim = 1.0
Infv = 0.2400948701668253
round(elapsed, digits = 2) = 21.01
refinement_change = 4.64127091010145e-5
"SPGpCDSS" = "SPGpCDSS"
SUP = 100.0
Pred = 0.10722259217451277
Sim = 1.0
Infv = 0.2400675432559074
round(elapsed, digits = 2) = 1.88
spgpcdss_chose_beta = false
"L0Learn" = "L0Learn"
supp_l0 = 46
predval_l0 = 0.4611281049760826
sim_l0 = 0.44
inf_l0 = 1.2693296905485245
round(elapsed, digits = 2) = 0.11
"L0Learn+PSI1" = "L0Learn+PSI1"
SUP = 100.0
Pred = 0.10673832720822127
Sim = 1.0
Infv = 0.234998494608614
round(elapsed, digits = 2) = 26.49
"CDSS" = "CDSS"
SUP = 100.0
Pred = 0.0952117794506119
Sim = 1.0
Infv = 0.22425483709628424
round(elapsed, digits = 2) = 18.09
"CDSS (β-only)" = "CDSS (β-only)"
SUP = 100.0
Pred = 0.0952117794506119
Sim = 1.0
Infv = 0.22425483709628424
round(elapsed, digits = 2) = 21.14
refinement_change = 2.6511663559528275e-5
"SPGpCDSS" = "SPGpCDSS"
SUP = 100.0
Pred = 0.09521156313222949
Sim = 1.0
Infv = 0.22425756133567765
round(elapsed, digits = 2) = 1.51
spgpcdss_chose_beta = true
"L0Learn" = "L0Learn"
supp_l0 = 49
predval_l0 = 0.42071173761258057
sim_l0 = 0.48
inf_l0 = 1.2372262946382018
round(elapsed, digits = 2) = 0.12
"L0Learn+PSI1" = "L0Learn+PSI1"
SUP = 100.0
Pred = 0.09521402020854926
Sim = 1.0
Infv = 0.2242699578835876
round(elapsed, digits = 2) = 25.4
"CDSS" = "CDSS"
SUP = 100.0
Pred = 0.09712620692112292
Sim = 1.0
Infv = 0.42210632173785134
round(elapsed, digits = 2) = 18.82
"CDSS (β-only)" = "CDSS (β-only)"
SUP = 100.0
Pred = 0.09712620692112292
Sim = 1.0
Infv = 0.42210632173785134
round(elapsed, digits = 2) = 24.03
refinement_change = 3.120259313924885e-5
"SPGpCDSS" = "SPGpCDSS"
SUP = 100.0
Pred = 0.09712593370359646
Sim = 1.0
Infv = 0.42210579724385777
round(elapsed, digits = 2) = 2.84
spgpcdss_chose_beta = true
"L0Learn" = "L0Learn"
supp_l0 = 50
predval_l0 = 0.4260779254164385
sim_l0 = 0.46
inf_l0 = 1.4387323590018193
round(elapsed, digits = 2) = 0.08
"L0Learn+PSI1" = "L0Learn+PSI1"
SUP = 100.0
Pred = 0.09712176568204302
Sim = 1.0
Infv = 0.42213442682458147
round(elapsed, digits = 2) = 29.44
┌ Info: Sample size n=1000
└   progress = "5/10"
┌ Warning: RCall.jl: Warning in L0Learn.fit(X_train, y_train, penalty = "L0", lambdaGrid = list(c(lambda_val)),  :
│   Warning! Only 1 element in path with support size > maxSuppSize. 
│  Try increasing maxSuppSize to resolve the issue.
└ @ RCall ~/.julia/packages/RCall/JIY9I/src/io.jl:171
┌ Warning: RCall.jl: Warning in L0Learn.fit(X_train, y_train, penalty = "L0", lambdaGrid = list(c(lambda_val)),  :
│   Warning! Only 1 element in path with support size > maxSuppSize. 
│  Try increasing maxSuppSize to resolve the issue.
└ @ RCall ~/.julia/packages/RCall/JIY9I/src/io.jl:171
┌ Warning: RCall.jl: Warning in L0Learn.fit(X_train, y_train, penalty = "L0", lambdaGrid = list(c(lambda_val)),  :
│   Warning! Only 1 element in path with support size > maxSuppSize. 
│  Try increasing maxSuppSize to resolve the issue.
└ @ RCall ~/.julia/packages/RCall/JIY9I/src/io.jl:171
┌ Warning: RCall.jl: Warning in L0Learn.fit(X_train, y_train, penalty = "L0", lambdaGrid = list(c(lambda_val)),  :
│   Warning! Only 1 element in path with support size > maxSuppSize. 
│  Try increasing maxSuppSize to resolve the issue.
└ @ RCall ~/.julia/packages/RCall/JIY9I/src/io.jl:171
┌ Warning: RCall.jl: Warning in L0Learn.fit(X_train, y_train, penalty = "L0", lambdaGrid = list(c(lambda_val)),  :
│   Warning! Only 1 element in path with support size > maxSuppSize. 
│  Try increasing maxSuppSize to resolve the issue.
└ @ RCall ~/.julia/packages/RCall/JIY9I/src/io.jl:171
┌ Warning: RCall.jl: Warning in L0Learn.fit(X_train, y_train, penalty = "L0", lambdaGrid = list(c(lambda_val)),  :
│   Warning! Only 1 element in path with support size > maxSuppSize. 
│  Try increasing maxSuppSize to resolve the issue.
└ @ RCall ~/.julia/packages/RCall/JIY9I/src/io.jl:171
┌ Warning: RCall.jl: Warning in L0Learn.fit(X_train, y_train, penalty = "L0", lambdaGrid = list(c(lambda_val)),  :
│   Warning! Only 1 element in path with support size > maxSuppSize. 
│  Try increasing maxSuppSize to resolve the issue.
└ @ RCall ~/.julia/packages/RCall/JIY9I/src/io.jl:171
┌ Warning: RCall.jl: Warning in L0Learn.fit(X_train, y_train, penalty = "L0", lambdaGrid = list(c(lambda_val)),  :
│   Warning! Only 1 element in path with support size > maxSuppSize. 
│  Try increasing maxSuppSize to resolve the issue.
└ @ RCall ~/.julia/packages/RCall/JIY9I/src/io.jl:171
┌ Warning: RCall.jl: Warning in L0Learn.fit(X_train, y_train, penalty = "L0", lambdaGrid = list(c(lambda_val)),  :
│   Warning! Only 1 element in path with support size > maxSuppSize. 
│  Try increasing maxSuppSize to resolve the issue.
└ @ RCall ~/.julia/packages/RCall/JIY9I/src/io.jl:171
┌ Warning: RCall.jl: Warning in L0Learn.fit(X_train, y_train, penalty = "L0", lambdaGrid = list(c(lambda_val)),  :
│   Warning! Only 1 element in path with support size > maxSuppSize. 
│  Try increasing maxSuppSize to resolve the issue.
└ @ RCall ~/.julia/packages/RCall/JIY9I/src/io.jl:171
┌ Warning: RCall.jl: Warning in L0Learn.fit(X_train, y_train, penalty = "L0", lambdaGrid = list(c(lambda_val)),  :
│   Warning! Only 1 element in path with support size > maxSuppSize. 
│  Try increasing maxSuppSize to resolve the issue.
└ @ RCall ~/.julia/packages/RCall/JIY9I/src/io.jl:171
┌ Warning: RCall.jl: Warning in L0Learn.fit(X_train, y_train, penalty = "L0", lambdaGrid = list(c(lambda_val)),  :
│   Warning! Only 1 element in path with support size > maxSuppSize. 
│  Try increasing maxSuppSize to resolve the issue.
└ @ RCall ~/.julia/packages/RCall/JIY9I/src/io.jl:171
┌ Warning: RCall.jl: Warning in L0Learn.fit(X_train, y_train, penalty = "L0", lambdaGrid = list(c(lambda_val)),  :
│   Warning! Only 1 element in path with support size > maxSuppSize. 
│  Try increasing maxSuppSize to resolve the issue.
└ @ RCall ~/.julia/packages/RCall/JIY9I/src/io.jl:171
┌ Warning: RCall.jl: Warning in L0Learn.fit(X_train, y_train, penalty = "L0", lambdaGrid = list(c(lambda_val)),  :
│   Warning! Only 1 element in path with support size > maxSuppSize. 
│  Try increasing maxSuppSize to resolve the issue.
└ @ RCall ~/.julia/packages/RCall/JIY9I/src/io.jl:171
┌ Warning: RCall.jl: Warning in L0Learn.fit(X_train, y_train, penalty = "L0", lambdaGrid = list(c(lambda_val)),  :
│   Warning! Only 1 element in path with support size > maxSuppSize. 
│  Try increasing maxSuppSize to resolve the issue.
└ @ RCall ~/.julia/packages/RCall/JIY9I/src/io.jl:171
┌ Warning: RCall.jl: Warning in L0Learn.fit(X_train, y_train, penalty = "L0", lambdaGrid = list(c(lambda_val)),  :
│   Warning! Only 1 element in path with support size > maxSuppSize. 
│  Try increasing maxSuppSize to resolve the issue.
└ @ RCall ~/.julia/packages/RCall/JIY9I/src/io.jl:171
┌ Warning: RCall.jl: Warning in L0Learn.fit(X_train, y_train, penalty = "L0", lambdaGrid = list(c(lambda_val)),  :
│   Warning! Only 1 element in path with support size > maxSuppSize. 
│  Try increasing maxSuppSize to resolve the issue.
└ @ RCall ~/.julia/packages/RCall/JIY9I/src/io.jl:171
┌ Warning: RCall.jl: Warning in L0Learn.fit(X_train, y_train, penalty = "L0", lambdaGrid = list(c(lambda_val)),  :
│   Warning! Only 1 element in path with support size > maxSuppSize. 
│  Try increasing maxSuppSize to resolve the issue.
└ @ RCall ~/.julia/packages/RCall/JIY9I/src/io.jl:171
┌ Warning: RCall.jl: Warning in L0Learn.fit(X_train, y_train, penalty = "L0", lambdaGrid = list(c(lambda_val)),  :
│   Warning! Only 1 element in path with support size > maxSuppSize. 
│  Try increasing maxSuppSize to resolve the issue.
└ @ RCall ~/.julia/packages/RCall/JIY9I/src/io.jl:171
┌ Warning: RCall.jl: Warning in L0Learn.fit(X_train, y_train, penalty = "L0", lambdaGrid = list(c(lambda_val)),  :
│   Warning! Only 1 element in path with support size > maxSuppSize. 
│  Try increasing maxSuppSize to resolve the issue.
└ @ RCall ~/.julia/packages/RCall/JIY9I/src/io.jl:171
┌ Warning: RCall.jl: Warning in L0Learn.fit(X_train, y_train, penalty = "L0", lambdaGrid = list(c(lambda_val)),  :
│   Warning! Only 1 element in path with support size > maxSuppSize. 
│  Try increasing maxSuppSize to resolve the issue.
└ @ RCall ~/.julia/packages/RCall/JIY9I/src/io.jl:171
┌ Warning: RCall.jl: Warning in L0Learn.fit(X_train, y_train, penalty = "L0", lambdaGrid = list(c(lambda_val)),  :
│   Warning! Only 1 element in path with support size > maxSuppSize. 
│  Try increasing maxSuppSize to resolve the issue.
└ @ RCall ~/.julia/packages/RCall/JIY9I/src/io.jl:171
┌ Warning: RCall.jl: Warning in L0Learn.fit(X_train, y_train, penalty = "L0", lambdaGrid = list(c(lambda_val)),  :
│   Warning! Only 1 element in path with support size > maxSuppSize. 
│  Try increasing maxSuppSize to resolve the issue.
└ @ RCall ~/.julia/packages/RCall/JIY9I/src/io.jl:171
┌ Warning: RCall.jl: Warning in L0Learn.fit(X_train, y_train, penalty = "L0", lambdaGrid = list(c(lambda_val)),  :
│   Warning! Only 1 element in path with support size > maxSuppSize. 
│  Try increasing maxSuppSize to resolve the issue.
└ @ RCall ~/.julia/packages/RCall/JIY9I/src/io.jl:171
┌ Warning: RCall.jl: Warning in L0Learn.fit(X_train, y_train, penalty = "L0", lambdaGrid = list(c(lambda_val)),  :
│   Warning! Only 1 element in path with support size > maxSuppSize. 
│  Try increasing maxSuppSize to resolve the issue.
└ @ RCall ~/.julia/packages/RCall/JIY9I/src/io.jl:171
┌ Warning: RCall.jl: Warning in L0Learn.fit(X_train, y_train, penalty = "L0", lambdaGrid = list(c(lambda_val)),  :
│   Warning! Only 1 element in path with support size > maxSuppSize. 
│  Try increasing maxSuppSize to resolve the issue.
└ @ RCall ~/.julia/packages/RCall/JIY9I/src/io.jl:171
┌ Warning: RCall.jl: Warning in L0Learn.fit(X_train, y_train, penalty = "L0", lambdaGrid = list(c(lambda_val)),  :
│   Warning! Only 1 element in path with support size > maxSuppSize. 
│  Try increasing maxSuppSize to resolve the issue.
└ @ RCall ~/.julia/packages/RCall/JIY9I/src/io.jl:171
┌ Warning: RCall.jl: Warning in L0Learn.fit(X_train, y_train, penalty = "L0", lambdaGrid = list(c(lambda_val)),  :
│   Warning! Only 1 element in path with support size > maxSuppSize. 
│  Try increasing maxSuppSize to resolve the issue.
└ @ RCall ~/.julia/packages/RCall/JIY9I/src/io.jl:171
┌ Warning: RCall.jl: Warning in L0Learn.fit(X_train, y_train, penalty = "L0", lambdaGrid = list(c(lambda_val)),  :
│   Warning! Only 1 element in path with support size > maxSuppSize. 
│  Try increasing maxSuppSize to resolve the issue.
└ @ RCall ~/.julia/packages/RCall/JIY9I/src/io.jl:171
┌ Warning: RCall.jl: Warning in L0Learn.fit(X_train, y_train, penalty = "L0", lambdaGrid = list(c(lambda_val)),  :
│   Warning! Only 1 element in path with support size > maxSuppSize. 
│  Try increasing maxSuppSize to resolve the issue.
└ @ RCall ~/.julia/packages/RCall/JIY9I/src/io.jl:171
┌ Warning: RCall.jl: Warning in L0Learn.fit(X_train, y_train, penalty = "L0", lambdaGrid = list(c(lambda_val)),  :
│   Warning! Only 1 element in path with support size > maxSuppSize. 
│  Try increasing maxSuppSize to resolve the issue.
└ @ RCall ~/.julia/packages/RCall/JIY9I/src/io.jl:171
┌ Warning: RCall.jl: Warning in L0Learn.fit(X_train, y_train, penalty = "L0", lambdaGrid = list(c(lambda_val)),  :
│   Warning! Only 1 element in path with support size > maxSuppSize. 
│  Try increasing maxSuppSize to resolve the issue.
└ @ RCall ~/.julia/packages/RCall/JIY9I/src/io.jl:171
┌ Warning: RCall.jl: Warning in L0Learn.fit(X_train, y_train, penalty = "L0", lambdaGrid = list(c(lambda_val)),  :
│   Warning! Only 1 element in path with support size > maxSuppSize. 
│  Try increasing maxSuppSize to resolve the issue.
└ @ RCall ~/.julia/packages/RCall/JIY9I/src/io.jl:171
[ Info: Trial 1/10 completed
┌ Warning: RCall.jl: Warning in L0Learn.fit(X_train, y_train, penalty = "L0", lambdaGrid = list(c(lambda_val)),  :
│   Warning! Only 1 element in path with support size > maxSuppSize. 
│  Try increasing maxSuppSize to resolve the issue.
└ @ RCall ~/.julia/packages/RCall/JIY9I/src/io.jl:171
┌ Warning: RCall.jl: Warning in L0Learn.fit(X_train, y_train, penalty = "L0", lambdaGrid = list(c(lambda_val)),  :
│   Warning! Only 1 element in path with support size > maxSuppSize. 
│  Try increasing maxSuppSize to resolve the issue.
└ @ RCall ~/.julia/packages/RCall/JIY9I/src/io.jl:171
┌ Warning: RCall.jl: Warning in L0Learn.fit(X_train, y_train, penalty = "L0", lambdaGrid = list(c(lambda_val)),  :
│   Warning! Only 1 element in path with support size > maxSuppSize. 
│  Try increasing maxSuppSize to resolve the issue.
└ @ RCall ~/.julia/packages/RCall/JIY9I/src/io.jl:171
┌ Warning: RCall.jl: Warning in L0Learn.fit(X_train, y_train, penalty = "L0", lambdaGrid = list(c(lambda_val)),  :
│   Warning! Only 1 element in path with support size > maxSuppSize. 
│  Try increasing maxSuppSize to resolve the issue.
└ @ RCall ~/.julia/packages/RCall/JIY9I/src/io.jl:171
┌ Warning: RCall.jl: Warning in L0Learn.fit(X_train, y_train, penalty = "L0", lambdaGrid = list(c(lambda_val)),  :
│   Warning! Only 1 element in path with support size > maxSuppSize. 
│  Try increasing maxSuppSize to resolve the issue.
└ @ RCall ~/.julia/packages/RCall/JIY9I/src/io.jl:171
┌ Warning: RCall.jl: Warning in L0Learn.fit(X_train, y_train, penalty = "L0", lambdaGrid = list(c(lambda_val)),  :
│   Warning! Only 1 element in path with support size > maxSuppSize. 
│  Try increasing maxSuppSize to resolve the issue.
└ @ RCall ~/.julia/packages/RCall/JIY9I/src/io.jl:171
┌ Warning: RCall.jl: Warning in L0Learn.fit(X_train, y_train, penalty = "L0", lambdaGrid = list(c(lambda_val)),  :
│   Warning! Only 1 element in path with support size > maxSuppSize. 
│  Try increasing maxSuppSize to resolve the issue.
└ @ RCall ~/.julia/packages/RCall/JIY9I/src/io.jl:171
┌ Warning: RCall.jl: Warning in L0Learn.fit(X_train, y_train, penalty = "L0", lambdaGrid = list(c(lambda_val)),  :
│   Warning! Only 1 element in path with support size > maxSuppSize. 
│  Try increasing maxSuppSize to resolve the issue.
└ @ RCall ~/.julia/packages/RCall/JIY9I/src/io.jl:171
┌ Warning: RCall.jl: Warning in L0Learn.fit(X_train, y_train, penalty = "L0", lambdaGrid = list(c(lambda_val)),  :
│   Warning! Only 1 element in path with support size > maxSuppSize. 
│  Try increasing maxSuppSize to resolve the issue.
└ @ RCall ~/.julia/packages/RCall/JIY9I/src/io.jl:171
┌ Warning: RCall.jl: Warning in L0Learn.fit(X_train, y_train, penalty = "L0", lambdaGrid = list(c(lambda_val)),  :
│   Warning! Only 1 element in path with support size > maxSuppSize. 
│  Try increasing maxSuppSize to resolve the issue.
└ @ RCall ~/.julia/packages/RCall/JIY9I/src/io.jl:171
┌ Warning: RCall.jl: Warning in L0Learn.fit(X_train, y_train, penalty = "L0", lambdaGrid = list(c(lambda_val)),  :
│   Warning! Only 1 element in path with support size > maxSuppSize. 
│  Try increasing maxSuppSize to resolve the issue.
└ @ RCall ~/.julia/packages/RCall/JIY9I/src/io.jl:171
┌ Warning: RCall.jl: Warning in L0Learn.fit(X_train, y_train, penalty = "L0", lambdaGrid = list(c(lambda_val)),  :
│   Warning! Only 1 element in path with support size > maxSuppSize. 
│  Try increasing maxSuppSize to resolve the issue.
└ @ RCall ~/.julia/packages/RCall/JIY9I/src/io.jl:171
┌ Warning: RCall.jl: Warning in L0Learn.fit(X_train, y_train, penalty = "L0", lambdaGrid = list(c(lambda_val)),  :
│   Warning! Only 1 element in path with support size > maxSuppSize. 
│  Try increasing maxSuppSize to resolve the issue.
└ @ RCall ~/.julia/packages/RCall/JIY9I/src/io.jl:171
┌ Warning: RCall.jl: Warning in L0Learn.fit(X_train, y_train, penalty = "L0", lambdaGrid = list(c(lambda_val)),  :
│   Warning! Only 1 element in path with support size > maxSuppSize. 
│  Try increasing maxSuppSize to resolve the issue.
└ @ RCall ~/.julia/packages/RCall/JIY9I/src/io.jl:171
┌ Warning: RCall.jl: Warning in L0Learn.fit(X_train, y_train, penalty = "L0", lambdaGrid = list(c(lambda_val)),  :
│   Warning! Only 1 element in path with support size > maxSuppSize. 
│  Try increasing maxSuppSize to resolve the issue.
└ @ RCall ~/.julia/packages/RCall/JIY9I/src/io.jl:171
┌ Warning: RCall.jl: Warning in L0Learn.fit(X_train, y_train, penalty = "L0", lambdaGrid = list(c(lambda_val)),  :
│   Warning! Only 1 element in path with support size > maxSuppSize. 
│  Try increasing maxSuppSize to resolve the issue.
└ @ RCall ~/.julia/packages/RCall/JIY9I/src/io.jl:171
┌ Warning: RCall.jl: Warning in L0Learn.fit(X_train, y_train, penalty = "L0", lambdaGrid = list(c(lambda_val)),  :
│   Warning! Only 1 element in path with support size > maxSuppSize. 
│  Try increasing maxSuppSize to resolve the issue.
└ @ RCall ~/.julia/packages/RCall/JIY9I/src/io.jl:171
┌ Warning: RCall.jl: Warning in L0Learn.fit(X_train, y_train, penalty = "L0", lambdaGrid = list(c(lambda_val)),  :
│   Warning! Only 1 element in path with support size > maxSuppSize. 
│  Try increasing maxSuppSize to resolve the issue.
└ @ RCall ~/.julia/packages/RCall/JIY9I/src/io.jl:171
┌ Warning: RCall.jl: Warning in L0Learn.fit(X_train, y_train, penalty = "L0", lambdaGrid = list(c(lambda_val)),  :
│   Warning! Only 1 element in path with support size > maxSuppSize. 
│  Try increasing maxSuppSize to resolve the issue.
└ @ RCall ~/.julia/packages/RCall/JIY9I/src/io.jl:171
┌ Warning: RCall.jl: Warning in L0Learn.fit(X_train, y_train, penalty = "L0", lambdaGrid = list(c(lambda_val)),  :
│   Warning! Only 1 element in path with support size > maxSuppSize. 
│  Try increasing maxSuppSize to resolve the issue.
└ @ RCall ~/.julia/packages/RCall/JIY9I/src/io.jl:171
┌ Warning: RCall.jl: Warning in L0Learn.fit(X_train, y_train, penalty = "L0", lambdaGrid = list(c(lambda_val)),  :
│   Warning! Only 1 element in path with support size > maxSuppSize. 
│  Try increasing maxSuppSize to resolve the issue.
└ @ RCall ~/.julia/packages/RCall/JIY9I/src/io.jl:171
┌ Warning: RCall.jl: Warning in L0Learn.fit(X_train, y_train, penalty = "L0", lambdaGrid = list(c(lambda_val)),  :
│   Warning! Only 1 element in path with support size > maxSuppSize. 
│  Try increasing maxSuppSize to resolve the issue.
└ @ RCall ~/.julia/packages/RCall/JIY9I/src/io.jl:171
┌ Warning: RCall.jl: Warning in L0Learn.fit(X_train, y_train, penalty = "L0", lambdaGrid = list(c(lambda_val)),  :
│   Warning! Only 1 element in path with support size > maxSuppSize. 
│  Try increasing maxSuppSize to resolve the issue.
└ @ RCall ~/.julia/packages/RCall/JIY9I/src/io.jl:171
┌ Warning: RCall.jl: Warning in L0Learn.fit(X_train, y_train, penalty = "L0", lambdaGrid = list(c(lambda_val)),  :
│   Warning! Only 1 element in path with support size > maxSuppSize. 
│  Try increasing maxSuppSize to resolve the issue.
└ @ RCall ~/.julia/packages/RCall/JIY9I/src/io.jl:171
┌ Warning: RCall.jl: Warning in L0Learn.fit(X_train, y_train, penalty = "L0", lambdaGrid = list(c(lambda_val)),  :
│   Warning! Only 1 element in path with support size > maxSuppSize. 
│  Try increasing maxSuppSize to resolve the issue.
└ @ RCall ~/.julia/packages/RCall/JIY9I/src/io.jl:171
┌ Warning: RCall.jl: Warning in L0Learn.fit(X_train, y_train, penalty = "L0", lambdaGrid = list(c(lambda_val)),  :
│   Warning! Only 1 element in path with support size > maxSuppSize. 
│  Try increasing maxSuppSize to resolve the issue.
└ @ RCall ~/.julia/packages/RCall/JIY9I/src/io.jl:171
┌ Warning: RCall.jl: Warning in L0Learn.fit(X_train, y_train, penalty = "L0", lambdaGrid = list(c(lambda_val)),  :
│   Warning! Only 1 element in path with support size > maxSuppSize. 
│  Try increasing maxSuppSize to resolve the issue.
└ @ RCall ~/.julia/packages/RCall/JIY9I/src/io.jl:171
┌ Warning: RCall.jl: Warning in L0Learn.fit(X_train, y_train, penalty = "L0", lambdaGrid = list(c(lambda_val)),  :
│   Warning! Only 1 element in path with support size > maxSuppSize. 
│  Try increasing maxSuppSize to resolve the issue.
└ @ RCall ~/.julia/packages/RCall/JIY9I/src/io.jl:171
┌ Warning: RCall.jl: Warning in L0Learn.fit(X_train, y_train, penalty = "L0", lambdaGrid = list(c(lambda_val)),  :
│   Warning! Only 1 element in path with support size > maxSuppSize. 
│  Try increasing maxSuppSize to resolve the issue.
└ @ RCall ~/.julia/packages/RCall/JIY9I/src/io.jl:171
┌ Warning: RCall.jl: Warning in L0Learn.fit(X_train, y_train, penalty = "L0", lambdaGrid = list(c(lambda_val)),  :
│   Warning! Only 1 element in path with support size > maxSuppSize. 
│  Try increasing maxSuppSize to resolve the issue.
└ @ RCall ~/.julia/packages/RCall/JIY9I/src/io.jl:171
[ Info: Trial 2/10 completed
┌ Warning: RCall.jl: Warning in L0Learn.fit(X_train, y_train, penalty = "L0", lambdaGrid = list(c(lambda_val)),  :
│   Warning! Only 1 element in path with support size > maxSuppSize. 
│  Try increasing maxSuppSize to resolve the issue.
└ @ RCall ~/.julia/packages/RCall/JIY9I/src/io.jl:171
┌ Warning: RCall.jl: Warning in L0Learn.fit(X_train, y_train, penalty = "L0", lambdaGrid = list(c(lambda_val)),  :
│   Warning! Only 1 element in path with support size > maxSuppSize. 
│  Try increasing maxSuppSize to resolve the issue.
└ @ RCall ~/.julia/packages/RCall/JIY9I/src/io.jl:171
┌ Warning: RCall.jl: Warning in L0Learn.fit(X_train, y_train, penalty = "L0", lambdaGrid = list(c(lambda_val)),  :
│   Warning! Only 1 element in path with support size > maxSuppSize. 
│  Try increasing maxSuppSize to resolve the issue.
└ @ RCall ~/.julia/packages/RCall/JIY9I/src/io.jl:171
┌ Warning: RCall.jl: Warning in L0Learn.fit(X_train, y_train, penalty = "L0", lambdaGrid = list(c(lambda_val)),  :
│   Warning! Only 1 element in path with support size > maxSuppSize. 
│  Try increasing maxSuppSize to resolve the issue.
└ @ RCall ~/.julia/packages/RCall/JIY9I/src/io.jl:171
┌ Warning: RCall.jl: Warning in L0Learn.fit(X_train, y_train, penalty = "L0", lambdaGrid = list(c(lambda_val)),  :
│   Warning! Only 1 element in path with support size > maxSuppSize. 
│  Try increasing maxSuppSize to resolve the issue.
└ @ RCall ~/.julia/packages/RCall/JIY9I/src/io.jl:171
┌ Warning: RCall.jl: Warning in L0Learn.fit(X_train, y_train, penalty = "L0", lambdaGrid = list(c(lambda_val)),  :
│   Warning! Only 1 element in path with support size > maxSuppSize. 
│  Try increasing maxSuppSize to resolve the issue.
└ @ RCall ~/.julia/packages/RCall/JIY9I/src/io.jl:171
┌ Warning: RCall.jl: Warning in L0Learn.fit(X_train, y_train, penalty = "L0", lambdaGrid = list(c(lambda_val)),  :
│   Warning! Only 1 element in path with support size > maxSuppSize. 
│  Try increasing maxSuppSize to resolve the issue.
└ @ RCall ~/.julia/packages/RCall/JIY9I/src/io.jl:171
┌ Warning: RCall.jl: Warning in L0Learn.fit(X_train, y_train, penalty = "L0", lambdaGrid = list(c(lambda_val)),  :
│   Warning! Only 1 element in path with support size > maxSuppSize. 
│  Try increasing maxSuppSize to resolve the issue.
└ @ RCall ~/.julia/packages/RCall/JIY9I/src/io.jl:171
┌ Warning: RCall.jl: Warning in L0Learn.fit(X_train, y_train, penalty = "L0", lambdaGrid = list(c(lambda_val)),  :
│   Warning! Only 1 element in path with support size > maxSuppSize. 
│  Try increasing maxSuppSize to resolve the issue.
└ @ RCall ~/.julia/packages/RCall/JIY9I/src/io.jl:171
┌ Warning: RCall.jl: Warning in L0Learn.fit(X_train, y_train, penalty = "L0", lambdaGrid = list(c(lambda_val)),  :
│   Warning! Only 1 element in path with support size > maxSuppSize. 
│  Try increasing maxSuppSize to resolve the issue.
└ @ RCall ~/.julia/packages/RCall/JIY9I/src/io.jl:171
┌ Warning: RCall.jl: Warning in L0Learn.fit(X_train, y_train, penalty = "L0", lambdaGrid = list(c(lambda_val)),  :
│   Warning! Only 1 element in path with support size > maxSuppSize. 
│  Try increasing maxSuppSize to resolve the issue.
└ @ RCall ~/.julia/packages/RCall/JIY9I/src/io.jl:171
┌ Warning: RCall.jl: Warning in L0Learn.fit(X_train, y_train, penalty = "L0", lambdaGrid = list(c(lambda_val)),  :
│   Warning! Only 1 element in path with support size > maxSuppSize. 
│  Try increasing maxSuppSize to resolve the issue.
└ @ RCall ~/.julia/packages/RCall/JIY9I/src/io.jl:171
┌ Warning: RCall.jl: Warning in L0Learn.fit(X_train, y_train, penalty = "L0", lambdaGrid = list(c(lambda_val)),  :
│   Warning! Only 1 element in path with support size > maxSuppSize. 
│  Try increasing maxSuppSize to resolve the issue.
└ @ RCall ~/.julia/packages/RCall/JIY9I/src/io.jl:171
┌ Warning: RCall.jl: Warning in L0Learn.fit(X_train, y_train, penalty = "L0", lambdaGrid = list(c(lambda_val)),  :
│   Warning! Only 1 element in path with support size > maxSuppSize. 
│  Try increasing maxSuppSize to resolve the issue.
└ @ RCall ~/.julia/packages/RCall/JIY9I/src/io.jl:171
┌ Warning: RCall.jl: Warning in L0Learn.fit(X_train, y_train, penalty = "L0", lambdaGrid = list(c(lambda_val)),  :
│   Warning! Only 1 element in path with support size > maxSuppSize. 
│  Try increasing maxSuppSize to resolve the issue.
└ @ RCall ~/.julia/packages/RCall/JIY9I/src/io.jl:171
┌ Warning: RCall.jl: Warning in L0Learn.fit(X_train, y_train, penalty = "L0", lambdaGrid = list(c(lambda_val)),  :
│   Warning! Only 1 element in path with support size > maxSuppSize. 
│  Try increasing maxSuppSize to resolve the issue.
└ @ RCall ~/.julia/packages/RCall/JIY9I/src/io.jl:171
┌ Warning: RCall.jl: Warning in L0Learn.fit(X_train, y_train, penalty = "L0", lambdaGrid = list(c(lambda_val)),  :
│   Warning! Only 1 element in path with support size > maxSuppSize. 
│  Try increasing maxSuppSize to resolve the issue.
└ @ RCall ~/.julia/packages/RCall/JIY9I/src/io.jl:171
┌ Warning: RCall.jl: Warning in L0Learn.fit(X_train, y_train, penalty = "L0", lambdaGrid = list(c(lambda_val)),  :
│   Warning! Only 1 element in path with support size > maxSuppSize. 
│  Try increasing maxSuppSize to resolve the issue.
└ @ RCall ~/.julia/packages/RCall/JIY9I/src/io.jl:171
┌ Warning: RCall.jl: Warning in L0Learn.fit(X_train, y_train, penalty = "L0", lambdaGrid = list(c(lambda_val)),  :
│   Warning! Only 1 element in path with support size > maxSuppSize. 
│  Try increasing maxSuppSize to resolve the issue.
└ @ RCall ~/.julia/packages/RCall/JIY9I/src/io.jl:171
┌ Warning: RCall.jl: Warning in L0Learn.fit(X_train, y_train, penalty = "L0", lambdaGrid = list(c(lambda_val)),  :
│   Warning! Only 1 element in path with support size > maxSuppSize. 
│  Try increasing maxSuppSize to resolve the issue.
└ @ RCall ~/.julia/packages/RCall/JIY9I/src/io.jl:171
┌ Warning: RCall.jl: Warning in L0Learn.fit(X_train, y_train, penalty = "L0", lambdaGrid = list(c(lambda_val)),  :
│   Warning! Only 1 element in path with support size > maxSuppSize. 
│  Try increasing maxSuppSize to resolve the issue.
└ @ RCall ~/.julia/packages/RCall/JIY9I/src/io.jl:171
┌ Warning: RCall.jl: Warning in L0Learn.fit(X_train, y_train, penalty = "L0", lambdaGrid = list(c(lambda_val)),  :
│   Warning! Only 1 element in path with support size > maxSuppSize. 
│  Try increasing maxSuppSize to resolve the issue.
└ @ RCall ~/.julia/packages/RCall/JIY9I/src/io.jl:171
┌ Warning: RCall.jl: Warning in L0Learn.fit(X_train, y_train, penalty = "L0", lambdaGrid = list(c(lambda_val)),  :
│   Warning! Only 1 element in path with support size > maxSuppSize. 
│  Try increasing maxSuppSize to resolve the issue.
└ @ RCall ~/.julia/packages/RCall/JIY9I/src/io.jl:171
┌ Warning: RCall.jl: Warning in L0Learn.fit(X_train, y_train, penalty = "L0", lambdaGrid = list(c(lambda_val)),  :
│   Warning! Only 1 element in path with support size > maxSuppSize. 
│  Try increasing maxSuppSize to resolve the issue.
└ @ RCall ~/.julia/packages/RCall/JIY9I/src/io.jl:171
┌ Warning: RCall.jl: Warning in L0Learn.fit(X_train, y_train, penalty = "L0", lambdaGrid = list(c(lambda_val)),  :
│   Warning! Only 1 element in path with support size > maxSuppSize. 
│  Try increasing maxSuppSize to resolve the issue.
└ @ RCall ~/.julia/packages/RCall/JIY9I/src/io.jl:171
┌ Warning: RCall.jl: Warning in L0Learn.fit(X_train, y_train, penalty = "L0", lambdaGrid = list(c(lambda_val)),  :
│   Warning! Only 1 element in path with support size > maxSuppSize. 
│  Try increasing maxSuppSize to resolve the issue.
└ @ RCall ~/.julia/packages/RCall/JIY9I/src/io.jl:171
┌ Warning: RCall.jl: Warning in L0Learn.fit(X_train, y_train, penalty = "L0", lambdaGrid = list(c(lambda_val)),  :
│   Warning! Only 1 element in path with support size > maxSuppSize. 
│  Try increasing maxSuppSize to resolve the issue.
└ @ RCall ~/.julia/packages/RCall/JIY9I/src/io.jl:171
┌ Warning: RCall.jl: Warning in L0Learn.fit(X_train, y_train, penalty = "L0", lambdaGrid = list(c(lambda_val)),  :
│   Warning! Only 1 element in path with support size > maxSuppSize. 
│  Try increasing maxSuppSize to resolve the issue.
└ @ RCall ~/.julia/packages/RCall/JIY9I/src/io.jl:171
┌ Warning: RCall.jl: Warning in L0Learn.fit(X_train, y_train, penalty = "L0", lambdaGrid = list(c(lambda_val)),  :
│   Warning! Only 1 element in path with support size > maxSuppSize. 
│  Try increasing maxSuppSize to resolve the issue.
└ @ RCall ~/.julia/packages/RCall/JIY9I/src/io.jl:171
┌ Warning: RCall.jl: Warning in L0Learn.fit(X_train, y_train, penalty = "L0", lambdaGrid = list(c(lambda_val)),  :
│   Warning! Only 1 element in path with support size > maxSuppSize. 
│  Try increasing maxSuppSize to resolve the issue.
└ @ RCall ~/.julia/packages/RCall/JIY9I/src/io.jl:171
┌ Warning: RCall.jl: Warning in L0Learn.fit(X_train, y_train, penalty = "L0", lambdaGrid = list(c(lambda_val)),  :
│   Warning! Only 1 element in path with support size > maxSuppSize. 
│  Try increasing maxSuppSize to resolve the issue.
└ @ RCall ~/.julia/packages/RCall/JIY9I/src/io.jl:171
┌ Warning: RCall.jl: Warning in L0Learn.fit(X_train, y_train, penalty = "L0", lambdaGrid = list(c(lambda_val)),  :
│   Warning! Only 1 element in path with support size > maxSuppSize. 
│  Try increasing maxSuppSize to resolve the issue.
└ @ RCall ~/.julia/packages/RCall/JIY9I/src/io.jl:171
┌ Warning: RCall.jl: Warning in L0Learn.fit(X_train, y_train, penalty = "L0", lambdaGrid = list(c(lambda_val)),  :
│   Warning! Only 1 element in path with support size > maxSuppSize. 
│  Try increasing maxSuppSize to resolve the issue.
└ @ RCall ~/.julia/packages/RCall/JIY9I/src/io.jl:171
┌ Warning: RCall.jl: Warning in L0Learn.fit(X_train, y_train, penalty = "L0", lambdaGrid = list(c(lambda_val)),  :
│   Warning! Only 1 element in path with support size > maxSuppSize. 
│  Try increasing maxSuppSize to resolve the issue.
└ @ RCall ~/.julia/packages/RCall/JIY9I/src/io.jl:171
┌ Warning: RCall.jl: Warning in L0Learn.fit(X_train, y_train, penalty = "L0", lambdaGrid = list(c(lambda_val)),  :
│   Warning! Only 1 element in path with support size > maxSuppSize. 
│  Try increasing maxSuppSize to resolve the issue.
└ @ RCall ~/.julia/packages/RCall/JIY9I/src/io.jl:171
┌ Warning: RCall.jl: Warning in L0Learn.fit(X_train, y_train, penalty = "L0", lambdaGrid = list(c(lambda_val)),  :
│   Warning! Only 1 element in path with support size > maxSuppSize. 
│  Try increasing maxSuppSize to resolve the issue.
└ @ RCall ~/.julia/packages/RCall/JIY9I/src/io.jl:171
┌ Warning: RCall.jl: Warning in L0Learn.fit(X_train, y_train, penalty = "L0", lambdaGrid = list(c(lambda_val)),  :
│   Warning! Only 1 element in path with support size > maxSuppSize. 
│  Try increasing maxSuppSize to resolve the issue.
└ @ RCall ~/.julia/packages/RCall/JIY9I/src/io.jl:171
┌ Warning: RCall.jl: Warning in L0Learn.fit(X_train, y_train, penalty = "L0", lambdaGrid = list(c(lambda_val)),  :
│   Warning! Only 1 element in path with support size > maxSuppSize. 
│  Try increasing maxSuppSize to resolve the issue.
└ @ RCall ~/.julia/packages/RCall/JIY9I/src/io.jl:171
[ Info: Trial 3/10 completed
┌ Warning: RCall.jl: Warning in L0Learn.fit(X_train, y_train, penalty = "L0", lambdaGrid = list(c(lambda_val)),  :
│   Warning! Only 1 element in path with support size > maxSuppSize. 
│  Try increasing maxSuppSize to resolve the issue.
└ @ RCall ~/.julia/packages/RCall/JIY9I/src/io.jl:171
┌ Warning: RCall.jl: Warning in L0Learn.fit(X_train, y_train, penalty = "L0", lambdaGrid = list(c(lambda_val)),  :
│   Warning! Only 1 element in path with support size > maxSuppSize. 
│  Try increasing maxSuppSize to resolve the issue.
└ @ RCall ~/.julia/packages/RCall/JIY9I/src/io.jl:171
┌ Warning: RCall.jl: Warning in L0Learn.fit(X_train, y_train, penalty = "L0", lambdaGrid = list(c(lambda_val)),  :
│   Warning! Only 1 element in path with support size > maxSuppSize. 
│  Try increasing maxSuppSize to resolve the issue.
└ @ RCall ~/.julia/packages/RCall/JIY9I/src/io.jl:171
┌ Warning: RCall.jl: Warning in L0Learn.fit(X_train, y_train, penalty = "L0", lambdaGrid = list(c(lambda_val)),  :
│   Warning! Only 1 element in path with support size > maxSuppSize. 
│  Try increasing maxSuppSize to resolve the issue.
└ @ RCall ~/.julia/packages/RCall/JIY9I/src/io.jl:171
┌ Warning: RCall.jl: Warning in L0Learn.fit(X_train, y_train, penalty = "L0", lambdaGrid = list(c(lambda_val)),  :
│   Warning! Only 1 element in path with support size > maxSuppSize. 
│  Try increasing maxSuppSize to resolve the issue.
└ @ RCall ~/.julia/packages/RCall/JIY9I/src/io.jl:171
┌ Warning: RCall.jl: Warning in L0Learn.fit(X_train, y_train, penalty = "L0", lambdaGrid = list(c(lambda_val)),  :
│   Warning! Only 1 element in path with support size > maxSuppSize. 
│  Try increasing maxSuppSize to resolve the issue.
└ @ RCall ~/.julia/packages/RCall/JIY9I/src/io.jl:171
┌ Warning: RCall.jl: Warning in L0Learn.fit(X_train, y_train, penalty = "L0", lambdaGrid = list(c(lambda_val)),  :
│   Warning! Only 1 element in path with support size > maxSuppSize. 
│  Try increasing maxSuppSize to resolve the issue.
└ @ RCall ~/.julia/packages/RCall/JIY9I/src/io.jl:171
┌ Warning: RCall.jl: Warning in L0Learn.fit(X_train, y_train, penalty = "L0", lambdaGrid = list(c(lambda_val)),  :
│   Warning! Only 1 element in path with support size > maxSuppSize. 
│  Try increasing maxSuppSize to resolve the issue.
└ @ RCall ~/.julia/packages/RCall/JIY9I/src/io.jl:171
"CDSS" = "CDSS"
SUP = 100.0
Pred = 0.10137544222620834
Sim = 1.0
Infv = 0.3477118311802634
round(elapsed, digits = 2) = 26.83
"CDSS (β-only)" = "CDSS (β-only)"
SUP = 100.0
Pred = 0.10137544222620834
Sim = 1.0
Infv = 0.3477118311802634
round(elapsed, digits = 2) = 24.48
refinement_change = 4.246680885525139e-5
"SPGpCDSS" = "SPGpCDSS"
SUP = 100.0
Pred = 0.10137520759154031
Sim = 1.0
Infv = 0.3477155347347183
round(elapsed, digits = 2) = 2.84
spgpcdss_chose_beta = true
"L0Learn" = "L0Learn"
supp_l0 = 46
predval_l0 = 0.4791583682896765
sim_l0 = 0.42
inf_l0 = 1.8547764968872233
round(elapsed, digits = 2) = 0.1
"L0Learn+PSI1" = "L0Learn+PSI1"
SUP = 100.0
Pred = 0.10137479078890263
Sim = 1.0
Infv = 0.3477900944445349
round(elapsed, digits = 2) = 24.67
"CDSS" = "CDSS"
SUP = 100.0
Pred = 0.10217975291112505
Sim = 1.0
Infv = 0.30224872501248745
round(elapsed, digits = 2) = 22.14
"CDSS (β-only)" = "CDSS (β-only)"
SUP = 100.0
Pred = 0.10217975291112505
Sim = 1.0
Infv = 0.30224872501248745
round(elapsed, digits = 2) = 22.89
refinement_change = 1.0254019693760481e-5
"SPGpCDSS" = "SPGpCDSS"
SUP = 100.0
Pred = 0.1021780700113169
Sim = 1.0
Infv = 0.30226598032747565
round(elapsed, digits = 2) = 1.98
spgpcdss_chose_beta = false
"L0Learn" = "L0Learn"
supp_l0 = 43
predval_l0 = 0.5067834680854595
sim_l0 = 0.39
inf_l0 = 1.4218420346429537
round(elapsed, digits = 2) = 0.1
"L0Learn+PSI1" = "L0Learn+PSI1"
SUP = 100.0
Pred = 0.10217846249912377
Sim = 1.0
Infv = 0.30221657180750905
round(elapsed, digits = 2) = 28.31
"CDSS" = "CDSS"
SUP = 100.0
Pred = 0.09865169082796647
Sim = 1.0
Infv = 0.2686337925823863
round(elapsed, digits = 2) = 25.72
"CDSS (β-only)" = "CDSS (β-only)"
SUP = 100.0
Pred = 0.09865169082796647
Sim = 1.0
Infv = 0.2686337925823863
round(elapsed, digits = 2) = 21.75
refinement_change = 3.8929796737857567e-5
"SPGpCDSS" = "SPGpCDSS"
SUP = 100.0
Pred = 0.09865165792546789
Sim = 1.0
Infv = 0.26864391374307406
round(elapsed, digits = 2) = 2.61
spgpcdss_chose_beta = false
"L0Learn" = "L0Learn"
supp_l0 = 50
predval_l0 = 0.4159918833588281
sim_l0 = 0.49
inf_l0 = 1.0823159414031736
round(elapsed, digits = 2) = 0.11
"L0Learn+PSI1" = "L0Learn+PSI1"
SUP = 100.0
Pred = 0.09865038338738986
Sim = 1.0
Infv = 0.26829293964105716
round(elapsed, digits = 2) = 22.54
┌ Warning: RCall.jl: Warning in L0Learn.fit(X_train, y_train, penalty = "L0", lambdaGrid = list(c(lambda_val)),  :
│   Warning! Only 1 element in path with support size > maxSuppSize. 
│  Try increasing maxSuppSize to resolve the issue.
└ @ RCall ~/.julia/packages/RCall/JIY9I/src/io.jl:171
┌ Warning: RCall.jl: Warning in L0Learn.fit(X_train, y_train, penalty = "L0", lambdaGrid = list(c(lambda_val)),  :
│   Warning! Only 1 element in path with support size > maxSuppSize. 
│  Try increasing maxSuppSize to resolve the issue.
└ @ RCall ~/.julia/packages/RCall/JIY9I/src/io.jl:171
┌ Warning: RCall.jl: Warning in L0Learn.fit(X_train, y_train, penalty = "L0", lambdaGrid = list(c(lambda_val)),  :
│   Warning! Only 1 element in path with support size > maxSuppSize. 
│  Try increasing maxSuppSize to resolve the issue.
└ @ RCall ~/.julia/packages/RCall/JIY9I/src/io.jl:171
┌ Warning: RCall.jl: Warning in L0Learn.fit(X_train, y_train, penalty = "L0", lambdaGrid = list(c(lambda_val)),  :
│   Warning! Only 1 element in path with support size > maxSuppSize. 
│  Try increasing maxSuppSize to resolve the issue.
└ @ RCall ~/.julia/packages/RCall/JIY9I/src/io.jl:171
┌ Warning: RCall.jl: Warning in L0Learn.fit(X_train, y_train, penalty = "L0", lambdaGrid = list(c(lambda_val)),  :
│   Warning! Only 1 element in path with support size > maxSuppSize. 
│  Try increasing maxSuppSize to resolve the issue.
└ @ RCall ~/.julia/packages/RCall/JIY9I/src/io.jl:171
┌ Warning: RCall.jl: Warning in L0Learn.fit(X_train, y_train, penalty = "L0", lambdaGrid = list(c(lambda_val)),  :
│   Warning! Only 1 element in path with support size > maxSuppSize. 
│  Try increasing maxSuppSize to resolve the issue.
└ @ RCall ~/.julia/packages/RCall/JIY9I/src/io.jl:171
┌ Warning: RCall.jl: Warning in L0Learn.fit(X_train, y_train, penalty = "L0", lambdaGrid = list(c(lambda_val)),  :
│   Warning! Only 1 element in path with support size > maxSuppSize. 
│  Try increasing maxSuppSize to resolve the issue.
└ @ RCall ~/.julia/packages/RCall/JIY9I/src/io.jl:171
┌ Warning: RCall.jl: Warning in L0Learn.fit(X_train, y_train, penalty = "L0", lambdaGrid = list(c(lambda_val)),  :
│   Warning! Only 1 element in path with support size > maxSuppSize. 
│  Try increasing maxSuppSize to resolve the issue.
└ @ RCall ~/.julia/packages/RCall/JIY9I/src/io.jl:171
┌ Warning: RCall.jl: Warning in L0Learn.fit(X_train, y_train, penalty = "L0", lambdaGrid = list(c(lambda_val)),  :
│   Warning! Only 1 element in path with support size > maxSuppSize. 
│  Try increasing maxSuppSize to resolve the issue.
└ @ RCall ~/.julia/packages/RCall/JIY9I/src/io.jl:171
┌ Warning: RCall.jl: Warning in L0Learn.fit(X_train, y_train, penalty = "L0", lambdaGrid = list(c(lambda_val)),  :
│   Warning! Only 1 element in path with support size > maxSuppSize. 
│  Try increasing maxSuppSize to resolve the issue.
└ @ RCall ~/.julia/packages/RCall/JIY9I/src/io.jl:171
┌ Warning: RCall.jl: Warning in L0Learn.fit(X_train, y_train, penalty = "L0", lambdaGrid = list(c(lambda_val)),  :
│   Warning! Only 1 element in path with support size > maxSuppSize. 
│  Try increasing maxSuppSize to resolve the issue.
└ @ RCall ~/.julia/packages/RCall/JIY9I/src/io.jl:171
┌ Warning: RCall.jl: Warning in L0Learn.fit(X_train, y_train, penalty = "L0", lambdaGrid = list(c(lambda_val)),  :
│   Warning! Only 1 element in path with support size > maxSuppSize. 
│  Try increasing maxSuppSize to resolve the issue.
└ @ RCall ~/.julia/packages/RCall/JIY9I/src/io.jl:171
┌ Warning: RCall.jl: Warning in L0Learn.fit(X_train, y_train, penalty = "L0", lambdaGrid = list(c(lambda_val)),  :
│   Warning! Only 1 element in path with support size > maxSuppSize. 
│  Try increasing maxSuppSize to resolve the issue.
└ @ RCall ~/.julia/packages/RCall/JIY9I/src/io.jl:171
┌ Warning: RCall.jl: Warning in L0Learn.fit(X_train, y_train, penalty = "L0", lambdaGrid = list(c(lambda_val)),  :
│   Warning! Only 1 element in path with support size > maxSuppSize. 
│  Try increasing maxSuppSize to resolve the issue.
└ @ RCall ~/.julia/packages/RCall/JIY9I/src/io.jl:171
┌ Warning: RCall.jl: Warning in L0Learn.fit(X_train, y_train, penalty = "L0", lambdaGrid = list(c(lambda_val)),  :
│   Warning! Only 1 element in path with support size > maxSuppSize. 
│  Try increasing maxSuppSize to resolve the issue.
└ @ RCall ~/.julia/packages/RCall/JIY9I/src/io.jl:171
┌ Warning: RCall.jl: Warning in L0Learn.fit(X_train, y_train, penalty = "L0", lambdaGrid = list(c(lambda_val)),  :
│   Warning! Only 1 element in path with support size > maxSuppSize. 
│  Try increasing maxSuppSize to resolve the issue.
└ @ RCall ~/.julia/packages/RCall/JIY9I/src/io.jl:171
┌ Warning: RCall.jl: Warning in L0Learn.fit(X_train, y_train, penalty = "L0", lambdaGrid = list(c(lambda_val)),  :
│   Warning! Only 1 element in path with support size > maxSuppSize. 
│  Try increasing maxSuppSize to resolve the issue.
└ @ RCall ~/.julia/packages/RCall/JIY9I/src/io.jl:171
┌ Warning: RCall.jl: Warning in L0Learn.fit(X_train, y_train, penalty = "L0", lambdaGrid = list(c(lambda_val)),  :
│   Warning! Only 1 element in path with support size > maxSuppSize. 
│  Try increasing maxSuppSize to resolve the issue.
└ @ RCall ~/.julia/packages/RCall/JIY9I/src/io.jl:171
┌ Warning: RCall.jl: Warning in L0Learn.fit(X_train, y_train, penalty = "L0", lambdaGrid = list(c(lambda_val)),  :
│   Warning! Only 1 element in path with support size > maxSuppSize. 
│  Try increasing maxSuppSize to resolve the issue.
└ @ RCall ~/.julia/packages/RCall/JIY9I/src/io.jl:171
┌ Warning: RCall.jl: Warning in L0Learn.fit(X_train, y_train, penalty = "L0", lambdaGrid = list(c(lambda_val)),  :
│   Warning! Only 1 element in path with support size > maxSuppSize. 
│  Try increasing maxSuppSize to resolve the issue.
└ @ RCall ~/.julia/packages/RCall/JIY9I/src/io.jl:171
[ Info: Trial 4/10 completed
┌ Warning: RCall.jl: Warning in L0Learn.fit(X_train, y_train, penalty = "L0", lambdaGrid = list(c(lambda_val)),  :
│   Warning! Only 1 element in path with support size > maxSuppSize. 
│  Try increasing maxSuppSize to resolve the issue.
└ @ RCall ~/.julia/packages/RCall/JIY9I/src/io.jl:171
┌ Warning: RCall.jl: Warning in L0Learn.fit(X_train, y_train, penalty = "L0", lambdaGrid = list(c(lambda_val)),  :
│   Warning! Only 1 element in path with support size > maxSuppSize. 
│  Try increasing maxSuppSize to resolve the issue.
└ @ RCall ~/.julia/packages/RCall/JIY9I/src/io.jl:171
┌ Warning: RCall.jl: Warning in L0Learn.fit(X_train, y_train, penalty = "L0", lambdaGrid = list(c(lambda_val)),  :
│   Warning! Only 1 element in path with support size > maxSuppSize. 
│  Try increasing maxSuppSize to resolve the issue.
└ @ RCall ~/.julia/packages/RCall/JIY9I/src/io.jl:171
┌ Warning: RCall.jl: Warning in L0Learn.fit(X_train, y_train, penalty = "L0", lambdaGrid = list(c(lambda_val)),  :
│   Warning! Only 1 element in path with support size > maxSuppSize. 
│  Try increasing maxSuppSize to resolve the issue.
└ @ RCall ~/.julia/packages/RCall/JIY9I/src/io.jl:171
┌ Warning: RCall.jl: Warning in L0Learn.fit(X_train, y_train, penalty = "L0", lambdaGrid = list(c(lambda_val)),  :
│   Warning! Only 1 element in path with support size > maxSuppSize. 
│  Try increasing maxSuppSize to resolve the issue.
└ @ RCall ~/.julia/packages/RCall/JIY9I/src/io.jl:171
┌ Warning: RCall.jl: Warning in L0Learn.fit(X_train, y_train, penalty = "L0", lambdaGrid = list(c(lambda_val)),  :
│   Warning! Only 1 element in path with support size > maxSuppSize. 
│  Try increasing maxSuppSize to resolve the issue.
└ @ RCall ~/.julia/packages/RCall/JIY9I/src/io.jl:171
┌ Warning: RCall.jl: Warning in L0Learn.fit(X_train, y_train, penalty = "L0", lambdaGrid = list(c(lambda_val)),  :
│   Warning! Only 1 element in path with support size > maxSuppSize. 
│  Try increasing maxSuppSize to resolve the issue.
└ @ RCall ~/.julia/packages/RCall/JIY9I/src/io.jl:171
┌ Warning: RCall.jl: Warning in L0Learn.fit(X_train, y_train, penalty = "L0", lambdaGrid = list(c(lambda_val)),  :
│   Warning! Only 1 element in path with support size > maxSuppSize. 
│  Try increasing maxSuppSize to resolve the issue.
└ @ RCall ~/.julia/packages/RCall/JIY9I/src/io.jl:171
┌ Warning: RCall.jl: Warning in L0Learn.fit(X_train, y_train, penalty = "L0", lambdaGrid = list(c(lambda_val)),  :
│   Warning! Only 1 element in path with support size > maxSuppSize. 
│  Try increasing maxSuppSize to resolve the issue.
└ @ RCall ~/.julia/packages/RCall/JIY9I/src/io.jl:171
┌ Warning: RCall.jl: Warning in L0Learn.fit(X_train, y_train, penalty = "L0", lambdaGrid = list(c(lambda_val)),  :
│   Warning! Only 1 element in path with support size > maxSuppSize. 
│  Try increasing maxSuppSize to resolve the issue.
└ @ RCall ~/.julia/packages/RCall/JIY9I/src/io.jl:171
┌ Warning: RCall.jl: Warning in L0Learn.fit(X_train, y_train, penalty = "L0", lambdaGrid = list(c(lambda_val)),  :
│   Warning! Only 1 element in path with support size > maxSuppSize. 
│  Try increasing maxSuppSize to resolve the issue.
└ @ RCall ~/.julia/packages/RCall/JIY9I/src/io.jl:171
┌ Warning: RCall.jl: Warning in L0Learn.fit(X_train, y_train, penalty = "L0", lambdaGrid = list(c(lambda_val)),  :
│   Warning! Only 1 element in path with support size > maxSuppSize. 
│  Try increasing maxSuppSize to resolve the issue.
└ @ RCall ~/.julia/packages/RCall/JIY9I/src/io.jl:171
┌ Warning: RCall.jl: Warning in L0Learn.fit(X_train, y_train, penalty = "L0", lambdaGrid = list(c(lambda_val)),  :
│   Warning! Only 1 element in path with support size > maxSuppSize. 
│  Try increasing maxSuppSize to resolve the issue.
└ @ RCall ~/.julia/packages/RCall/JIY9I/src/io.jl:171
┌ Warning: RCall.jl: Warning in L0Learn.fit(X_train, y_train, penalty = "L0", lambdaGrid = list(c(lambda_val)),  :
│   Warning! Only 1 element in path with support size > maxSuppSize. 
│  Try increasing maxSuppSize to resolve the issue.
└ @ RCall ~/.julia/packages/RCall/JIY9I/src/io.jl:171
┌ Warning: RCall.jl: Warning in L0Learn.fit(X_train, y_train, penalty = "L0", lambdaGrid = list(c(lambda_val)),  :
│   Warning! Only 1 element in path with support size > maxSuppSize. 
│  Try increasing maxSuppSize to resolve the issue.
└ @ RCall ~/.julia/packages/RCall/JIY9I/src/io.jl:171
┌ Warning: RCall.jl: Warning in L0Learn.fit(X_train, y_train, penalty = "L0", lambdaGrid = list(c(lambda_val)),  :
│   Warning! Only 1 element in path with support size > maxSuppSize. 
│  Try increasing maxSuppSize to resolve the issue.
└ @ RCall ~/.julia/packages/RCall/JIY9I/src/io.jl:171
┌ Warning: RCall.jl: Warning in L0Learn.fit(X_train, y_train, penalty = "L0", lambdaGrid = list(c(lambda_val)),  :
│   Warning! Only 1 element in path with support size > maxSuppSize. 
│  Try increasing maxSuppSize to resolve the issue.
└ @ RCall ~/.julia/packages/RCall/JIY9I/src/io.jl:171
┌ Warning: RCall.jl: Warning in L0Learn.fit(X_train, y_train, penalty = "L0", lambdaGrid = list(c(lambda_val)),  :
│   Warning! Only 1 element in path with support size > maxSuppSize. 
│  Try increasing maxSuppSize to resolve the issue.
└ @ RCall ~/.julia/packages/RCall/JIY9I/src/io.jl:171
┌ Warning: RCall.jl: Warning in L0Learn.fit(X_train, y_train, penalty = "L0", lambdaGrid = list(c(lambda_val)),  :
│   Warning! Only 1 element in path with support size > maxSuppSize. 
│  Try increasing maxSuppSize to resolve the issue.
└ @ RCall ~/.julia/packages/RCall/JIY9I/src/io.jl:171
┌ Warning: RCall.jl: Warning in L0Learn.fit(X_train, y_train, penalty = "L0", lambdaGrid = list(c(lambda_val)),  :
│   Warning! Only 1 element in path with support size > maxSuppSize. 
│  Try increasing maxSuppSize to resolve the issue.
└ @ RCall ~/.julia/packages/RCall/JIY9I/src/io.jl:171
┌ Warning: RCall.jl: Warning in L0Learn.fit(X_train, y_train, penalty = "L0", lambdaGrid = list(c(lambda_val)),  :
│   Warning! Only 1 element in path with support size > maxSuppSize. 
│  Try increasing maxSuppSize to resolve the issue.
└ @ RCall ~/.julia/packages/RCall/JIY9I/src/io.jl:171
┌ Warning: RCall.jl: Warning in L0Learn.fit(X_train, y_train, penalty = "L0", lambdaGrid = list(c(lambda_val)),  :
│   Warning! Only 1 element in path with support size > maxSuppSize. 
│  Try increasing maxSuppSize to resolve the issue.
└ @ RCall ~/.julia/packages/RCall/JIY9I/src/io.jl:171
┌ Warning: RCall.jl: Warning in L0Learn.fit(X_train, y_train, penalty = "L0", lambdaGrid = list(c(lambda_val)),  :
│   Warning! Only 1 element in path with support size > maxSuppSize. 
│  Try increasing maxSuppSize to resolve the issue.
└ @ RCall ~/.julia/packages/RCall/JIY9I/src/io.jl:171
┌ Warning: RCall.jl: Warning in L0Learn.fit(X_train, y_train, penalty = "L0", lambdaGrid = list(c(lambda_val)),  :
│   Warning! Only 1 element in path with support size > maxSuppSize. 
│  Try increasing maxSuppSize to resolve the issue.
└ @ RCall ~/.julia/packages/RCall/JIY9I/src/io.jl:171
┌ Warning: RCall.jl: Warning in L0Learn.fit(X_train, y_train, penalty = "L0", lambdaGrid = list(c(lambda_val)),  :
│   Warning! Only 1 element in path with support size > maxSuppSize. 
│  Try increasing maxSuppSize to resolve the issue.
└ @ RCall ~/.julia/packages/RCall/JIY9I/src/io.jl:171
┌ Warning: RCall.jl: Warning in L0Learn.fit(X_train, y_train, penalty = "L0", lambdaGrid = list(c(lambda_val)),  :
│   Warning! Only 1 element in path with support size > maxSuppSize. 
│  Try increasing maxSuppSize to resolve the issue.
└ @ RCall ~/.julia/packages/RCall/JIY9I/src/io.jl:171
┌ Warning: RCall.jl: Warning in L0Learn.fit(X_train, y_train, penalty = "L0", lambdaGrid = list(c(lambda_val)),  :
│   Warning! Only 1 element in path with support size > maxSuppSize. 
│  Try increasing maxSuppSize to resolve the issue.
└ @ RCall ~/.julia/packages/RCall/JIY9I/src/io.jl:171
┌ Warning: RCall.jl: Warning in L0Learn.fit(X_train, y_train, penalty = "L0", lambdaGrid = list(c(lambda_val)),  :
│   Warning! Only 1 element in path with support size > maxSuppSize. 
│  Try increasing maxSuppSize to resolve the issue.
└ @ RCall ~/.julia/packages/RCall/JIY9I/src/io.jl:171
┌ Warning: RCall.jl: Warning in L0Learn.fit(X_train, y_train, penalty = "L0", lambdaGrid = list(c(lambda_val)),  :
│   Warning! Only 1 element in path with support size > maxSuppSize. 
│  Try increasing maxSuppSize to resolve the issue.
└ @ RCall ~/.julia/packages/RCall/JIY9I/src/io.jl:171
┌ Warning: RCall.jl: Warning in L0Learn.fit(X_train, y_train, penalty = "L0", lambdaGrid = list(c(lambda_val)),  :
│   Warning! Only 1 element in path with support size > maxSuppSize. 
│  Try increasing maxSuppSize to resolve the issue.
└ @ RCall ~/.julia/packages/RCall/JIY9I/src/io.jl:171
┌ Warning: RCall.jl: Warning in L0Learn.fit(X_train, y_train, penalty = "L0", lambdaGrid = list(c(lambda_val)),  :
│   Warning! Only 1 element in path with support size > maxSuppSize. 
│  Try increasing maxSuppSize to resolve the issue.
└ @ RCall ~/.julia/packages/RCall/JIY9I/src/io.jl:171
┌ Warning: RCall.jl: Warning in L0Learn.fit(X_train, y_train, penalty = "L0", lambdaGrid = list(c(lambda_val)),  :
│   Warning! Only 1 element in path with support size > maxSuppSize. 
│  Try increasing maxSuppSize to resolve the issue.
└ @ RCall ~/.julia/packages/RCall/JIY9I/src/io.jl:171
┌ Warning: RCall.jl: Warning in L0Learn.fit(X_train, y_train, penalty = "L0", lambdaGrid = list(c(lambda_val)),  :
│   Warning! Only 1 element in path with support size > maxSuppSize. 
│  Try increasing maxSuppSize to resolve the issue.
└ @ RCall ~/.julia/packages/RCall/JIY9I/src/io.jl:171
┌ Warning: RCall.jl: Warning in L0Learn.fit(X_train, y_train, penalty = "L0", lambdaGrid = list(c(lambda_val)),  :
│   Warning! Only 1 element in path with support size > maxSuppSize. 
│  Try increasing maxSuppSize to resolve the issue.
└ @ RCall ~/.julia/packages/RCall/JIY9I/src/io.jl:171
┌ Warning: RCall.jl: Warning in L0Learn.fit(X_train, y_train, penalty = "L0", lambdaGrid = list(c(lambda_val)),  :
│   Warning! Only 1 element in path with support size > maxSuppSize. 
│  Try increasing maxSuppSize to resolve the issue.
└ @ RCall ~/.julia/packages/RCall/JIY9I/src/io.jl:171
┌ Warning: RCall.jl: Warning in L0Learn.fit(X_train, y_train, penalty = "L0", lambdaGrid = list(c(lambda_val)),  :
│   Warning! Only 1 element in path with support size > maxSuppSize. 
│  Try increasing maxSuppSize to resolve the issue.
└ @ RCall ~/.julia/packages/RCall/JIY9I/src/io.jl:171
[ Info: Trial 5/10 completed
┌ Warning: RCall.jl: Warning in L0Learn.fit(X_train, y_train, penalty = "L0", lambdaGrid = list(c(lambda_val)),  :
│   Warning! Only 1 element in path with support size > maxSuppSize. 
│  Try increasing maxSuppSize to resolve the issue.
└ @ RCall ~/.julia/packages/RCall/JIY9I/src/io.jl:171
┌ Warning: RCall.jl: Warning in L0Learn.fit(X_train, y_train, penalty = "L0", lambdaGrid = list(c(lambda_val)),  :
│   Warning! Only 1 element in path with support size > maxSuppSize. 
│  Try increasing maxSuppSize to resolve the issue.
└ @ RCall ~/.julia/packages/RCall/JIY9I/src/io.jl:171
┌ Warning: RCall.jl: Warning in L0Learn.fit(X_train, y_train, penalty = "L0", lambdaGrid = list(c(lambda_val)),  :
│   Warning! Only 1 element in path with support size > maxSuppSize. 
│  Try increasing maxSuppSize to resolve the issue.
└ @ RCall ~/.julia/packages/RCall/JIY9I/src/io.jl:171
┌ Warning: RCall.jl: Warning in L0Learn.fit(X_train, y_train, penalty = "L0", lambdaGrid = list(c(lambda_val)),  :
│   Warning! Only 1 element in path with support size > maxSuppSize. 
│  Try increasing maxSuppSize to resolve the issue.
└ @ RCall ~/.julia/packages/RCall/JIY9I/src/io.jl:171
┌ Warning: RCall.jl: Warning in L0Learn.fit(X_train, y_train, penalty = "L0", lambdaGrid = list(c(lambda_val)),  :
│   Warning! Only 1 element in path with support size > maxSuppSize. 
│  Try increasing maxSuppSize to resolve the issue.
└ @ RCall ~/.julia/packages/RCall/JIY9I/src/io.jl:171
┌ Warning: RCall.jl: Warning in L0Learn.fit(X_train, y_train, penalty = "L0", lambdaGrid = list(c(lambda_val)),  :
│   Warning! Only 1 element in path with support size > maxSuppSize. 
│  Try increasing maxSuppSize to resolve the issue.
└ @ RCall ~/.julia/packages/RCall/JIY9I/src/io.jl:171
┌ Warning: RCall.jl: Warning in L0Learn.fit(X_train, y_train, penalty = "L0", lambdaGrid = list(c(lambda_val)),  :
│   Warning! Only 1 element in path with support size > maxSuppSize. 
│  Try increasing maxSuppSize to resolve the issue.
└ @ RCall ~/.julia/packages/RCall/JIY9I/src/io.jl:171
┌ Warning: RCall.jl: Warning in L0Learn.fit(X_train, y_train, penalty = "L0", lambdaGrid = list(c(lambda_val)),  :
│   Warning! Only 1 element in path with support size > maxSuppSize. 
│  Try increasing maxSuppSize to resolve the issue.
└ @ RCall ~/.julia/packages/RCall/JIY9I/src/io.jl:171
┌ Warning: RCall.jl: Warning in L0Learn.fit(X_train, y_train, penalty = "L0", lambdaGrid = list(c(lambda_val)),  :
│   Warning! Only 1 element in path with support size > maxSuppSize. 
│  Try increasing maxSuppSize to resolve the issue.
└ @ RCall ~/.julia/packages/RCall/JIY9I/src/io.jl:171
┌ Warning: RCall.jl: Warning in L0Learn.fit(X_train, y_train, penalty = "L0", lambdaGrid = list(c(lambda_val)),  :
│   Warning! Only 1 element in path with support size > maxSuppSize. 
│  Try increasing maxSuppSize to resolve the issue.
└ @ RCall ~/.julia/packages/RCall/JIY9I/src/io.jl:171
┌ Warning: RCall.jl: Warning in L0Learn.fit(X_train, y_train, penalty = "L0", lambdaGrid = list(c(lambda_val)),  :
│   Warning! Only 1 element in path with support size > maxSuppSize. 
│  Try increasing maxSuppSize to resolve the issue.
└ @ RCall ~/.julia/packages/RCall/JIY9I/src/io.jl:171
┌ Warning: RCall.jl: Warning in L0Learn.fit(X_train, y_train, penalty = "L0", lambdaGrid = list(c(lambda_val)),  :
│   Warning! Only 1 element in path with support size > maxSuppSize. 
│  Try increasing maxSuppSize to resolve the issue.
└ @ RCall ~/.julia/packages/RCall/JIY9I/src/io.jl:171
┌ Warning: RCall.jl: Warning in L0Learn.fit(X_train, y_train, penalty = "L0", lambdaGrid = list(c(lambda_val)),  :
│   Warning! Only 1 element in path with support size > maxSuppSize. 
│  Try increasing maxSuppSize to resolve the issue.
└ @ RCall ~/.julia/packages/RCall/JIY9I/src/io.jl:171
┌ Warning: RCall.jl: Warning in L0Learn.fit(X_train, y_train, penalty = "L0", lambdaGrid = list(c(lambda_val)),  :
│   Warning! Only 1 element in path with support size > maxSuppSize. 
│  Try increasing maxSuppSize to resolve the issue.
└ @ RCall ~/.julia/packages/RCall/JIY9I/src/io.jl:171
┌ Warning: RCall.jl: Warning in L0Learn.fit(X_train, y_train, penalty = "L0", lambdaGrid = list(c(lambda_val)),  :
│   Warning! Only 1 element in path with support size > maxSuppSize. 
│  Try increasing maxSuppSize to resolve the issue.
└ @ RCall ~/.julia/packages/RCall/JIY9I/src/io.jl:171
┌ Warning: RCall.jl: Warning in L0Learn.fit(X_train, y_train, penalty = "L0", lambdaGrid = list(c(lambda_val)),  :
│   Warning! Only 1 element in path with support size > maxSuppSize. 
│  Try increasing maxSuppSize to resolve the issue.
└ @ RCall ~/.julia/packages/RCall/JIY9I/src/io.jl:171
┌ Warning: RCall.jl: Warning in L0Learn.fit(X_train, y_train, penalty = "L0", lambdaGrid = list(c(lambda_val)),  :
│   Warning! Only 1 element in path with support size > maxSuppSize. 
│  Try increasing maxSuppSize to resolve the issue.
└ @ RCall ~/.julia/packages/RCall/JIY9I/src/io.jl:171
┌ Warning: RCall.jl: Warning in L0Learn.fit(X_train, y_train, penalty = "L0", lambdaGrid = list(c(lambda_val)),  :
│   Warning! Only 1 element in path with support size > maxSuppSize. 
│  Try increasing maxSuppSize to resolve the issue.
└ @ RCall ~/.julia/packages/RCall/JIY9I/src/io.jl:171
┌ Warning: RCall.jl: Warning in L0Learn.fit(X_train, y_train, penalty = "L0", lambdaGrid = list(c(lambda_val)),  :
│   Warning! Only 1 element in path with support size > maxSuppSize. 
│  Try increasing maxSuppSize to resolve the issue.
└ @ RCall ~/.julia/packages/RCall/JIY9I/src/io.jl:171
┌ Warning: RCall.jl: Warning in L0Learn.fit(X_train, y_train, penalty = "L0", lambdaGrid = list(c(lambda_val)),  :
│   Warning! Only 1 element in path with support size > maxSuppSize. 
│  Try increasing maxSuppSize to resolve the issue.
└ @ RCall ~/.julia/packages/RCall/JIY9I/src/io.jl:171
┌ Warning: RCall.jl: Warning in L0Learn.fit(X_train, y_train, penalty = "L0", lambdaGrid = list(c(lambda_val)),  :
│   Warning! Only 1 element in path with support size > maxSuppSize. 
│  Try increasing maxSuppSize to resolve the issue.
└ @ RCall ~/.julia/packages/RCall/JIY9I/src/io.jl:171
┌ Warning: RCall.jl: Warning in L0Learn.fit(X_train, y_train, penalty = "L0", lambdaGrid = list(c(lambda_val)),  :
│   Warning! Only 1 element in path with support size > maxSuppSize. 
│  Try increasing maxSuppSize to resolve the issue.
└ @ RCall ~/.julia/packages/RCall/JIY9I/src/io.jl:171
┌ Warning: RCall.jl: Warning in L0Learn.fit(X_train, y_train, penalty = "L0", lambdaGrid = list(c(lambda_val)),  :
│   Warning! Only 1 element in path with support size > maxSuppSize. 
│  Try increasing maxSuppSize to resolve the issue.
└ @ RCall ~/.julia/packages/RCall/JIY9I/src/io.jl:171
┌ Warning: RCall.jl: Warning in L0Learn.fit(X_train, y_train, penalty = "L0", lambdaGrid = list(c(lambda_val)),  :
│   Warning! Only 1 element in path with support size > maxSuppSize. 
│  Try increasing maxSuppSize to resolve the issue.
└ @ RCall ~/.julia/packages/RCall/JIY9I/src/io.jl:171
┌ Warning: RCall.jl: Warning in L0Learn.fit(X_train, y_train, penalty = "L0", lambdaGrid = list(c(lambda_val)),  :
│   Warning! Only 1 element in path with support size > maxSuppSize. 
│  Try increasing maxSuppSize to resolve the issue.
└ @ RCall ~/.julia/packages/RCall/JIY9I/src/io.jl:171
┌ Warning: RCall.jl: Warning in L0Learn.fit(X_train, y_train, penalty = "L0", lambdaGrid = list(c(lambda_val)),  :
│   Warning! Only 1 element in path with support size > maxSuppSize. 
│  Try increasing maxSuppSize to resolve the issue.
└ @ RCall ~/.julia/packages/RCall/JIY9I/src/io.jl:171
┌ Warning: RCall.jl: Warning in L0Learn.fit(X_train, y_train, penalty = "L0", lambdaGrid = list(c(lambda_val)),  :
│   Warning! Only 1 element in path with support size > maxSuppSize. 
│  Try increasing maxSuppSize to resolve the issue.
└ @ RCall ~/.julia/packages/RCall/JIY9I/src/io.jl:171
┌ Warning: RCall.jl: Warning in L0Learn.fit(X_train, y_train, penalty = "L0", lambdaGrid = list(c(lambda_val)),  :
│   Warning! Only 1 element in path with support size > maxSuppSize. 
│  Try increasing maxSuppSize to resolve the issue.
└ @ RCall ~/.julia/packages/RCall/JIY9I/src/io.jl:171
┌ Warning: RCall.jl: Warning in L0Learn.fit(X_train, y_train, penalty = "L0", lambdaGrid = list(c(lambda_val)),  :
│   Warning! Only 1 element in path with support size > maxSuppSize. 
│  Try increasing maxSuppSize to resolve the issue.
└ @ RCall ~/.julia/packages/RCall/JIY9I/src/io.jl:171
┌ Warning: RCall.jl: Warning in L0Learn.fit(X_train, y_train, penalty = "L0", lambdaGrid = list(c(lambda_val)),  :
│   Warning! Only 1 element in path with support size > maxSuppSize. 
│  Try increasing maxSuppSize to resolve the issue.
└ @ RCall ~/.julia/packages/RCall/JIY9I/src/io.jl:171
┌ Warning: RCall.jl: Warning in L0Learn.fit(X_train, y_train, penalty = "L0", lambdaGrid = list(c(lambda_val)),  :
│   Warning! Only 1 element in path with support size > maxSuppSize. 
│  Try increasing maxSuppSize to resolve the issue.
└ @ RCall ~/.julia/packages/RCall/JIY9I/src/io.jl:171
┌ Warning: RCall.jl: Warning in L0Learn.fit(X_train, y_train, penalty = "L0", lambdaGrid = list(c(lambda_val)),  :
│   Warning! Only 1 element in path with support size > maxSuppSize. 
│  Try increasing maxSuppSize to resolve the issue.
└ @ RCall ~/.julia/packages/RCall/JIY9I/src/io.jl:171
[ Info: Trial 6/10 completed
┌ Warning: RCall.jl: Warning in L0Learn.fit(X_train, y_train, penalty = "L0", lambdaGrid = list(c(lambda_val)),  :
│   Warning! Only 1 element in path with support size > maxSuppSize. 
│  Try increasing maxSuppSize to resolve the issue.
└ @ RCall ~/.julia/packages/RCall/JIY9I/src/io.jl:171
┌ Warning: RCall.jl: Warning in L0Learn.fit(X_train, y_train, penalty = "L0", lambdaGrid = list(c(lambda_val)),  :
│   Warning! Only 1 element in path with support size > maxSuppSize. 
│  Try increasing maxSuppSize to resolve the issue.
└ @ RCall ~/.julia/packages/RCall/JIY9I/src/io.jl:171
┌ Warning: RCall.jl: Warning in L0Learn.fit(X_train, y_train, penalty = "L0", lambdaGrid = list(c(lambda_val)),  :
│   Warning! Only 1 element in path with support size > maxSuppSize. 
│  Try increasing maxSuppSize to resolve the issue.
└ @ RCall ~/.julia/packages/RCall/JIY9I/src/io.jl:171
┌ Warning: RCall.jl: Warning in L0Learn.fit(X_train, y_train, penalty = "L0", lambdaGrid = list(c(lambda_val)),  :
│   Warning! Only 1 element in path with support size > maxSuppSize. 
│  Try increasing maxSuppSize to resolve the issue.
└ @ RCall ~/.julia/packages/RCall/JIY9I/src/io.jl:171
┌ Warning: RCall.jl: Warning in L0Learn.fit(X_train, y_train, penalty = "L0", lambdaGrid = list(c(lambda_val)),  :
│   Warning! Only 1 element in path with support size > maxSuppSize. 
│  Try increasing maxSuppSize to resolve the issue.
└ @ RCall ~/.julia/packages/RCall/JIY9I/src/io.jl:171
┌ Warning: RCall.jl: Warning in L0Learn.fit(X_train, y_train, penalty = "L0", lambdaGrid = list(c(lambda_val)),  :
│   Warning! Only 1 element in path with support size > maxSuppSize. 
│  Try increasing maxSuppSize to resolve the issue.
└ @ RCall ~/.julia/packages/RCall/JIY9I/src/io.jl:171
┌ Warning: RCall.jl: Warning in L0Learn.fit(X_train, y_train, penalty = "L0", lambdaGrid = list(c(lambda_val)),  :
│   Warning! Only 1 element in path with support size > maxSuppSize. 
│  Try increasing maxSuppSize to resolve the issue.
└ @ RCall ~/.julia/packages/RCall/JIY9I/src/io.jl:171
┌ Warning: RCall.jl: Warning in L0Learn.fit(X_train, y_train, penalty = "L0", lambdaGrid = list(c(lambda_val)),  :
│   Warning! Only 1 element in path with support size > maxSuppSize. 
│  Try increasing maxSuppSize to resolve the issue.
└ @ RCall ~/.julia/packages/RCall/JIY9I/src/io.jl:171
┌ Warning: RCall.jl: Warning in L0Learn.fit(X_train, y_train, penalty = "L0", lambdaGrid = list(c(lambda_val)),  :
│   Warning! Only 1 element in path with support size > maxSuppSize. 
│  Try increasing maxSuppSize to resolve the issue.
└ @ RCall ~/.julia/packages/RCall/JIY9I/src/io.jl:171
┌ Warning: RCall.jl: Warning in L0Learn.fit(X_train, y_train, penalty = "L0", lambdaGrid = list(c(lambda_val)),  :
│   Warning! Only 1 element in path with support size > maxSuppSize. 
│  Try increasing maxSuppSize to resolve the issue.
└ @ RCall ~/.julia/packages/RCall/JIY9I/src/io.jl:171
┌ Warning: RCall.jl: Warning in L0Learn.fit(X_train, y_train, penalty = "L0", lambdaGrid = list(c(lambda_val)),  :
│   Warning! Only 1 element in path with support size > maxSuppSize. 
│  Try increasing maxSuppSize to resolve the issue.
└ @ RCall ~/.julia/packages/RCall/JIY9I/src/io.jl:171
┌ Warning: RCall.jl: Warning in L0Learn.fit(X_train, y_train, penalty = "L0", lambdaGrid = list(c(lambda_val)),  :
│   Warning! Only 1 element in path with support size > maxSuppSize. 
│  Try increasing maxSuppSize to resolve the issue.
└ @ RCall ~/.julia/packages/RCall/JIY9I/src/io.jl:171
┌ Warning: RCall.jl: Warning in L0Learn.fit(X_train, y_train, penalty = "L0", lambdaGrid = list(c(lambda_val)),  :
│   Warning! Only 1 element in path with support size > maxSuppSize. 
│  Try increasing maxSuppSize to resolve the issue.
└ @ RCall ~/.julia/packages/RCall/JIY9I/src/io.jl:171
┌ Warning: RCall.jl: Warning in L0Learn.fit(X_train, y_train, penalty = "L0", lambdaGrid = list(c(lambda_val)),  :
│   Warning! Only 1 element in path with support size > maxSuppSize. 
│  Try increasing maxSuppSize to resolve the issue.
└ @ RCall ~/.julia/packages/RCall/JIY9I/src/io.jl:171
┌ Warning: RCall.jl: Warning in L0Learn.fit(X_train, y_train, penalty = "L0", lambdaGrid = list(c(lambda_val)),  :
│   Warning! Only 1 element in path with support size > maxSuppSize. 
│  Try increasing maxSuppSize to resolve the issue.
└ @ RCall ~/.julia/packages/RCall/JIY9I/src/io.jl:171
┌ Warning: RCall.jl: Warning in L0Learn.fit(X_train, y_train, penalty = "L0", lambdaGrid = list(c(lambda_val)),  :
│   Warning! Only 1 element in path with support size > maxSuppSize. 
│  Try increasing maxSuppSize to resolve the issue.
└ @ RCall ~/.julia/packages/RCall/JIY9I/src/io.jl:171
┌ Warning: RCall.jl: Warning in L0Learn.fit(X_train, y_train, penalty = "L0", lambdaGrid = list(c(lambda_val)),  :
│   Warning! Only 1 element in path with support size > maxSuppSize. 
│  Try increasing maxSuppSize to resolve the issue.
└ @ RCall ~/.julia/packages/RCall/JIY9I/src/io.jl:171
┌ Warning: RCall.jl: Warning in L0Learn.fit(X_train, y_train, penalty = "L0", lambdaGrid = list(c(lambda_val)),  :
│   Warning! Only 1 element in path with support size > maxSuppSize. 
│  Try increasing maxSuppSize to resolve the issue.
└ @ RCall ~/.julia/packages/RCall/JIY9I/src/io.jl:171
┌ Warning: RCall.jl: Warning in L0Learn.fit(X_train, y_train, penalty = "L0", lambdaGrid = list(c(lambda_val)),  :
│   Warning! Only 1 element in path with support size > maxSuppSize. 
│  Try increasing maxSuppSize to resolve the issue.
└ @ RCall ~/.julia/packages/RCall/JIY9I/src/io.jl:171
┌ Warning: RCall.jl: Warning in L0Learn.fit(X_train, y_train, penalty = "L0", lambdaGrid = list(c(lambda_val)),  :
│   Warning! Only 1 element in path with support size > maxSuppSize. 
│  Try increasing maxSuppSize to resolve the issue.
└ @ RCall ~/.julia/packages/RCall/JIY9I/src/io.jl:171
┌ Warning: RCall.jl: Warning in L0Learn.fit(X_train, y_train, penalty = "L0", lambdaGrid = list(c(lambda_val)),  :
│   Warning! Only 1 element in path with support size > maxSuppSize. 
│  Try increasing maxSuppSize to resolve the issue.
└ @ RCall ~/.julia/packages/RCall/JIY9I/src/io.jl:171
"CDSS" = "CDSS"
SUP = 100.0
Pred = 0.10600885988170312
Sim = 1.0
Infv = 0.27917284139945764
round(elapsed, digits = 2) = 24.34
"CDSS (β-only)" = "CDSS (β-only)"
SUP = 100.0
Pred = 0.10600885988170312
Sim = 1.0
Infv = 0.27917284139945764
round(elapsed, digits = 2) = 23.13
refinement_change = 1.0565011034651565e-5
"SPGpCDSS" = "SPGpCDSS"
SUP = 100.0
Pred = 0.10600910362034899
Sim = 1.0
Infv = 0.27917732901404113
round(elapsed, digits = 2) = 2.13
spgpcdss_chose_beta = true
"L0Learn" = "L0Learn"
supp_l0 = 50
predval_l0 = 0.40694702387631887
sim_l0 = 0.46
inf_l0 = 1.0483319631644068
round(elapsed, digits = 2) = 0.08
"L0Learn+PSI1" = "L0Learn+PSI1"
SUP = 100.0
Pred = 0.10575806366973124
Sim = 1.0
Infv = 0.27999055736413747
round(elapsed, digits = 2) = 31.47
"CDSS" = "CDSS"
SUP = 100.0
Pred = 0.10774044981713801
Sim = 1.0
Infv = 0.28286201517668386
round(elapsed, digits = 2) = 25.21
"CDSS (β-only)" = "CDSS (β-only)"
SUP = 100.0
Pred = 0.10774158518903205
Sim = 1.0
Infv = 0.28285653967091406
round(elapsed, digits = 2) = 26.67
refinement_change = 3.340715613702818e-5
"SPGpCDSS" = "SPGpCDSS"
SUP = 100.0
Pred = 0.10774054344211266
Sim = 1.0
Infv = 0.2828178494457897
round(elapsed, digits = 2) = 1.99
spgpcdss_chose_beta = false
"L0Learn" = "L0Learn"
supp_l0 = 45
predval_l0 = 0.4749915888408672
sim_l0 = 0.44
inf_l0 = 1.0846110397565765
round(elapsed, digits = 2) = 0.08
"L0Learn+PSI1" = "L0Learn+PSI1"
SUP = 100.0
Pred = 0.1077391987981923
Sim = 1.0
Infv = 0.2828589591024342
round(elapsed, digits = 2) = 27.05
"CDSS" = "CDSS"
SUP = 100.0
Pred = 0.0972812855553173
Sim = 1.0
Infv = 0.29877488158605603
round(elapsed, digits = 2) = 21.41
"CDSS (β-only)" = "CDSS (β-only)"
SUP = 100.0
Pred = 0.09728177178329907
Sim = 1.0
Infv = 0.2987995736642559
round(elapsed, digits = 2) = 23.62
refinement_change = 1.5432792912268718e-5
"SPGpCDSS" = "SPGpCDSS"
SUP = 100.0
Pred = 0.09728127590801902
Sim = 1.0
Infv = 0.29879555095199606
round(elapsed, digits = 2) = 7.53
spgpcdss_chose_beta = false
"L0Learn" = "L0Learn"
supp_l0 = 46
predval_l0 = 0.42838358623608946
sim_l0 = 0.42
inf_l0 = 1.3260848122793534
round(elapsed, digits = 2) = 0.14
"L0Learn+PSI1" = "L0Learn+PSI1"
SUP = 100.0
Pred = 0.09727872184127287
Sim = 1.0
Infv = 0.29860826607211444
round(elapsed, digits = 2) = 23.43
┌ Warning: RCall.jl: Warning in L0Learn.fit(X_train, y_train, penalty = "L0", lambdaGrid = list(c(lambda_val)),  :
│   Warning! Only 1 element in path with support size > maxSuppSize. 
│  Try increasing maxSuppSize to resolve the issue.
└ @ RCall ~/.julia/packages/RCall/JIY9I/src/io.jl:171
┌ Warning: RCall.jl: Warning in L0Learn.fit(X_train, y_train, penalty = "L0", lambdaGrid = list(c(lambda_val)),  :
│   Warning! Only 1 element in path with support size > maxSuppSize. 
│  Try increasing maxSuppSize to resolve the issue.
└ @ RCall ~/.julia/packages/RCall/JIY9I/src/io.jl:171
┌ Warning: RCall.jl: Warning in L0Learn.fit(X_train, y_train, penalty = "L0", lambdaGrid = list(c(lambda_val)),  :
│   Warning! Only 1 element in path with support size > maxSuppSize. 
│  Try increasing maxSuppSize to resolve the issue.
└ @ RCall ~/.julia/packages/RCall/JIY9I/src/io.jl:171
┌ Warning: RCall.jl: Warning in L0Learn.fit(X_train, y_train, penalty = "L0", lambdaGrid = list(c(lambda_val)),  :
│   Warning! Only 1 element in path with support size > maxSuppSize. 
│  Try increasing maxSuppSize to resolve the issue.
└ @ RCall ~/.julia/packages/RCall/JIY9I/src/io.jl:171
┌ Warning: RCall.jl: Warning in L0Learn.fit(X_train, y_train, penalty = "L0", lambdaGrid = list(c(lambda_val)),  :
│   Warning! Only 1 element in path with support size > maxSuppSize. 
│  Try increasing maxSuppSize to resolve the issue.
└ @ RCall ~/.julia/packages/RCall/JIY9I/src/io.jl:171
┌ Warning: RCall.jl: Warning in L0Learn.fit(X_train, y_train, penalty = "L0", lambdaGrid = list(c(lambda_val)),  :
│   Warning! Only 1 element in path with support size > maxSuppSize. 
│  Try increasing maxSuppSize to resolve the issue.
└ @ RCall ~/.julia/packages/RCall/JIY9I/src/io.jl:171
┌ Warning: RCall.jl: Warning in L0Learn.fit(X_train, y_train, penalty = "L0", lambdaGrid = list(c(lambda_val)),  :
│   Warning! Only 1 element in path with support size > maxSuppSize. 
│  Try increasing maxSuppSize to resolve the issue.
└ @ RCall ~/.julia/packages/RCall/JIY9I/src/io.jl:171
┌ Warning: RCall.jl: Warning in L0Learn.fit(X_train, y_train, penalty = "L0", lambdaGrid = list(c(lambda_val)),  :
│   Warning! Only 1 element in path with support size > maxSuppSize. 
│  Try increasing maxSuppSize to resolve the issue.
└ @ RCall ~/.julia/packages/RCall/JIY9I/src/io.jl:171
┌ Warning: RCall.jl: Warning in L0Learn.fit(X_train, y_train, penalty = "L0", lambdaGrid = list(c(lambda_val)),  :
│   Warning! Only 1 element in path with support size > maxSuppSize. 
│  Try increasing maxSuppSize to resolve the issue.
└ @ RCall ~/.julia/packages/RCall/JIY9I/src/io.jl:171
┌ Warning: RCall.jl: Warning in L0Learn.fit(X_train, y_train, penalty = "L0", lambdaGrid = list(c(lambda_val)),  :
│   Warning! Only 1 element in path with support size > maxSuppSize. 
│  Try increasing maxSuppSize to resolve the issue.
└ @ RCall ~/.julia/packages/RCall/JIY9I/src/io.jl:171
┌ Warning: RCall.jl: Warning in L0Learn.fit(X_train, y_train, penalty = "L0", lambdaGrid = list(c(lambda_val)),  :
│   Warning! Only 1 element in path with support size > maxSuppSize. 
│  Try increasing maxSuppSize to resolve the issue.
└ @ RCall ~/.julia/packages/RCall/JIY9I/src/io.jl:171
┌ Warning: RCall.jl: Warning in L0Learn.fit(X_train, y_train, penalty = "L0", lambdaGrid = list(c(lambda_val)),  :
│   Warning! Only 1 element in path with support size > maxSuppSize. 
│  Try increasing maxSuppSize to resolve the issue.
└ @ RCall ~/.julia/packages/RCall/JIY9I/src/io.jl:171
┌ Warning: RCall.jl: Warning in L0Learn.fit(X_train, y_train, penalty = "L0", lambdaGrid = list(c(lambda_val)),  :
│   Warning! Only 1 element in path with support size > maxSuppSize. 
│  Try increasing maxSuppSize to resolve the issue.
└ @ RCall ~/.julia/packages/RCall/JIY9I/src/io.jl:171
[ Info: Trial 7/10 completed
┌ Warning: RCall.jl: Warning in L0Learn.fit(X_train, y_train, penalty = "L0", lambdaGrid = list(c(lambda_val)),  :
│   Warning! Only 1 element in path with support size > maxSuppSize. 
│  Try increasing maxSuppSize to resolve the issue.
└ @ RCall ~/.julia/packages/RCall/JIY9I/src/io.jl:171
┌ Warning: RCall.jl: Warning in L0Learn.fit(X_train, y_train, penalty = "L0", lambdaGrid = list(c(lambda_val)),  :
│   Warning! Only 1 element in path with support size > maxSuppSize. 
│  Try increasing maxSuppSize to resolve the issue.
└ @ RCall ~/.julia/packages/RCall/JIY9I/src/io.jl:171
┌ Warning: RCall.jl: Warning in L0Learn.fit(X_train, y_train, penalty = "L0", lambdaGrid = list(c(lambda_val)),  :
│   Warning! Only 1 element in path with support size > maxSuppSize. 
│  Try increasing maxSuppSize to resolve the issue.
└ @ RCall ~/.julia/packages/RCall/JIY9I/src/io.jl:171
┌ Warning: RCall.jl: Warning in L0Learn.fit(X_train, y_train, penalty = "L0", lambdaGrid = list(c(lambda_val)),  :
│   Warning! Only 1 element in path with support size > maxSuppSize. 
│  Try increasing maxSuppSize to resolve the issue.
└ @ RCall ~/.julia/packages/RCall/JIY9I/src/io.jl:171
┌ Warning: RCall.jl: Warning in L0Learn.fit(X_train, y_train, penalty = "L0", lambdaGrid = list(c(lambda_val)),  :
│   Warning! Only 1 element in path with support size > maxSuppSize. 
│  Try increasing maxSuppSize to resolve the issue.
└ @ RCall ~/.julia/packages/RCall/JIY9I/src/io.jl:171
┌ Warning: RCall.jl: Warning in L0Learn.fit(X_train, y_train, penalty = "L0", lambdaGrid = list(c(lambda_val)),  :
│   Warning! Only 1 element in path with support size > maxSuppSize. 
│  Try increasing maxSuppSize to resolve the issue.
└ @ RCall ~/.julia/packages/RCall/JIY9I/src/io.jl:171
┌ Warning: RCall.jl: Warning in L0Learn.fit(X_train, y_train, penalty = "L0", lambdaGrid = list(c(lambda_val)),  :
│   Warning! Only 1 element in path with support size > maxSuppSize. 
│  Try increasing maxSuppSize to resolve the issue.
└ @ RCall ~/.julia/packages/RCall/JIY9I/src/io.jl:171
┌ Warning: RCall.jl: Warning in L0Learn.fit(X_train, y_train, penalty = "L0", lambdaGrid = list(c(lambda_val)),  :
│   Warning! Only 1 element in path with support size > maxSuppSize. 
│  Try increasing maxSuppSize to resolve the issue.
└ @ RCall ~/.julia/packages/RCall/JIY9I/src/io.jl:171
┌ Warning: RCall.jl: Warning in L0Learn.fit(X_train, y_train, penalty = "L0", lambdaGrid = list(c(lambda_val)),  :
│   Warning! Only 1 element in path with support size > maxSuppSize. 
│  Try increasing maxSuppSize to resolve the issue.
└ @ RCall ~/.julia/packages/RCall/JIY9I/src/io.jl:171
┌ Warning: RCall.jl: Warning in L0Learn.fit(X_train, y_train, penalty = "L0", lambdaGrid = list(c(lambda_val)),  :
│   Warning! Only 1 element in path with support size > maxSuppSize. 
│  Try increasing maxSuppSize to resolve the issue.
└ @ RCall ~/.julia/packages/RCall/JIY9I/src/io.jl:171
┌ Warning: RCall.jl: Warning in L0Learn.fit(X_train, y_train, penalty = "L0", lambdaGrid = list(c(lambda_val)),  :
│   Warning! Only 1 element in path with support size > maxSuppSize. 
│  Try increasing maxSuppSize to resolve the issue.
└ @ RCall ~/.julia/packages/RCall/JIY9I/src/io.jl:171
┌ Warning: RCall.jl: Warning in L0Learn.fit(X_train, y_train, penalty = "L0", lambdaGrid = list(c(lambda_val)),  :
│   Warning! Only 1 element in path with support size > maxSuppSize. 
│  Try increasing maxSuppSize to resolve the issue.
└ @ RCall ~/.julia/packages/RCall/JIY9I/src/io.jl:171
┌ Warning: RCall.jl: Warning in L0Learn.fit(X_train, y_train, penalty = "L0", lambdaGrid = list(c(lambda_val)),  :
│   Warning! Only 1 element in path with support size > maxSuppSize. 
│  Try increasing maxSuppSize to resolve the issue.
└ @ RCall ~/.julia/packages/RCall/JIY9I/src/io.jl:171
┌ Warning: RCall.jl: Warning in L0Learn.fit(X_train, y_train, penalty = "L0", lambdaGrid = list(c(lambda_val)),  :
│   Warning! Only 1 element in path with support size > maxSuppSize. 
│  Try increasing maxSuppSize to resolve the issue.
└ @ RCall ~/.julia/packages/RCall/JIY9I/src/io.jl:171
┌ Warning: RCall.jl: Warning in L0Learn.fit(X_train, y_train, penalty = "L0", lambdaGrid = list(c(lambda_val)),  :
│   Warning! Only 1 element in path with support size > maxSuppSize. 
│  Try increasing maxSuppSize to resolve the issue.
└ @ RCall ~/.julia/packages/RCall/JIY9I/src/io.jl:171
┌ Warning: RCall.jl: Warning in L0Learn.fit(X_train, y_train, penalty = "L0", lambdaGrid = list(c(lambda_val)),  :
│   Warning! Only 1 element in path with support size > maxSuppSize. 
│  Try increasing maxSuppSize to resolve the issue.
└ @ RCall ~/.julia/packages/RCall/JIY9I/src/io.jl:171
┌ Warning: RCall.jl: Warning in L0Learn.fit(X_train, y_train, penalty = "L0", lambdaGrid = list(c(lambda_val)),  :
│   Warning! Only 1 element in path with support size > maxSuppSize. 
│  Try increasing maxSuppSize to resolve the issue.
└ @ RCall ~/.julia/packages/RCall/JIY9I/src/io.jl:171
┌ Warning: RCall.jl: Warning in L0Learn.fit(X_train, y_train, penalty = "L0", lambdaGrid = list(c(lambda_val)),  :
│   Warning! Only 1 element in path with support size > maxSuppSize. 
│  Try increasing maxSuppSize to resolve the issue.
└ @ RCall ~/.julia/packages/RCall/JIY9I/src/io.jl:171
┌ Warning: RCall.jl: Warning in L0Learn.fit(X_train, y_train, penalty = "L0", lambdaGrid = list(c(lambda_val)),  :
│   Warning! Only 1 element in path with support size > maxSuppSize. 
│  Try increasing maxSuppSize to resolve the issue.
└ @ RCall ~/.julia/packages/RCall/JIY9I/src/io.jl:171
┌ Warning: RCall.jl: Warning in L0Learn.fit(X_train, y_train, penalty = "L0", lambdaGrid = list(c(lambda_val)),  :
│   Warning! Only 1 element in path with support size > maxSuppSize. 
│  Try increasing maxSuppSize to resolve the issue.
└ @ RCall ~/.julia/packages/RCall/JIY9I/src/io.jl:171
┌ Warning: RCall.jl: Warning in L0Learn.fit(X_train, y_train, penalty = "L0", lambdaGrid = list(c(lambda_val)),  :
│   Warning! Only 1 element in path with support size > maxSuppSize. 
│  Try increasing maxSuppSize to resolve the issue.
└ @ RCall ~/.julia/packages/RCall/JIY9I/src/io.jl:171
┌ Warning: RCall.jl: Warning in L0Learn.fit(X_train, y_train, penalty = "L0", lambdaGrid = list(c(lambda_val)),  :
│   Warning! Only 1 element in path with support size > maxSuppSize. 
│  Try increasing maxSuppSize to resolve the issue.
└ @ RCall ~/.julia/packages/RCall/JIY9I/src/io.jl:171
┌ Warning: RCall.jl: Warning in L0Learn.fit(X_train, y_train, penalty = "L0", lambdaGrid = list(c(lambda_val)),  :
│   Warning! Only 1 element in path with support size > maxSuppSize. 
│  Try increasing maxSuppSize to resolve the issue.
└ @ RCall ~/.julia/packages/RCall/JIY9I/src/io.jl:171
┌ Warning: RCall.jl: Warning in L0Learn.fit(X_train, y_train, penalty = "L0", lambdaGrid = list(c(lambda_val)),  :
│   Warning! Only 1 element in path with support size > maxSuppSize. 
│  Try increasing maxSuppSize to resolve the issue.
└ @ RCall ~/.julia/packages/RCall/JIY9I/src/io.jl:171
┌ Warning: RCall.jl: Warning in L0Learn.fit(X_train, y_train, penalty = "L0", lambdaGrid = list(c(lambda_val)),  :
│   Warning! Only 1 element in path with support size > maxSuppSize. 
│  Try increasing maxSuppSize to resolve the issue.
└ @ RCall ~/.julia/packages/RCall/JIY9I/src/io.jl:171
┌ Warning: RCall.jl: Warning in L0Learn.fit(X_train, y_train, penalty = "L0", lambdaGrid = list(c(lambda_val)),  :
│   Warning! Only 1 element in path with support size > maxSuppSize. 
│  Try increasing maxSuppSize to resolve the issue.
└ @ RCall ~/.julia/packages/RCall/JIY9I/src/io.jl:171
┌ Warning: RCall.jl: Warning in L0Learn.fit(X_train, y_train, penalty = "L0", lambdaGrid = list(c(lambda_val)),  :
│   Warning! Only 1 element in path with support size > maxSuppSize. 
│  Try increasing maxSuppSize to resolve the issue.
└ @ RCall ~/.julia/packages/RCall/JIY9I/src/io.jl:171
┌ Warning: RCall.jl: Warning in L0Learn.fit(X_train, y_train, penalty = "L0", lambdaGrid = list(c(lambda_val)),  :
│   Warning! Only 1 element in path with support size > maxSuppSize. 
│  Try increasing maxSuppSize to resolve the issue.
└ @ RCall ~/.julia/packages/RCall/JIY9I/src/io.jl:171
┌ Warning: RCall.jl: Warning in L0Learn.fit(X_train, y_train, penalty = "L0", lambdaGrid = list(c(lambda_val)),  :
│   Warning! Only 1 element in path with support size > maxSuppSize. 
│  Try increasing maxSuppSize to resolve the issue.
└ @ RCall ~/.julia/packages/RCall/JIY9I/src/io.jl:171
┌ Warning: RCall.jl: Warning in L0Learn.fit(X_train, y_train, penalty = "L0", lambdaGrid = list(c(lambda_val)),  :
│   Warning! Only 1 element in path with support size > maxSuppSize. 
│  Try increasing maxSuppSize to resolve the issue.
└ @ RCall ~/.julia/packages/RCall/JIY9I/src/io.jl:171
┌ Warning: RCall.jl: Warning in L0Learn.fit(X_train, y_train, penalty = "L0", lambdaGrid = list(c(lambda_val)),  :
│   Warning! Only 1 element in path with support size > maxSuppSize. 
│  Try increasing maxSuppSize to resolve the issue.
└ @ RCall ~/.julia/packages/RCall/JIY9I/src/io.jl:171
┌ Warning: RCall.jl: Warning in L0Learn.fit(X_train, y_train, penalty = "L0", lambdaGrid = list(c(lambda_val)),  :
│   Warning! Only 1 element in path with support size > maxSuppSize. 
│  Try increasing maxSuppSize to resolve the issue.
└ @ RCall ~/.julia/packages/RCall/JIY9I/src/io.jl:171
┌ Warning: RCall.jl: Warning in L0Learn.fit(X_train, y_train, penalty = "L0", lambdaGrid = list(c(lambda_val)),  :
│   Warning! Only 1 element in path with support size > maxSuppSize. 
│  Try increasing maxSuppSize to resolve the issue.
└ @ RCall ~/.julia/packages/RCall/JIY9I/src/io.jl:171
┌ Warning: RCall.jl: Warning in L0Learn.fit(X_train, y_train, penalty = "L0", lambdaGrid = list(c(lambda_val)),  :
│   Warning! Only 1 element in path with support size > maxSuppSize. 
│  Try increasing maxSuppSize to resolve the issue.
└ @ RCall ~/.julia/packages/RCall/JIY9I/src/io.jl:171
┌ Warning: RCall.jl: Warning in L0Learn.fit(X_train, y_train, penalty = "L0", lambdaGrid = list(c(lambda_val)),  :
│   Warning! Only 1 element in path with support size > maxSuppSize. 
│  Try increasing maxSuppSize to resolve the issue.
└ @ RCall ~/.julia/packages/RCall/JIY9I/src/io.jl:171
[ Info: Trial 8/10 completed
┌ Warning: RCall.jl: Warning in L0Learn.fit(X_train, y_train, penalty = "L0", lambdaGrid = list(c(lambda_val)),  :
│   Warning! Only 1 element in path with support size > maxSuppSize. 
│  Try increasing maxSuppSize to resolve the issue.
└ @ RCall ~/.julia/packages/RCall/JIY9I/src/io.jl:171
┌ Warning: RCall.jl: Warning in L0Learn.fit(X_train, y_train, penalty = "L0", lambdaGrid = list(c(lambda_val)),  :
│   Warning! Only 1 element in path with support size > maxSuppSize. 
│  Try increasing maxSuppSize to resolve the issue.
└ @ RCall ~/.julia/packages/RCall/JIY9I/src/io.jl:171
┌ Warning: RCall.jl: Warning in L0Learn.fit(X_train, y_train, penalty = "L0", lambdaGrid = list(c(lambda_val)),  :
│   Warning! Only 1 element in path with support size > maxSuppSize. 
│  Try increasing maxSuppSize to resolve the issue.
└ @ RCall ~/.julia/packages/RCall/JIY9I/src/io.jl:171
┌ Warning: RCall.jl: Warning in L0Learn.fit(X_train, y_train, penalty = "L0", lambdaGrid = list(c(lambda_val)),  :
│   Warning! Only 1 element in path with support size > maxSuppSize. 
│  Try increasing maxSuppSize to resolve the issue.
└ @ RCall ~/.julia/packages/RCall/JIY9I/src/io.jl:171
┌ Warning: RCall.jl: Warning in L0Learn.fit(X_train, y_train, penalty = "L0", lambdaGrid = list(c(lambda_val)),  :
│   Warning! Only 1 element in path with support size > maxSuppSize. 
│  Try increasing maxSuppSize to resolve the issue.
└ @ RCall ~/.julia/packages/RCall/JIY9I/src/io.jl:171
┌ Warning: RCall.jl: Warning in L0Learn.fit(X_train, y_train, penalty = "L0", lambdaGrid = list(c(lambda_val)),  :
│   Warning! Only 1 element in path with support size > maxSuppSize. 
│  Try increasing maxSuppSize to resolve the issue.
└ @ RCall ~/.julia/packages/RCall/JIY9I/src/io.jl:171
┌ Warning: RCall.jl: Warning in L0Learn.fit(X_train, y_train, penalty = "L0", lambdaGrid = list(c(lambda_val)),  :
│   Warning! Only 1 element in path with support size > maxSuppSize. 
│  Try increasing maxSuppSize to resolve the issue.
└ @ RCall ~/.julia/packages/RCall/JIY9I/src/io.jl:171
┌ Warning: RCall.jl: Warning in L0Learn.fit(X_train, y_train, penalty = "L0", lambdaGrid = list(c(lambda_val)),  :
│   Warning! Only 1 element in path with support size > maxSuppSize. 
│  Try increasing maxSuppSize to resolve the issue.
└ @ RCall ~/.julia/packages/RCall/JIY9I/src/io.jl:171
┌ Warning: RCall.jl: Warning in L0Learn.fit(X_train, y_train, penalty = "L0", lambdaGrid = list(c(lambda_val)),  :
│   Warning! Only 1 element in path with support size > maxSuppSize. 
│  Try increasing maxSuppSize to resolve the issue.
└ @ RCall ~/.julia/packages/RCall/JIY9I/src/io.jl:171
┌ Warning: RCall.jl: Warning in L0Learn.fit(X_train, y_train, penalty = "L0", lambdaGrid = list(c(lambda_val)),  :
│   Warning! Only 1 element in path with support size > maxSuppSize. 
│  Try increasing maxSuppSize to resolve the issue.
└ @ RCall ~/.julia/packages/RCall/JIY9I/src/io.jl:171
┌ Warning: RCall.jl: Warning in L0Learn.fit(X_train, y_train, penalty = "L0", lambdaGrid = list(c(lambda_val)),  :
│   Warning! Only 1 element in path with support size > maxSuppSize. 
│  Try increasing maxSuppSize to resolve the issue.
└ @ RCall ~/.julia/packages/RCall/JIY9I/src/io.jl:171
┌ Warning: RCall.jl: Warning in L0Learn.fit(X_train, y_train, penalty = "L0", lambdaGrid = list(c(lambda_val)),  :
│   Warning! Only 1 element in path with support size > maxSuppSize. 
│  Try increasing maxSuppSize to resolve the issue.
└ @ RCall ~/.julia/packages/RCall/JIY9I/src/io.jl:171
┌ Warning: RCall.jl: Warning in L0Learn.fit(X_train, y_train, penalty = "L0", lambdaGrid = list(c(lambda_val)),  :
│   Warning! Only 1 element in path with support size > maxSuppSize. 
│  Try increasing maxSuppSize to resolve the issue.
└ @ RCall ~/.julia/packages/RCall/JIY9I/src/io.jl:171
┌ Warning: RCall.jl: Warning in L0Learn.fit(X_train, y_train, penalty = "L0", lambdaGrid = list(c(lambda_val)),  :
│   Warning! Only 1 element in path with support size > maxSuppSize. 
│  Try increasing maxSuppSize to resolve the issue.
└ @ RCall ~/.julia/packages/RCall/JIY9I/src/io.jl:171
┌ Warning: RCall.jl: Warning in L0Learn.fit(X_train, y_train, penalty = "L0", lambdaGrid = list(c(lambda_val)),  :
│   Warning! Only 1 element in path with support size > maxSuppSize. 
│  Try increasing maxSuppSize to resolve the issue.
└ @ RCall ~/.julia/packages/RCall/JIY9I/src/io.jl:171
┌ Warning: RCall.jl: Warning in L0Learn.fit(X_train, y_train, penalty = "L0", lambdaGrid = list(c(lambda_val)),  :
│   Warning! Only 1 element in path with support size > maxSuppSize. 
│  Try increasing maxSuppSize to resolve the issue.
└ @ RCall ~/.julia/packages/RCall/JIY9I/src/io.jl:171
┌ Warning: RCall.jl: Warning in L0Learn.fit(X_train, y_train, penalty = "L0", lambdaGrid = list(c(lambda_val)),  :
│   Warning! Only 1 element in path with support size > maxSuppSize. 
│  Try increasing maxSuppSize to resolve the issue.
└ @ RCall ~/.julia/packages/RCall/JIY9I/src/io.jl:171
┌ Warning: RCall.jl: Warning in L0Learn.fit(X_train, y_train, penalty = "L0", lambdaGrid = list(c(lambda_val)),  :
│   Warning! Only 1 element in path with support size > maxSuppSize. 
│  Try increasing maxSuppSize to resolve the issue.
└ @ RCall ~/.julia/packages/RCall/JIY9I/src/io.jl:171
┌ Warning: RCall.jl: Warning in L0Learn.fit(X_train, y_train, penalty = "L0", lambdaGrid = list(c(lambda_val)),  :
│   Warning! Only 1 element in path with support size > maxSuppSize. 
│  Try increasing maxSuppSize to resolve the issue.
└ @ RCall ~/.julia/packages/RCall/JIY9I/src/io.jl:171
┌ Warning: RCall.jl: Warning in L0Learn.fit(X_train, y_train, penalty = "L0", lambdaGrid = list(c(lambda_val)),  :
│   Warning! Only 1 element in path with support size > maxSuppSize. 
│  Try increasing maxSuppSize to resolve the issue.
└ @ RCall ~/.julia/packages/RCall/JIY9I/src/io.jl:171
┌ Warning: RCall.jl: Warning in L0Learn.fit(X_train, y_train, penalty = "L0", lambdaGrid = list(c(lambda_val)),  :
│   Warning! Only 1 element in path with support size > maxSuppSize. 
│  Try increasing maxSuppSize to resolve the issue.
└ @ RCall ~/.julia/packages/RCall/JIY9I/src/io.jl:171
┌ Warning: RCall.jl: Warning in L0Learn.fit(X_train, y_train, penalty = "L0", lambdaGrid = list(c(lambda_val)),  :
│   Warning! Only 1 element in path with support size > maxSuppSize. 
│  Try increasing maxSuppSize to resolve the issue.
└ @ RCall ~/.julia/packages/RCall/JIY9I/src/io.jl:171
┌ Warning: RCall.jl: Warning in L0Learn.fit(X_train, y_train, penalty = "L0", lambdaGrid = list(c(lambda_val)),  :
│   Warning! Only 1 element in path with support size > maxSuppSize. 
│  Try increasing maxSuppSize to resolve the issue.
└ @ RCall ~/.julia/packages/RCall/JIY9I/src/io.jl:171
┌ Warning: RCall.jl: Warning in L0Learn.fit(X_train, y_train, penalty = "L0", lambdaGrid = list(c(lambda_val)),  :
│   Warning! Only 1 element in path with support size > maxSuppSize. 
│  Try increasing maxSuppSize to resolve the issue.
└ @ RCall ~/.julia/packages/RCall/JIY9I/src/io.jl:171
┌ Warning: RCall.jl: Warning in L0Learn.fit(X_train, y_train, penalty = "L0", lambdaGrid = list(c(lambda_val)),  :
│   Warning! Only 1 element in path with support size > maxSuppSize. 
│  Try increasing maxSuppSize to resolve the issue.
└ @ RCall ~/.julia/packages/RCall/JIY9I/src/io.jl:171
┌ Warning: RCall.jl: Warning in L0Learn.fit(X_train, y_train, penalty = "L0", lambdaGrid = list(c(lambda_val)),  :
│   Warning! Only 1 element in path with support size > maxSuppSize. 
│  Try increasing maxSuppSize to resolve the issue.
└ @ RCall ~/.julia/packages/RCall/JIY9I/src/io.jl:171
┌ Warning: RCall.jl: Warning in L0Learn.fit(X_train, y_train, penalty = "L0", lambdaGrid = list(c(lambda_val)),  :
│   Warning! Only 1 element in path with support size > maxSuppSize. 
│  Try increasing maxSuppSize to resolve the issue.
└ @ RCall ~/.julia/packages/RCall/JIY9I/src/io.jl:171
┌ Warning: RCall.jl: Warning in L0Learn.fit(X_train, y_train, penalty = "L0", lambdaGrid = list(c(lambda_val)),  :
│   Warning! Only 1 element in path with support size > maxSuppSize. 
│  Try increasing maxSuppSize to resolve the issue.
└ @ RCall ~/.julia/packages/RCall/JIY9I/src/io.jl:171
┌ Warning: RCall.jl: Warning in L0Learn.fit(X_train, y_train, penalty = "L0", lambdaGrid = list(c(lambda_val)),  :
│   Warning! Only 1 element in path with support size > maxSuppSize. 
│  Try increasing maxSuppSize to resolve the issue.
└ @ RCall ~/.julia/packages/RCall/JIY9I/src/io.jl:171
[ Info: Trial 9/10 completed
┌ Warning: RCall.jl: Warning in L0Learn.fit(X_train, y_train, penalty = "L0", lambdaGrid = list(c(lambda_val)),  :
│   Warning! Only 1 element in path with support size > maxSuppSize. 
│  Try increasing maxSuppSize to resolve the issue.
└ @ RCall ~/.julia/packages/RCall/JIY9I/src/io.jl:171
┌ Warning: RCall.jl: Warning in L0Learn.fit(X_train, y_train, penalty = "L0", lambdaGrid = list(c(lambda_val)),  :
│   Warning! Only 1 element in path with support size > maxSuppSize. 
│  Try increasing maxSuppSize to resolve the issue.
└ @ RCall ~/.julia/packages/RCall/JIY9I/src/io.jl:171
┌ Warning: RCall.jl: Warning in L0Learn.fit(X_train, y_train, penalty = "L0", lambdaGrid = list(c(lambda_val)),  :
│   Warning! Only 1 element in path with support size > maxSuppSize. 
│  Try increasing maxSuppSize to resolve the issue.
└ @ RCall ~/.julia/packages/RCall/JIY9I/src/io.jl:171
┌ Warning: RCall.jl: Warning in L0Learn.fit(X_train, y_train, penalty = "L0", lambdaGrid = list(c(lambda_val)),  :
│   Warning! Only 1 element in path with support size > maxSuppSize. 
│  Try increasing maxSuppSize to resolve the issue.
└ @ RCall ~/.julia/packages/RCall/JIY9I/src/io.jl:171
┌ Warning: RCall.jl: Warning in L0Learn.fit(X_train, y_train, penalty = "L0", lambdaGrid = list(c(lambda_val)),  :
│   Warning! Only 1 element in path with support size > maxSuppSize. 
│  Try increasing maxSuppSize to resolve the issue.
└ @ RCall ~/.julia/packages/RCall/JIY9I/src/io.jl:171
┌ Warning: RCall.jl: Warning in L0Learn.fit(X_train, y_train, penalty = "L0", lambdaGrid = list(c(lambda_val)),  :
│   Warning! Only 1 element in path with support size > maxSuppSize. 
│  Try increasing maxSuppSize to resolve the issue.
└ @ RCall ~/.julia/packages/RCall/JIY9I/src/io.jl:171
┌ Warning: RCall.jl: Warning in L0Learn.fit(X_train, y_train, penalty = "L0", lambdaGrid = list(c(lambda_val)),  :
│   Warning! Only 1 element in path with support size > maxSuppSize. 
│  Try increasing maxSuppSize to resolve the issue.
└ @ RCall ~/.julia/packages/RCall/JIY9I/src/io.jl:171
┌ Warning: RCall.jl: Warning in L0Learn.fit(X_train, y_train, penalty = "L0", lambdaGrid = list(c(lambda_val)),  :
│   Warning! Only 1 element in path with support size > maxSuppSize. 
│  Try increasing maxSuppSize to resolve the issue.
└ @ RCall ~/.julia/packages/RCall/JIY9I/src/io.jl:171
┌ Warning: RCall.jl: Warning in L0Learn.fit(X_train, y_train, penalty = "L0", lambdaGrid = list(c(lambda_val)),  :
│   Warning! Only 1 element in path with support size > maxSuppSize. 
│  Try increasing maxSuppSize to resolve the issue.
└ @ RCall ~/.julia/packages/RCall/JIY9I/src/io.jl:171
┌ Warning: RCall.jl: Warning in L0Learn.fit(X_train, y_train, penalty = "L0", lambdaGrid = list(c(lambda_val)),  :
│   Warning! Only 1 element in path with support size > maxSuppSize. 
│  Try increasing maxSuppSize to resolve the issue.
└ @ RCall ~/.julia/packages/RCall/JIY9I/src/io.jl:171
┌ Warning: RCall.jl: Warning in L0Learn.fit(X_train, y_train, penalty = "L0", lambdaGrid = list(c(lambda_val)),  :
│   Warning! Only 1 element in path with support size > maxSuppSize. 
│  Try increasing maxSuppSize to resolve the issue.
└ @ RCall ~/.julia/packages/RCall/JIY9I/src/io.jl:171
┌ Warning: RCall.jl: Warning in L0Learn.fit(X_train, y_train, penalty = "L0", lambdaGrid = list(c(lambda_val)),  :
│   Warning! Only 1 element in path with support size > maxSuppSize. 
│  Try increasing maxSuppSize to resolve the issue.
└ @ RCall ~/.julia/packages/RCall/JIY9I/src/io.jl:171
┌ Warning: RCall.jl: Warning in L0Learn.fit(X_train, y_train, penalty = "L0", lambdaGrid = list(c(lambda_val)),  :
│   Warning! Only 1 element in path with support size > maxSuppSize. 
│  Try increasing maxSuppSize to resolve the issue.
└ @ RCall ~/.julia/packages/RCall/JIY9I/src/io.jl:171
┌ Warning: RCall.jl: Warning in L0Learn.fit(X_train, y_train, penalty = "L0", lambdaGrid = list(c(lambda_val)),  :
│   Warning! Only 1 element in path with support size > maxSuppSize. 
│  Try increasing maxSuppSize to resolve the issue.
└ @ RCall ~/.julia/packages/RCall/JIY9I/src/io.jl:171
┌ Warning: RCall.jl: Warning in L0Learn.fit(X_train, y_train, penalty = "L0", lambdaGrid = list(c(lambda_val)),  :
│   Warning! Only 1 element in path with support size > maxSuppSize. 
│  Try increasing maxSuppSize to resolve the issue.
└ @ RCall ~/.julia/packages/RCall/JIY9I/src/io.jl:171
┌ Warning: RCall.jl: Warning in L0Learn.fit(X_train, y_train, penalty = "L0", lambdaGrid = list(c(lambda_val)),  :
│   Warning! Only 1 element in path with support size > maxSuppSize. 
│  Try increasing maxSuppSize to resolve the issue.
└ @ RCall ~/.julia/packages/RCall/JIY9I/src/io.jl:171
┌ Warning: RCall.jl: Warning in L0Learn.fit(X_train, y_train, penalty = "L0", lambdaGrid = list(c(lambda_val)),  :
│   Warning! Only 1 element in path with support size > maxSuppSize. 
│  Try increasing maxSuppSize to resolve the issue.
└ @ RCall ~/.julia/packages/RCall/JIY9I/src/io.jl:171
┌ Warning: RCall.jl: Warning in L0Learn.fit(X_train, y_train, penalty = "L0", lambdaGrid = list(c(lambda_val)),  :
│   Warning! Only 1 element in path with support size > maxSuppSize. 
│  Try increasing maxSuppSize to resolve the issue.
└ @ RCall ~/.julia/packages/RCall/JIY9I/src/io.jl:171
┌ Warning: RCall.jl: Warning in L0Learn.fit(X_train, y_train, penalty = "L0", lambdaGrid = list(c(lambda_val)),  :
│   Warning! Only 1 element in path with support size > maxSuppSize. 
│  Try increasing maxSuppSize to resolve the issue.
└ @ RCall ~/.julia/packages/RCall/JIY9I/src/io.jl:171
┌ Warning: RCall.jl: Warning in L0Learn.fit(X_train, y_train, penalty = "L0", lambdaGrid = list(c(lambda_val)),  :
│   Warning! Only 1 element in path with support size > maxSuppSize. 
│  Try increasing maxSuppSize to resolve the issue.
└ @ RCall ~/.julia/packages/RCall/JIY9I/src/io.jl:171
┌ Warning: RCall.jl: Warning in L0Learn.fit(X_train, y_train, penalty = "L0", lambdaGrid = list(c(lambda_val)),  :
│   Warning! Only 1 element in path with support size > maxSuppSize. 
│  Try increasing maxSuppSize to resolve the issue.
└ @ RCall ~/.julia/packages/RCall/JIY9I/src/io.jl:171
┌ Warning: RCall.jl: Warning in L0Learn.fit(X_train, y_train, penalty = "L0", lambdaGrid = list(c(lambda_val)),  :
│   Warning! Only 1 element in path with support size > maxSuppSize. 
│  Try increasing maxSuppSize to resolve the issue.
└ @ RCall ~/.julia/packages/RCall/JIY9I/src/io.jl:171
┌ Warning: RCall.jl: Warning in L0Learn.fit(X_train, y_train, penalty = "L0", lambdaGrid = list(c(lambda_val)),  :
│   Warning! Only 1 element in path with support size > maxSuppSize. 
│  Try increasing maxSuppSize to resolve the issue.
└ @ RCall ~/.julia/packages/RCall/JIY9I/src/io.jl:171
┌ Warning: RCall.jl: Warning in L0Learn.fit(X_train, y_train, penalty = "L0", lambdaGrid = list(c(lambda_val)),  :
│   Warning! Only 1 element in path with support size > maxSuppSize. 
│  Try increasing maxSuppSize to resolve the issue.
└ @ RCall ~/.julia/packages/RCall/JIY9I/src/io.jl:171
┌ Warning: RCall.jl: Warning in L0Learn.fit(X_train, y_train, penalty = "L0", lambdaGrid = list(c(lambda_val)),  :
│   Warning! Only 1 element in path with support size > maxSuppSize. 
│  Try increasing maxSuppSize to resolve the issue.
└ @ RCall ~/.julia/packages/RCall/JIY9I/src/io.jl:171
┌ Warning: RCall.jl: Warning in L0Learn.fit(X_train, y_train, penalty = "L0", lambdaGrid = list(c(lambda_val)),  :
│   Warning! Only 1 element in path with support size > maxSuppSize. 
│  Try increasing maxSuppSize to resolve the issue.
└ @ RCall ~/.julia/packages/RCall/JIY9I/src/io.jl:171
┌ Warning: RCall.jl: Warning in L0Learn.fit(X_train, y_train, penalty = "L0", lambdaGrid = list(c(lambda_val)),  :
│   Warning! Only 1 element in path with support size > maxSuppSize. 
│  Try increasing maxSuppSize to resolve the issue.
└ @ RCall ~/.julia/packages/RCall/JIY9I/src/io.jl:171
┌ Warning: RCall.jl: Warning in L0Learn.fit(X_train, y_train, penalty = "L0", lambdaGrid = list(c(lambda_val)),  :
│   Warning! Only 1 element in path with support size > maxSuppSize. 
│  Try increasing maxSuppSize to resolve the issue.
└ @ RCall ~/.julia/packages/RCall/JIY9I/src/io.jl:171
┌ Warning: RCall.jl: Warning in L0Learn.fit(X_train, y_train, penalty = "L0", lambdaGrid = list(c(lambda_val)),  :
│   Warning! Only 1 element in path with support size > maxSuppSize. 
│  Try increasing maxSuppSize to resolve the issue.
└ @ RCall ~/.julia/packages/RCall/JIY9I/src/io.jl:171
┌ Warning: RCall.jl: Warning in L0Learn.fit(X_train, y_train, penalty = "L0", lambdaGrid = list(c(lambda_val)),  :
│   Warning! Only 1 element in path with support size > maxSuppSize. 
│  Try increasing maxSuppSize to resolve the issue.
└ @ RCall ~/.julia/packages/RCall/JIY9I/src/io.jl:171
┌ Warning: RCall.jl: Warning in L0Learn.fit(X_train, y_train, penalty = "L0", lambdaGrid = list(c(lambda_val)),  :
│   Warning! Only 1 element in path with support size > maxSuppSize. 
│  Try increasing maxSuppSize to resolve the issue.
└ @ RCall ~/.julia/packages/RCall/JIY9I/src/io.jl:171
┌ Warning: RCall.jl: Warning in L0Learn.fit(X_train, y_train, penalty = "L0", lambdaGrid = list(c(lambda_val)),  :
│   Warning! Only 1 element in path with support size > maxSuppSize. 
│  Try increasing maxSuppSize to resolve the issue.
└ @ RCall ~/.julia/packages/RCall/JIY9I/src/io.jl:171
"CDSS" = "CDSS"
SUP = 100.0
Pred = 0.10709727891041121
Sim = 1.0
Infv = 0.2877429642443555
round(elapsed, digits = 2) = 21.66
"CDSS (β-only)" = "CDSS (β-only)"
SUP = 100.0
Pred = 0.10709727891041121
Sim = 1.0
Infv = 0.2877429642443555
round(elapsed, digits = 2) = 26.06
refinement_change = 5.5498944690364925e-5
"SPGpCDSS" = "SPGpCDSS"
SUP = 100.0
Pred = 0.1070951681904733
Sim = 1.0
Infv = 0.28776262544080533
round(elapsed, digits = 2) = 2.56
spgpcdss_chose_beta = false
"L0Learn" = "L0Learn"
supp_l0 = 50
predval_l0 = 0.4199406107633809
sim_l0 = 0.49
inf_l0 = 1.3445502676470271
round(elapsed, digits = 2) = 0.15
"L0Learn+PSI1" = "L0Learn+PSI1"
SUP = 100.0
Pred = 0.10709627239432397
Sim = 1.0
Infv = 0.2877228029871812
round(elapsed, digits = 2) = 26.62
"CDSS" = "CDSS"
SUP = 100.0
Pred = 0.10085822491521815
Sim = 1.0
Infv = 0.2975934746908042
round(elapsed, digits = 2) = 28.71
"CDSS (β-only)" = "CDSS (β-only)"
SUP = 100.0
Pred = 0.10085822491521815
Sim = 1.0
Infv = 0.2975934746908042
round(elapsed, digits = 2) = 27.28
refinement_change = 1.3020594664298722e-5
"SPGpCDSS" = "SPGpCDSS"
SUP = 100.0
Pred = 0.10085838784464898
Sim = 1.0
Infv = 0.29760995635389254
round(elapsed, digits = 2) = 3.73
spgpcdss_chose_beta = true
"L0Learn" = "L0Learn"
supp_l0 = 45
predval_l0 = 0.4550306192716824
sim_l0 = 0.45
inf_l0 = 1.0
round(elapsed, digits = 2) = 0.16
"L0Learn+PSI1" = "L0Learn+PSI1"
SUP = 100.0
Pred = 0.10044804093251217
Sim = 1.0
Infv = 0.2870667025799043
round(elapsed, digits = 2) = 32.13
"CDSS" = "CDSS"
SUP = 100.0
Pred = 0.0985498995837125
Sim = 1.0
Infv = 0.23781659502992325
round(elapsed, digits = 2) = 26.22
"CDSS (β-only)" = "CDSS (β-only)"
SUP = 100.0
Pred = 0.0985498995837125
Sim = 1.0
Infv = 0.23781659502992325
round(elapsed, digits = 2) = 28.3
refinement_change = 3.316147618109073e-5
"SPGpCDSS" = "SPGpCDSS"
SUP = 100.0
Pred = 0.09854956117656137
Sim = 1.0
Infv = 0.23781381406974478
round(elapsed, digits = 2) = 5.0
spgpcdss_chose_beta = true
"L0Learn" = "L0Learn"
supp_l0 = 48
predval_l0 = 0.44520537004277744
sim_l0 = 0.48
inf_l0 = 1.0
round(elapsed, digits = 2) = 0.16
"L0Learn+PSI1" = "L0Learn+PSI1"
SUP = 100.0
Pred = 0.09854824545838754
Sim = 1.0
Infv = 0.2377755174578179
round(elapsed, digits = 2) = 32.09
┌ Warning: RCall.jl: Warning in L0Learn.fit(X_train, y_train, penalty = "L0", lambdaGrid = list(c(lambda_val)),  :
│   Warning! Only 1 element in path with support size > maxSuppSize. 
│  Try increasing maxSuppSize to resolve the issue.
└ @ RCall ~/.julia/packages/RCall/JIY9I/src/io.jl:171
┌ Warning: RCall.jl: Warning in L0Learn.fit(X_train, y_train, penalty = "L0", lambdaGrid = list(c(lambda_val)),  :
│   Warning! Only 1 element in path with support size > maxSuppSize. 
│  Try increasing maxSuppSize to resolve the issue.
└ @ RCall ~/.julia/packages/RCall/JIY9I/src/io.jl:171
┌ Warning: RCall.jl: Warning in L0Learn.fit(X_train, y_train, penalty = "L0", lambdaGrid = list(c(lambda_val)),  :
│   Warning! Only 1 element in path with support size > maxSuppSize. 
│  Try increasing maxSuppSize to resolve the issue.
└ @ RCall ~/.julia/packages/RCall/JIY9I/src/io.jl:171
┌ Warning: RCall.jl: Warning in L0Learn.fit(X_train, y_train, penalty = "L0", lambdaGrid = list(c(lambda_val)),  :
│   Warning! Only 1 element in path with support size > maxSuppSize. 
│  Try increasing maxSuppSize to resolve the issue.
└ @ RCall ~/.julia/packages/RCall/JIY9I/src/io.jl:171
┌ Warning: RCall.jl: Warning in L0Learn.fit(X_train, y_train, penalty = "L0", lambdaGrid = list(c(lambda_val)),  :
│   Warning! Only 1 element in path with support size > maxSuppSize. 
│  Try increasing maxSuppSize to resolve the issue.
└ @ RCall ~/.julia/packages/RCall/JIY9I/src/io.jl:171
[ Info: Trial 10/10 completed
[ Info: Completed n=1000 in 785.7s
┌ Info: Sample size n=1200
└   progress = "6/10"
┌ Warning: RCall.jl: Warning in L0Learn.fit(X_train, y_train, penalty = "L0", lambdaGrid = list(c(lambda_val)),  :
│   Warning! Only 1 element in path with support size > maxSuppSize. 
│  Try increasing maxSuppSize to resolve the issue.
└ @ RCall ~/.julia/packages/RCall/JIY9I/src/io.jl:171
┌ Warning: RCall.jl: Warning in L0Learn.fit(X_train, y_train, penalty = "L0", lambdaGrid = list(c(lambda_val)),  :
│   Warning! Only 1 element in path with support size > maxSuppSize. 
│  Try increasing maxSuppSize to resolve the issue.
└ @ RCall ~/.julia/packages/RCall/JIY9I/src/io.jl:171
┌ Warning: RCall.jl: Warning in L0Learn.fit(X_train, y_train, penalty = "L0", lambdaGrid = list(c(lambda_val)),  :
│   Warning! Only 1 element in path with support size > maxSuppSize. 
│  Try increasing maxSuppSize to resolve the issue.
└ @ RCall ~/.julia/packages/RCall/JIY9I/src/io.jl:171
┌ Warning: RCall.jl: Warning in L0Learn.fit(X_train, y_train, penalty = "L0", lambdaGrid = list(c(lambda_val)),  :
│   Warning! Only 1 element in path with support size > maxSuppSize. 
│  Try increasing maxSuppSize to resolve the issue.
└ @ RCall ~/.julia/packages/RCall/JIY9I/src/io.jl:171
┌ Warning: RCall.jl: Warning in L0Learn.fit(X_train, y_train, penalty = "L0", lambdaGrid = list(c(lambda_val)),  :
│   Warning! Only 1 element in path with support size > maxSuppSize. 
│  Try increasing maxSuppSize to resolve the issue.
└ @ RCall ~/.julia/packages/RCall/JIY9I/src/io.jl:171
┌ Warning: RCall.jl: Warning in L0Learn.fit(X_train, y_train, penalty = "L0", lambdaGrid = list(c(lambda_val)),  :
│   Warning! Only 1 element in path with support size > maxSuppSize. 
│  Try increasing maxSuppSize to resolve the issue.
└ @ RCall ~/.julia/packages/RCall/JIY9I/src/io.jl:171
┌ Warning: RCall.jl: Warning in L0Learn.fit(X_train, y_train, penalty = "L0", lambdaGrid = list(c(lambda_val)),  :
│   Warning! Only 1 element in path with support size > maxSuppSize. 
│  Try increasing maxSuppSize to resolve the issue.
└ @ RCall ~/.julia/packages/RCall/JIY9I/src/io.jl:171
┌ Warning: RCall.jl: Warning in L0Learn.fit(X_train, y_train, penalty = "L0", lambdaGrid = list(c(lambda_val)),  :
│   Warning! Only 1 element in path with support size > maxSuppSize. 
│  Try increasing maxSuppSize to resolve the issue.
└ @ RCall ~/.julia/packages/RCall/JIY9I/src/io.jl:171
┌ Warning: RCall.jl: Warning in L0Learn.fit(X_train, y_train, penalty = "L0", lambdaGrid = list(c(lambda_val)),  :
│   Warning! Only 1 element in path with support size > maxSuppSize. 
│  Try increasing maxSuppSize to resolve the issue.
└ @ RCall ~/.julia/packages/RCall/JIY9I/src/io.jl:171
┌ Warning: RCall.jl: Warning in L0Learn.fit(X_train, y_train, penalty = "L0", lambdaGrid = list(c(lambda_val)),  :
│   Warning! Only 1 element in path with support size > maxSuppSize. 
│  Try increasing maxSuppSize to resolve the issue.
└ @ RCall ~/.julia/packages/RCall/JIY9I/src/io.jl:171
┌ Warning: RCall.jl: Warning in L0Learn.fit(X_train, y_train, penalty = "L0", lambdaGrid = list(c(lambda_val)),  :
│   Warning! Only 1 element in path with support size > maxSuppSize. 
│  Try increasing maxSuppSize to resolve the issue.
└ @ RCall ~/.julia/packages/RCall/JIY9I/src/io.jl:171
┌ Warning: RCall.jl: Warning in L0Learn.fit(X_train, y_train, penalty = "L0", lambdaGrid = list(c(lambda_val)),  :
│   Warning! Only 1 element in path with support size > maxSuppSize. 
│  Try increasing maxSuppSize to resolve the issue.
└ @ RCall ~/.julia/packages/RCall/JIY9I/src/io.jl:171
┌ Warning: RCall.jl: Warning in L0Learn.fit(X_train, y_train, penalty = "L0", lambdaGrid = list(c(lambda_val)),  :
│   Warning! Only 1 element in path with support size > maxSuppSize. 
│  Try increasing maxSuppSize to resolve the issue.
└ @ RCall ~/.julia/packages/RCall/JIY9I/src/io.jl:171
┌ Warning: RCall.jl: Warning in L0Learn.fit(X_train, y_train, penalty = "L0", lambdaGrid = list(c(lambda_val)),  :
│   Warning! Only 1 element in path with support size > maxSuppSize. 
│  Try increasing maxSuppSize to resolve the issue.
└ @ RCall ~/.julia/packages/RCall/JIY9I/src/io.jl:171
┌ Warning: RCall.jl: Warning in L0Learn.fit(X_train, y_train, penalty = "L0", lambdaGrid = list(c(lambda_val)),  :
│   Warning! Only 1 element in path with support size > maxSuppSize. 
│  Try increasing maxSuppSize to resolve the issue.
└ @ RCall ~/.julia/packages/RCall/JIY9I/src/io.jl:171
┌ Warning: RCall.jl: Warning in L0Learn.fit(X_train, y_train, penalty = "L0", lambdaGrid = list(c(lambda_val)),  :
│   Warning! Only 1 element in path with support size > maxSuppSize. 
│  Try increasing maxSuppSize to resolve the issue.
└ @ RCall ~/.julia/packages/RCall/JIY9I/src/io.jl:171
┌ Warning: RCall.jl: Warning in L0Learn.fit(X_train, y_train, penalty = "L0", lambdaGrid = list(c(lambda_val)),  :
│   Warning! Only 1 element in path with support size > maxSuppSize. 
│  Try increasing maxSuppSize to resolve the issue.
└ @ RCall ~/.julia/packages/RCall/JIY9I/src/io.jl:171
┌ Warning: RCall.jl: Warning in L0Learn.fit(X_train, y_train, penalty = "L0", lambdaGrid = list(c(lambda_val)),  :
│   Warning! Only 1 element in path with support size > maxSuppSize. 
│  Try increasing maxSuppSize to resolve the issue.
└ @ RCall ~/.julia/packages/RCall/JIY9I/src/io.jl:171
┌ Warning: RCall.jl: Warning in L0Learn.fit(X_train, y_train, penalty = "L0", lambdaGrid = list(c(lambda_val)),  :
│   Warning! Only 1 element in path with support size > maxSuppSize. 
│  Try increasing maxSuppSize to resolve the issue.
└ @ RCall ~/.julia/packages/RCall/JIY9I/src/io.jl:171
┌ Warning: RCall.jl: Warning in L0Learn.fit(X_train, y_train, penalty = "L0", lambdaGrid = list(c(lambda_val)),  :
│   Warning! Only 1 element in path with support size > maxSuppSize. 
│  Try increasing maxSuppSize to resolve the issue.
└ @ RCall ~/.julia/packages/RCall/JIY9I/src/io.jl:171
┌ Warning: RCall.jl: Warning in L0Learn.fit(X_train, y_train, penalty = "L0", lambdaGrid = list(c(lambda_val)),  :
│   Warning! Only 1 element in path with support size > maxSuppSize. 
│  Try increasing maxSuppSize to resolve the issue.
└ @ RCall ~/.julia/packages/RCall/JIY9I/src/io.jl:171
┌ Warning: RCall.jl: Warning in L0Learn.fit(X_train, y_train, penalty = "L0", lambdaGrid = list(c(lambda_val)),  :
│   Warning! Only 1 element in path with support size > maxSuppSize. 
│  Try increasing maxSuppSize to resolve the issue.
└ @ RCall ~/.julia/packages/RCall/JIY9I/src/io.jl:171
┌ Warning: RCall.jl: Warning in L0Learn.fit(X_train, y_train, penalty = "L0", lambdaGrid = list(c(lambda_val)),  :
│   Warning! Only 1 element in path with support size > maxSuppSize. 
│  Try increasing maxSuppSize to resolve the issue.
└ @ RCall ~/.julia/packages/RCall/JIY9I/src/io.jl:171
┌ Warning: RCall.jl: Warning in L0Learn.fit(X_train, y_train, penalty = "L0", lambdaGrid = list(c(lambda_val)),  :
│   Warning! Only 1 element in path with support size > maxSuppSize. 
│  Try increasing maxSuppSize to resolve the issue.
└ @ RCall ~/.julia/packages/RCall/JIY9I/src/io.jl:171
┌ Warning: RCall.jl: Warning in L0Learn.fit(X_train, y_train, penalty = "L0", lambdaGrid = list(c(lambda_val)),  :
│   Warning! Only 1 element in path with support size > maxSuppSize. 
│  Try increasing maxSuppSize to resolve the issue.
└ @ RCall ~/.julia/packages/RCall/JIY9I/src/io.jl:171
┌ Warning: RCall.jl: Warning in L0Learn.fit(X_train, y_train, penalty = "L0", lambdaGrid = list(c(lambda_val)),  :
│   Warning! Only 1 element in path with support size > maxSuppSize. 
│  Try increasing maxSuppSize to resolve the issue.
└ @ RCall ~/.julia/packages/RCall/JIY9I/src/io.jl:171
┌ Warning: RCall.jl: Warning in L0Learn.fit(X_train, y_train, penalty = "L0", lambdaGrid = list(c(lambda_val)),  :
│   Warning! Only 1 element in path with support size > maxSuppSize. 
│  Try increasing maxSuppSize to resolve the issue.
└ @ RCall ~/.julia/packages/RCall/JIY9I/src/io.jl:171
┌ Warning: RCall.jl: Warning in L0Learn.fit(X_train, y_train, penalty = "L0", lambdaGrid = list(c(lambda_val)),  :
│   Warning! Only 1 element in path with support size > maxSuppSize. 
│  Try increasing maxSuppSize to resolve the issue.
└ @ RCall ~/.julia/packages/RCall/JIY9I/src/io.jl:171
┌ Warning: RCall.jl: Warning in L0Learn.fit(X_train, y_train, penalty = "L0", lambdaGrid = list(c(lambda_val)),  :
│   Warning! Only 1 element in path with support size > maxSuppSize. 
│  Try increasing maxSuppSize to resolve the issue.
└ @ RCall ~/.julia/packages/RCall/JIY9I/src/io.jl:171
┌ Warning: RCall.jl: Warning in L0Learn.fit(X_train, y_train, penalty = "L0", lambdaGrid = list(c(lambda_val)),  :
│   Warning! Only 1 element in path with support size > maxSuppSize. 
│  Try increasing maxSuppSize to resolve the issue.
└ @ RCall ~/.julia/packages/RCall/JIY9I/src/io.jl:171
┌ Warning: RCall.jl: Warning in L0Learn.fit(X_train, y_train, penalty = "L0", lambdaGrid = list(c(lambda_val)),  :
│   Warning! Only 1 element in path with support size > maxSuppSize. 
│  Try increasing maxSuppSize to resolve the issue.
└ @ RCall ~/.julia/packages/RCall/JIY9I/src/io.jl:171
┌ Warning: RCall.jl: Warning in L0Learn.fit(X_train, y_train, penalty = "L0", lambdaGrid = list(c(lambda_val)),  :
│   Warning! Only 1 element in path with support size > maxSuppSize. 
│  Try increasing maxSuppSize to resolve the issue.
└ @ RCall ~/.julia/packages/RCall/JIY9I/src/io.jl:171
┌ Warning: RCall.jl: Warning in L0Learn.fit(X_train, y_train, penalty = "L0", lambdaGrid = list(c(lambda_val)),  :
│   Warning! Only 1 element in path with support size > maxSuppSize. 
│  Try increasing maxSuppSize to resolve the issue.
└ @ RCall ~/.julia/packages/RCall/JIY9I/src/io.jl:171
┌ Warning: RCall.jl: Warning in L0Learn.fit(X_train, y_train, penalty = "L0", lambdaGrid = list(c(lambda_val)),  :
│   Warning! Only 1 element in path with support size > maxSuppSize. 
│  Try increasing maxSuppSize to resolve the issue.
└ @ RCall ~/.julia/packages/RCall/JIY9I/src/io.jl:171
┌ Warning: RCall.jl: Warning in L0Learn.fit(X_train, y_train, penalty = "L0", lambdaGrid = list(c(lambda_val)),  :
│   Warning! Only 1 element in path with support size > maxSuppSize. 
│  Try increasing maxSuppSize to resolve the issue.
└ @ RCall ~/.julia/packages/RCall/JIY9I/src/io.jl:171
┌ Warning: RCall.jl: Warning in L0Learn.fit(X_train, y_train, penalty = "L0", lambdaGrid = list(c(lambda_val)),  :
│   Warning! Only 1 element in path with support size > maxSuppSize. 
│  Try increasing maxSuppSize to resolve the issue.
└ @ RCall ~/.julia/packages/RCall/JIY9I/src/io.jl:171
┌ Warning: RCall.jl: Warning in L0Learn.fit(X_train, y_train, penalty = "L0", lambdaGrid = list(c(lambda_val)),  :
│   Warning! Only 1 element in path with support size > maxSuppSize. 
│  Try increasing maxSuppSize to resolve the issue.
└ @ RCall ~/.julia/packages/RCall/JIY9I/src/io.jl:171
┌ Warning: RCall.jl: Warning in L0Learn.fit(X_train, y_train, penalty = "L0", lambdaGrid = list(c(lambda_val)),  :
│   Warning! Only 1 element in path with support size > maxSuppSize. 
│  Try increasing maxSuppSize to resolve the issue.
└ @ RCall ~/.julia/packages/RCall/JIY9I/src/io.jl:171
┌ Warning: RCall.jl: Warning in L0Learn.fit(X_train, y_train, penalty = "L0", lambdaGrid = list(c(lambda_val)),  :
│   Warning! Only 1 element in path with support size > maxSuppSize. 
│  Try increasing maxSuppSize to resolve the issue.
└ @ RCall ~/.julia/packages/RCall/JIY9I/src/io.jl:171
┌ Warning: RCall.jl: Warning in L0Learn.fit(X_train, y_train, penalty = "L0", lambdaGrid = list(c(lambda_val)),  :
│   Warning! Only 1 element in path with support size > maxSuppSize. 
│  Try increasing maxSuppSize to resolve the issue.
└ @ RCall ~/.julia/packages/RCall/JIY9I/src/io.jl:171
[ Info: Trial 1/10 completed
┌ Warning: RCall.jl: Warning in L0Learn.fit(X_train, y_train, penalty = "L0", lambdaGrid = list(c(lambda_val)),  :
│   Warning! Only 1 element in path with support size > maxSuppSize. 
│  Try increasing maxSuppSize to resolve the issue.
└ @ RCall ~/.julia/packages/RCall/JIY9I/src/io.jl:171
┌ Warning: RCall.jl: Warning in L0Learn.fit(X_train, y_train, penalty = "L0", lambdaGrid = list(c(lambda_val)),  :
│   Warning! Only 1 element in path with support size > maxSuppSize. 
│  Try increasing maxSuppSize to resolve the issue.
└ @ RCall ~/.julia/packages/RCall/JIY9I/src/io.jl:171
┌ Warning: RCall.jl: Warning in L0Learn.fit(X_train, y_train, penalty = "L0", lambdaGrid = list(c(lambda_val)),  :
│   Warning! Only 1 element in path with support size > maxSuppSize. 
│  Try increasing maxSuppSize to resolve the issue.
└ @ RCall ~/.julia/packages/RCall/JIY9I/src/io.jl:171
┌ Warning: RCall.jl: Warning in L0Learn.fit(X_train, y_train, penalty = "L0", lambdaGrid = list(c(lambda_val)),  :
│   Warning! Only 1 element in path with support size > maxSuppSize. 
│  Try increasing maxSuppSize to resolve the issue.
└ @ RCall ~/.julia/packages/RCall/JIY9I/src/io.jl:171
┌ Warning: RCall.jl: Warning in L0Learn.fit(X_train, y_train, penalty = "L0", lambdaGrid = list(c(lambda_val)),  :
│   Warning! Only 1 element in path with support size > maxSuppSize. 
│  Try increasing maxSuppSize to resolve the issue.
└ @ RCall ~/.julia/packages/RCall/JIY9I/src/io.jl:171
┌ Warning: RCall.jl: Warning in L0Learn.fit(X_train, y_train, penalty = "L0", lambdaGrid = list(c(lambda_val)),  :
│   Warning! Only 1 element in path with support size > maxSuppSize. 
│  Try increasing maxSuppSize to resolve the issue.
└ @ RCall ~/.julia/packages/RCall/JIY9I/src/io.jl:171
┌ Warning: RCall.jl: Warning in L0Learn.fit(X_train, y_train, penalty = "L0", lambdaGrid = list(c(lambda_val)),  :
│   Warning! Only 1 element in path with support size > maxSuppSize. 
│  Try increasing maxSuppSize to resolve the issue.
└ @ RCall ~/.julia/packages/RCall/JIY9I/src/io.jl:171
┌ Warning: RCall.jl: Warning in L0Learn.fit(X_train, y_train, penalty = "L0", lambdaGrid = list(c(lambda_val)),  :
│   Warning! Only 1 element in path with support size > maxSuppSize. 
│  Try increasing maxSuppSize to resolve the issue.
└ @ RCall ~/.julia/packages/RCall/JIY9I/src/io.jl:171
┌ Warning: RCall.jl: Warning in L0Learn.fit(X_train, y_train, penalty = "L0", lambdaGrid = list(c(lambda_val)),  :
│   Warning! Only 1 element in path with support size > maxSuppSize. 
│  Try increasing maxSuppSize to resolve the issue.
└ @ RCall ~/.julia/packages/RCall/JIY9I/src/io.jl:171
┌ Warning: RCall.jl: Warning in L0Learn.fit(X_train, y_train, penalty = "L0", lambdaGrid = list(c(lambda_val)),  :
│   Warning! Only 1 element in path with support size > maxSuppSize. 
│  Try increasing maxSuppSize to resolve the issue.
└ @ RCall ~/.julia/packages/RCall/JIY9I/src/io.jl:171
┌ Warning: RCall.jl: Warning in L0Learn.fit(X_train, y_train, penalty = "L0", lambdaGrid = list(c(lambda_val)),  :
│   Warning! Only 1 element in path with support size > maxSuppSize. 
│  Try increasing maxSuppSize to resolve the issue.
└ @ RCall ~/.julia/packages/RCall/JIY9I/src/io.jl:171
┌ Warning: RCall.jl: Warning in L0Learn.fit(X_train, y_train, penalty = "L0", lambdaGrid = list(c(lambda_val)),  :
│   Warning! Only 1 element in path with support size > maxSuppSize. 
│  Try increasing maxSuppSize to resolve the issue.
└ @ RCall ~/.julia/packages/RCall/JIY9I/src/io.jl:171
┌ Warning: RCall.jl: Warning in L0Learn.fit(X_train, y_train, penalty = "L0", lambdaGrid = list(c(lambda_val)),  :
│   Warning! Only 1 element in path with support size > maxSuppSize. 
│  Try increasing maxSuppSize to resolve the issue.
└ @ RCall ~/.julia/packages/RCall/JIY9I/src/io.jl:171
┌ Warning: RCall.jl: Warning in L0Learn.fit(X_train, y_train, penalty = "L0", lambdaGrid = list(c(lambda_val)),  :
│   Warning! Only 1 element in path with support size > maxSuppSize. 
│  Try increasing maxSuppSize to resolve the issue.
└ @ RCall ~/.julia/packages/RCall/JIY9I/src/io.jl:171
┌ Warning: RCall.jl: Warning in L0Learn.fit(X_train, y_train, penalty = "L0", lambdaGrid = list(c(lambda_val)),  :
│   Warning! Only 1 element in path with support size > maxSuppSize. 
│  Try increasing maxSuppSize to resolve the issue.
└ @ RCall ~/.julia/packages/RCall/JIY9I/src/io.jl:171
┌ Warning: RCall.jl: Warning in L0Learn.fit(X_train, y_train, penalty = "L0", lambdaGrid = list(c(lambda_val)),  :
│   Warning! Only 1 element in path with support size > maxSuppSize. 
│  Try increasing maxSuppSize to resolve the issue.
└ @ RCall ~/.julia/packages/RCall/JIY9I/src/io.jl:171
┌ Warning: RCall.jl: Warning in L0Learn.fit(X_train, y_train, penalty = "L0", lambdaGrid = list(c(lambda_val)),  :
│   Warning! Only 1 element in path with support size > maxSuppSize. 
│  Try increasing maxSuppSize to resolve the issue.
└ @ RCall ~/.julia/packages/RCall/JIY9I/src/io.jl:171
┌ Warning: RCall.jl: Warning in L0Learn.fit(X_train, y_train, penalty = "L0", lambdaGrid = list(c(lambda_val)),  :
│   Warning! Only 1 element in path with support size > maxSuppSize. 
│  Try increasing maxSuppSize to resolve the issue.
└ @ RCall ~/.julia/packages/RCall/JIY9I/src/io.jl:171
┌ Warning: RCall.jl: Warning in L0Learn.fit(X_train, y_train, penalty = "L0", lambdaGrid = list(c(lambda_val)),  :
│   Warning! Only 1 element in path with support size > maxSuppSize. 
│  Try increasing maxSuppSize to resolve the issue.
└ @ RCall ~/.julia/packages/RCall/JIY9I/src/io.jl:171
┌ Warning: RCall.jl: Warning in L0Learn.fit(X_train, y_train, penalty = "L0", lambdaGrid = list(c(lambda_val)),  :
│   Warning! Only 1 element in path with support size > maxSuppSize. 
│  Try increasing maxSuppSize to resolve the issue.
└ @ RCall ~/.julia/packages/RCall/JIY9I/src/io.jl:171
┌ Warning: RCall.jl: Warning in L0Learn.fit(X_train, y_train, penalty = "L0", lambdaGrid = list(c(lambda_val)),  :
│   Warning! Only 1 element in path with support size > maxSuppSize. 
│  Try increasing maxSuppSize to resolve the issue.
└ @ RCall ~/.julia/packages/RCall/JIY9I/src/io.jl:171
┌ Warning: RCall.jl: Warning in L0Learn.fit(X_train, y_train, penalty = "L0", lambdaGrid = list(c(lambda_val)),  :
│   Warning! Only 1 element in path with support size > maxSuppSize. 
│  Try increasing maxSuppSize to resolve the issue.
└ @ RCall ~/.julia/packages/RCall/JIY9I/src/io.jl:171
┌ Warning: RCall.jl: Warning in L0Learn.fit(X_train, y_train, penalty = "L0", lambdaGrid = list(c(lambda_val)),  :
│   Warning! Only 1 element in path with support size > maxSuppSize. 
│  Try increasing maxSuppSize to resolve the issue.
└ @ RCall ~/.julia/packages/RCall/JIY9I/src/io.jl:171
┌ Warning: RCall.jl: Warning in L0Learn.fit(X_train, y_train, penalty = "L0", lambdaGrid = list(c(lambda_val)),  :
│   Warning! Only 1 element in path with support size > maxSuppSize. 
│  Try increasing maxSuppSize to resolve the issue.
└ @ RCall ~/.julia/packages/RCall/JIY9I/src/io.jl:171
┌ Warning: RCall.jl: Warning in L0Learn.fit(X_train, y_train, penalty = "L0", lambdaGrid = list(c(lambda_val)),  :
│   Warning! Only 1 element in path with support size > maxSuppSize. 
│  Try increasing maxSuppSize to resolve the issue.
└ @ RCall ~/.julia/packages/RCall/JIY9I/src/io.jl:171
┌ Warning: RCall.jl: Warning in L0Learn.fit(X_train, y_train, penalty = "L0", lambdaGrid = list(c(lambda_val)),  :
│   Warning! Only 1 element in path with support size > maxSuppSize. 
│  Try increasing maxSuppSize to resolve the issue.
└ @ RCall ~/.julia/packages/RCall/JIY9I/src/io.jl:171
┌ Warning: RCall.jl: Warning in L0Learn.fit(X_train, y_train, penalty = "L0", lambdaGrid = list(c(lambda_val)),  :
│   Warning! Only 1 element in path with support size > maxSuppSize. 
│  Try increasing maxSuppSize to resolve the issue.
└ @ RCall ~/.julia/packages/RCall/JIY9I/src/io.jl:171
┌ Warning: RCall.jl: Warning in L0Learn.fit(X_train, y_train, penalty = "L0", lambdaGrid = list(c(lambda_val)),  :
│   Warning! Only 1 element in path with support size > maxSuppSize. 
│  Try increasing maxSuppSize to resolve the issue.
└ @ RCall ~/.julia/packages/RCall/JIY9I/src/io.jl:171
┌ Warning: RCall.jl: Warning in L0Learn.fit(X_train, y_train, penalty = "L0", lambdaGrid = list(c(lambda_val)),  :
│   Warning! Only 1 element in path with support size > maxSuppSize. 
│  Try increasing maxSuppSize to resolve the issue.
└ @ RCall ~/.julia/packages/RCall/JIY9I/src/io.jl:171
┌ Warning: RCall.jl: Warning in L0Learn.fit(X_train, y_train, penalty = "L0", lambdaGrid = list(c(lambda_val)),  :
│   Warning! Only 1 element in path with support size > maxSuppSize. 
│  Try increasing maxSuppSize to resolve the issue.
└ @ RCall ~/.julia/packages/RCall/JIY9I/src/io.jl:171
[ Info: Trial 2/10 completed
┌ Warning: RCall.jl: Warning in L0Learn.fit(X_train, y_train, penalty = "L0", lambdaGrid = list(c(lambda_val)),  :
│   Warning! Only 1 element in path with support size > maxSuppSize. 
│  Try increasing maxSuppSize to resolve the issue.
└ @ RCall ~/.julia/packages/RCall/JIY9I/src/io.jl:171
┌ Warning: RCall.jl: Warning in L0Learn.fit(X_train, y_train, penalty = "L0", lambdaGrid = list(c(lambda_val)),  :
│   Warning! Only 1 element in path with support size > maxSuppSize. 
│  Try increasing maxSuppSize to resolve the issue.
└ @ RCall ~/.julia/packages/RCall/JIY9I/src/io.jl:171
┌ Warning: RCall.jl: Warning in L0Learn.fit(X_train, y_train, penalty = "L0", lambdaGrid = list(c(lambda_val)),  :
│   Warning! Only 1 element in path with support size > maxSuppSize. 
│  Try increasing maxSuppSize to resolve the issue.
└ @ RCall ~/.julia/packages/RCall/JIY9I/src/io.jl:171
┌ Warning: RCall.jl: Warning in L0Learn.fit(X_train, y_train, penalty = "L0", lambdaGrid = list(c(lambda_val)),  :
│   Warning! Only 1 element in path with support size > maxSuppSize. 
│  Try increasing maxSuppSize to resolve the issue.
└ @ RCall ~/.julia/packages/RCall/JIY9I/src/io.jl:171
┌ Warning: RCall.jl: Warning in L0Learn.fit(X_train, y_train, penalty = "L0", lambdaGrid = list(c(lambda_val)),  :
│   Warning! Only 1 element in path with support size > maxSuppSize. 
│  Try increasing maxSuppSize to resolve the issue.
└ @ RCall ~/.julia/packages/RCall/JIY9I/src/io.jl:171
┌ Warning: RCall.jl: Warning in L0Learn.fit(X_train, y_train, penalty = "L0", lambdaGrid = list(c(lambda_val)),  :
│   Warning! Only 1 element in path with support size > maxSuppSize. 
│  Try increasing maxSuppSize to resolve the issue.
└ @ RCall ~/.julia/packages/RCall/JIY9I/src/io.jl:171
┌ Warning: RCall.jl: Warning in L0Learn.fit(X_train, y_train, penalty = "L0", lambdaGrid = list(c(lambda_val)),  :
│   Warning! Only 1 element in path with support size > maxSuppSize. 
│  Try increasing maxSuppSize to resolve the issue.
└ @ RCall ~/.julia/packages/RCall/JIY9I/src/io.jl:171
┌ Warning: RCall.jl: Warning in L0Learn.fit(X_train, y_train, penalty = "L0", lambdaGrid = list(c(lambda_val)),  :
│   Warning! Only 1 element in path with support size > maxSuppSize. 
│  Try increasing maxSuppSize to resolve the issue.
└ @ RCall ~/.julia/packages/RCall/JIY9I/src/io.jl:171
┌ Warning: RCall.jl: Warning in L0Learn.fit(X_train, y_train, penalty = "L0", lambdaGrid = list(c(lambda_val)),  :
│   Warning! Only 1 element in path with support size > maxSuppSize. 
│  Try increasing maxSuppSize to resolve the issue.
└ @ RCall ~/.julia/packages/RCall/JIY9I/src/io.jl:171
┌ Warning: RCall.jl: Warning in L0Learn.fit(X_train, y_train, penalty = "L0", lambdaGrid = list(c(lambda_val)),  :
│   Warning! Only 1 element in path with support size > maxSuppSize. 
│  Try increasing maxSuppSize to resolve the issue.
└ @ RCall ~/.julia/packages/RCall/JIY9I/src/io.jl:171
┌ Warning: RCall.jl: Warning in L0Learn.fit(X_train, y_train, penalty = "L0", lambdaGrid = list(c(lambda_val)),  :
│   Warning! Only 1 element in path with support size > maxSuppSize. 
│  Try increasing maxSuppSize to resolve the issue.
└ @ RCall ~/.julia/packages/RCall/JIY9I/src/io.jl:171
┌ Warning: RCall.jl: Warning in L0Learn.fit(X_train, y_train, penalty = "L0", lambdaGrid = list(c(lambda_val)),  :
│   Warning! Only 1 element in path with support size > maxSuppSize. 
│  Try increasing maxSuppSize to resolve the issue.
└ @ RCall ~/.julia/packages/RCall/JIY9I/src/io.jl:171
┌ Warning: RCall.jl: Warning in L0Learn.fit(X_train, y_train, penalty = "L0", lambdaGrid = list(c(lambda_val)),  :
│   Warning! Only 1 element in path with support size > maxSuppSize. 
│  Try increasing maxSuppSize to resolve the issue.
└ @ RCall ~/.julia/packages/RCall/JIY9I/src/io.jl:171
┌ Warning: RCall.jl: Warning in L0Learn.fit(X_train, y_train, penalty = "L0", lambdaGrid = list(c(lambda_val)),  :
│   Warning! Only 1 element in path with support size > maxSuppSize. 
│  Try increasing maxSuppSize to resolve the issue.
└ @ RCall ~/.julia/packages/RCall/JIY9I/src/io.jl:171
┌ Warning: RCall.jl: Warning in L0Learn.fit(X_train, y_train, penalty = "L0", lambdaGrid = list(c(lambda_val)),  :
│   Warning! Only 1 element in path with support size > maxSuppSize. 
│  Try increasing maxSuppSize to resolve the issue.
└ @ RCall ~/.julia/packages/RCall/JIY9I/src/io.jl:171
┌ Warning: RCall.jl: Warning in L0Learn.fit(X_train, y_train, penalty = "L0", lambdaGrid = list(c(lambda_val)),  :
│   Warning! Only 1 element in path with support size > maxSuppSize. 
│  Try increasing maxSuppSize to resolve the issue.
└ @ RCall ~/.julia/packages/RCall/JIY9I/src/io.jl:171
┌ Warning: RCall.jl: Warning in L0Learn.fit(X_train, y_train, penalty = "L0", lambdaGrid = list(c(lambda_val)),  :
│   Warning! Only 1 element in path with support size > maxSuppSize. 
│  Try increasing maxSuppSize to resolve the issue.
└ @ RCall ~/.julia/packages/RCall/JIY9I/src/io.jl:171
┌ Warning: RCall.jl: Warning in L0Learn.fit(X_train, y_train, penalty = "L0", lambdaGrid = list(c(lambda_val)),  :
│   Warning! Only 1 element in path with support size > maxSuppSize. 
│  Try increasing maxSuppSize to resolve the issue.
└ @ RCall ~/.julia/packages/RCall/JIY9I/src/io.jl:171
┌ Warning: RCall.jl: Warning in L0Learn.fit(X_train, y_train, penalty = "L0", lambdaGrid = list(c(lambda_val)),  :
│   Warning! Only 1 element in path with support size > maxSuppSize. 
│  Try increasing maxSuppSize to resolve the issue.
└ @ RCall ~/.julia/packages/RCall/JIY9I/src/io.jl:171
┌ Warning: RCall.jl: Warning in L0Learn.fit(X_train, y_train, penalty = "L0", lambdaGrid = list(c(lambda_val)),  :
│   Warning! Only 1 element in path with support size > maxSuppSize. 
│  Try increasing maxSuppSize to resolve the issue.
└ @ RCall ~/.julia/packages/RCall/JIY9I/src/io.jl:171
┌ Warning: RCall.jl: Warning in L0Learn.fit(X_train, y_train, penalty = "L0", lambdaGrid = list(c(lambda_val)),  :
│   Warning! Only 1 element in path with support size > maxSuppSize. 
│  Try increasing maxSuppSize to resolve the issue.
└ @ RCall ~/.julia/packages/RCall/JIY9I/src/io.jl:171
┌ Warning: RCall.jl: Warning in L0Learn.fit(X_train, y_train, penalty = "L0", lambdaGrid = list(c(lambda_val)),  :
│   Warning! Only 1 element in path with support size > maxSuppSize. 
│  Try increasing maxSuppSize to resolve the issue.
└ @ RCall ~/.julia/packages/RCall/JIY9I/src/io.jl:171
┌ Warning: RCall.jl: Warning in L0Learn.fit(X_train, y_train, penalty = "L0", lambdaGrid = list(c(lambda_val)),  :
│   Warning! Only 1 element in path with support size > maxSuppSize. 
│  Try increasing maxSuppSize to resolve the issue.
└ @ RCall ~/.julia/packages/RCall/JIY9I/src/io.jl:171
┌ Warning: RCall.jl: Warning in L0Learn.fit(X_train, y_train, penalty = "L0", lambdaGrid = list(c(lambda_val)),  :
│   Warning! Only 1 element in path with support size > maxSuppSize. 
│  Try increasing maxSuppSize to resolve the issue.
└ @ RCall ~/.julia/packages/RCall/JIY9I/src/io.jl:171
┌ Warning: RCall.jl: Warning in L0Learn.fit(X_train, y_train, penalty = "L0", lambdaGrid = list(c(lambda_val)),  :
│   Warning! Only 1 element in path with support size > maxSuppSize. 
│  Try increasing maxSuppSize to resolve the issue.
└ @ RCall ~/.julia/packages/RCall/JIY9I/src/io.jl:171
┌ Warning: RCall.jl: Warning in L0Learn.fit(X_train, y_train, penalty = "L0", lambdaGrid = list(c(lambda_val)),  :
│   Warning! Only 1 element in path with support size > maxSuppSize. 
│  Try increasing maxSuppSize to resolve the issue.
└ @ RCall ~/.julia/packages/RCall/JIY9I/src/io.jl:171
┌ Warning: RCall.jl: Warning in L0Learn.fit(X_train, y_train, penalty = "L0", lambdaGrid = list(c(lambda_val)),  :
│   Warning! Only 1 element in path with support size > maxSuppSize. 
│  Try increasing maxSuppSize to resolve the issue.
└ @ RCall ~/.julia/packages/RCall/JIY9I/src/io.jl:171
┌ Warning: RCall.jl: Warning in L0Learn.fit(X_train, y_train, penalty = "L0", lambdaGrid = list(c(lambda_val)),  :
│   Warning! Only 1 element in path with support size > maxSuppSize. 
│  Try increasing maxSuppSize to resolve the issue.
└ @ RCall ~/.julia/packages/RCall/JIY9I/src/io.jl:171
┌ Warning: RCall.jl: Warning in L0Learn.fit(X_train, y_train, penalty = "L0", lambdaGrid = list(c(lambda_val)),  :
│   Warning! Only 1 element in path with support size > maxSuppSize. 
│  Try increasing maxSuppSize to resolve the issue.
└ @ RCall ~/.julia/packages/RCall/JIY9I/src/io.jl:171
┌ Warning: RCall.jl: Warning in L0Learn.fit(X_train, y_train, penalty = "L0", lambdaGrid = list(c(lambda_val)),  :
│   Warning! Only 1 element in path with support size > maxSuppSize. 
│  Try increasing maxSuppSize to resolve the issue.
└ @ RCall ~/.julia/packages/RCall/JIY9I/src/io.jl:171
┌ Warning: RCall.jl: Warning in L0Learn.fit(X_train, y_train, penalty = "L0", lambdaGrid = list(c(lambda_val)),  :
│   Warning! Only 1 element in path with support size > maxSuppSize. 
│  Try increasing maxSuppSize to resolve the issue.
└ @ RCall ~/.julia/packages/RCall/JIY9I/src/io.jl:171
┌ Warning: RCall.jl: Warning in L0Learn.fit(X_train, y_train, penalty = "L0", lambdaGrid = list(c(lambda_val)),  :
│   Warning! Only 1 element in path with support size > maxSuppSize. 
│  Try increasing maxSuppSize to resolve the issue.
└ @ RCall ~/.julia/packages/RCall/JIY9I/src/io.jl:171
┌ Warning: RCall.jl: Warning in L0Learn.fit(X_train, y_train, penalty = "L0", lambdaGrid = list(c(lambda_val)),  :
│   Warning! Only 1 element in path with support size > maxSuppSize. 
│  Try increasing maxSuppSize to resolve the issue.
└ @ RCall ~/.julia/packages/RCall/JIY9I/src/io.jl:171
┌ Warning: RCall.jl: Warning in L0Learn.fit(X_train, y_train, penalty = "L0", lambdaGrid = list(c(lambda_val)),  :
│   Warning! Only 1 element in path with support size > maxSuppSize. 
│  Try increasing maxSuppSize to resolve the issue.
└ @ RCall ~/.julia/packages/RCall/JIY9I/src/io.jl:171
"CDSS" = "CDSS"
SUP = 100.0
Pred = 0.1018527595092889
Sim = 1.0
Infv = 0.3126057965967186
round(elapsed, digits = 2) = 25.07
"CDSS (β-only)" = "CDSS (β-only)"
SUP = 100.0
Pred = 0.1018527595092889
Sim = 1.0
Infv = 0.3126057965967186
round(elapsed, digits = 2) = 24.43
refinement_change = 1.2941214928800032e-5
"SPGpCDSS" = "SPGpCDSS"
SUP = 100.0
Pred = 0.10185274525877336
Sim = 1.0
Infv = 0.3126050224222041
round(elapsed, digits = 2) = 4.62
spgpcdss_chose_beta = true
"L0Learn" = "L0Learn"
supp_l0 = 50
predval_l0 = 0.40796457468829994
sim_l0 = 0.5
inf_l0 = 1.0
round(elapsed, digits = 2) = 0.1
"L0Learn+PSI1" = "L0Learn+PSI1"
SUP = 100.0
Pred = 0.10185279368950428
Sim = 1.0
Infv = 0.31261945838055394
round(elapsed, digits = 2) = 35.59
"CDSS" = "CDSS"
SUP = 100.0
Pred = 0.10145017560549106
Sim = 1.0
Infv = 0.2301340273579836
round(elapsed, digits = 2) = 34.26
"CDSS (β-only)" = "CDSS (β-only)"
SUP = 100.0
Pred = 0.10145115383244911
Sim = 1.0
Infv = 0.23002932294960932
round(elapsed, digits = 2) = 27.41
refinement_change = 2.3666091832242792e-5
"SPGpCDSS" = "SPGpCDSS"
SUP = 100.0
Pred = 0.10145013291590874
Sim = 1.0
Infv = 0.23006810665720734
round(elapsed, digits = 2) = 6.81
spgpcdss_chose_beta = false
"L0Learn" = "L0Learn"
supp_l0 = 50
predval_l0 = 0.4477824128560124
sim_l0 = 0.47
inf_l0 = 1.2492812875753518
round(elapsed, digits = 2) = 0.22
"L0Learn+PSI1" = "L0Learn+PSI1"
SUP = 100.0
Pred = 0.10144948450927915
Sim = 1.0
Infv = 0.22996324375388855
round(elapsed, digits = 2) = 34.37
"CDSS" = "CDSS"
SUP = 100.0
Pred = 0.10114713969289008
Sim = 1.0
Infv = 0.299880094176855
round(elapsed, digits = 2) = 32.26
"CDSS (β-only)" = "CDSS (β-only)"
SUP = 100.0
Pred = 0.10114713969289008
Sim = 1.0
Infv = 0.299880094176855
round(elapsed, digits = 2) = 33.93
refinement_change = 2.288563478779701e-5
"SPGpCDSS" = "SPGpCDSS"
SUP = 100.0
Pred = 0.10114690928121504
Sim = 1.0
Infv = 0.2998549445534451
round(elapsed, digits = 2) = 5.23
spgpcdss_chose_beta = true
"L0Learn" = "L0Learn"
supp_l0 = 50
predval_l0 = 0.42501107346508726
sim_l0 = 0.5
inf_l0 = 1.0
round(elapsed, digits = 2) = 0.11
"L0Learn+PSI1" = "L0Learn+PSI1"
SUP = 100.0
Pred = 0.10114592358877292
Sim = 1.0
Infv = 0.29986797876509574
round(elapsed, digits = 2) = 34.51
"CDSS" = "CDSS"
SUP = 100.0
Pred = 0.11173029559133288
Sim = 1.0
Infv = 0.24230786685351413
round(elapsed, digits = 2) = 29.95
"CDSS (β-only)" = "CDSS (β-only)"
SUP = 100.0
Pred = 0.11173029559133288
Sim = 1.0
Infv = 0.24230786685351413
round(elapsed, digits = 2) = 32.97
refinement_change = 1.543232798973053e-5
"SPGpCDSS" = "SPGpCDSS"
SUP = 100.0
Pred = 0.11173033145513106
Sim = 1.0
Infv = 0.24230079533734772
round(elapsed, digits = 2) = 1.07
spgpcdss_chose_beta = true
"L0Learn" = "L0Learn"
supp_l0 = 49
predval_l0 = 0.4534718864118039
sim_l0 = 0.48
inf_l0 = 1.314502123110039
round(elapsed, digits = 2) = 0.15
"L0Learn+PSI1" = "L0Learn+PSI1"
SUP = 100.0
Pred = 0.11173009021775632
Sim = 1.0
Infv = 0.24231375242069264
round(elapsed, digits = 2) = 33.27
┌ Warning: RCall.jl: Warning in L0Learn.fit(X_train, y_train, penalty = "L0", lambdaGrid = list(c(lambda_val)),  :
│   Warning! Only 1 element in path with support size > maxSuppSize. 
│  Try increasing maxSuppSize to resolve the issue.
└ @ RCall ~/.julia/packages/RCall/JIY9I/src/io.jl:171
[ Info: Trial 3/10 completed
┌ Warning: RCall.jl: Warning in L0Learn.fit(X_train, y_train, penalty = "L0", lambdaGrid = list(c(lambda_val)),  :
│   Warning! Only 1 element in path with support size > maxSuppSize. 
│  Try increasing maxSuppSize to resolve the issue.
└ @ RCall ~/.julia/packages/RCall/JIY9I/src/io.jl:171
┌ Warning: RCall.jl: Warning in L0Learn.fit(X_train, y_train, penalty = "L0", lambdaGrid = list(c(lambda_val)),  :
│   Warning! Only 1 element in path with support size > maxSuppSize. 
│  Try increasing maxSuppSize to resolve the issue.
└ @ RCall ~/.julia/packages/RCall/JIY9I/src/io.jl:171
┌ Warning: RCall.jl: Warning in L0Learn.fit(X_train, y_train, penalty = "L0", lambdaGrid = list(c(lambda_val)),  :
│   Warning! Only 1 element in path with support size > maxSuppSize. 
│  Try increasing maxSuppSize to resolve the issue.
└ @ RCall ~/.julia/packages/RCall/JIY9I/src/io.jl:171
┌ Warning: RCall.jl: Warning in L0Learn.fit(X_train, y_train, penalty = "L0", lambdaGrid = list(c(lambda_val)),  :
│   Warning! Only 1 element in path with support size > maxSuppSize. 
│  Try increasing maxSuppSize to resolve the issue.
└ @ RCall ~/.julia/packages/RCall/JIY9I/src/io.jl:171
┌ Warning: RCall.jl: Warning in L0Learn.fit(X_train, y_train, penalty = "L0", lambdaGrid = list(c(lambda_val)),  :
│   Warning! Only 1 element in path with support size > maxSuppSize. 
│  Try increasing maxSuppSize to resolve the issue.
└ @ RCall ~/.julia/packages/RCall/JIY9I/src/io.jl:171
┌ Warning: RCall.jl: Warning in L0Learn.fit(X_train, y_train, penalty = "L0", lambdaGrid = list(c(lambda_val)),  :
│   Warning! Only 1 element in path with support size > maxSuppSize. 
│  Try increasing maxSuppSize to resolve the issue.
└ @ RCall ~/.julia/packages/RCall/JIY9I/src/io.jl:171
┌ Warning: RCall.jl: Warning in L0Learn.fit(X_train, y_train, penalty = "L0", lambdaGrid = list(c(lambda_val)),  :
│   Warning! Only 1 element in path with support size > maxSuppSize. 
│  Try increasing maxSuppSize to resolve the issue.
└ @ RCall ~/.julia/packages/RCall/JIY9I/src/io.jl:171
┌ Warning: RCall.jl: Warning in L0Learn.fit(X_train, y_train, penalty = "L0", lambdaGrid = list(c(lambda_val)),  :
│   Warning! Only 1 element in path with support size > maxSuppSize. 
│  Try increasing maxSuppSize to resolve the issue.
└ @ RCall ~/.julia/packages/RCall/JIY9I/src/io.jl:171
┌ Warning: RCall.jl: Warning in L0Learn.fit(X_train, y_train, penalty = "L0", lambdaGrid = list(c(lambda_val)),  :
│   Warning! Only 1 element in path with support size > maxSuppSize. 
│  Try increasing maxSuppSize to resolve the issue.
└ @ RCall ~/.julia/packages/RCall/JIY9I/src/io.jl:171
┌ Warning: RCall.jl: Warning in L0Learn.fit(X_train, y_train, penalty = "L0", lambdaGrid = list(c(lambda_val)),  :
│   Warning! Only 1 element in path with support size > maxSuppSize. 
│  Try increasing maxSuppSize to resolve the issue.
└ @ RCall ~/.julia/packages/RCall/JIY9I/src/io.jl:171
┌ Warning: RCall.jl: Warning in L0Learn.fit(X_train, y_train, penalty = "L0", lambdaGrid = list(c(lambda_val)),  :
│   Warning! Only 1 element in path with support size > maxSuppSize. 
│  Try increasing maxSuppSize to resolve the issue.
└ @ RCall ~/.julia/packages/RCall/JIY9I/src/io.jl:171
┌ Warning: RCall.jl: Warning in L0Learn.fit(X_train, y_train, penalty = "L0", lambdaGrid = list(c(lambda_val)),  :
│   Warning! Only 1 element in path with support size > maxSuppSize. 
│  Try increasing maxSuppSize to resolve the issue.
└ @ RCall ~/.julia/packages/RCall/JIY9I/src/io.jl:171
┌ Warning: RCall.jl: Warning in L0Learn.fit(X_train, y_train, penalty = "L0", lambdaGrid = list(c(lambda_val)),  :
│   Warning! Only 1 element in path with support size > maxSuppSize. 
│  Try increasing maxSuppSize to resolve the issue.
└ @ RCall ~/.julia/packages/RCall/JIY9I/src/io.jl:171
┌ Warning: RCall.jl: Warning in L0Learn.fit(X_train, y_train, penalty = "L0", lambdaGrid = list(c(lambda_val)),  :
│   Warning! Only 1 element in path with support size > maxSuppSize. 
│  Try increasing maxSuppSize to resolve the issue.
└ @ RCall ~/.julia/packages/RCall/JIY9I/src/io.jl:171
┌ Warning: RCall.jl: Warning in L0Learn.fit(X_train, y_train, penalty = "L0", lambdaGrid = list(c(lambda_val)),  :
│   Warning! Only 1 element in path with support size > maxSuppSize. 
│  Try increasing maxSuppSize to resolve the issue.
└ @ RCall ~/.julia/packages/RCall/JIY9I/src/io.jl:171
┌ Warning: RCall.jl: Warning in L0Learn.fit(X_train, y_train, penalty = "L0", lambdaGrid = list(c(lambda_val)),  :
│   Warning! Only 1 element in path with support size > maxSuppSize. 
│  Try increasing maxSuppSize to resolve the issue.
└ @ RCall ~/.julia/packages/RCall/JIY9I/src/io.jl:171
┌ Warning: RCall.jl: Warning in L0Learn.fit(X_train, y_train, penalty = "L0", lambdaGrid = list(c(lambda_val)),  :
│   Warning! Only 1 element in path with support size > maxSuppSize. 
│  Try increasing maxSuppSize to resolve the issue.
└ @ RCall ~/.julia/packages/RCall/JIY9I/src/io.jl:171
┌ Warning: RCall.jl: Warning in L0Learn.fit(X_train, y_train, penalty = "L0", lambdaGrid = list(c(lambda_val)),  :
│   Warning! Only 1 element in path with support size > maxSuppSize. 
│  Try increasing maxSuppSize to resolve the issue.
└ @ RCall ~/.julia/packages/RCall/JIY9I/src/io.jl:171
┌ Warning: RCall.jl: Warning in L0Learn.fit(X_train, y_train, penalty = "L0", lambdaGrid = list(c(lambda_val)),  :
│   Warning! Only 1 element in path with support size > maxSuppSize. 
│  Try increasing maxSuppSize to resolve the issue.
└ @ RCall ~/.julia/packages/RCall/JIY9I/src/io.jl:171
┌ Warning: RCall.jl: Warning in L0Learn.fit(X_train, y_train, penalty = "L0", lambdaGrid = list(c(lambda_val)),  :
│   Warning! Only 1 element in path with support size > maxSuppSize. 
│  Try increasing maxSuppSize to resolve the issue.
└ @ RCall ~/.julia/packages/RCall/JIY9I/src/io.jl:171
┌ Warning: RCall.jl: Warning in L0Learn.fit(X_train, y_train, penalty = "L0", lambdaGrid = list(c(lambda_val)),  :
│   Warning! Only 1 element in path with support size > maxSuppSize. 
│  Try increasing maxSuppSize to resolve the issue.
└ @ RCall ~/.julia/packages/RCall/JIY9I/src/io.jl:171
┌ Warning: RCall.jl: Warning in L0Learn.fit(X_train, y_train, penalty = "L0", lambdaGrid = list(c(lambda_val)),  :
│   Warning! Only 1 element in path with support size > maxSuppSize. 
│  Try increasing maxSuppSize to resolve the issue.
└ @ RCall ~/.julia/packages/RCall/JIY9I/src/io.jl:171
┌ Warning: RCall.jl: Warning in L0Learn.fit(X_train, y_train, penalty = "L0", lambdaGrid = list(c(lambda_val)),  :
│   Warning! Only 1 element in path with support size > maxSuppSize. 
│  Try increasing maxSuppSize to resolve the issue.
└ @ RCall ~/.julia/packages/RCall/JIY9I/src/io.jl:171
┌ Warning: RCall.jl: Warning in L0Learn.fit(X_train, y_train, penalty = "L0", lambdaGrid = list(c(lambda_val)),  :
│   Warning! Only 1 element in path with support size > maxSuppSize. 
│  Try increasing maxSuppSize to resolve the issue.
└ @ RCall ~/.julia/packages/RCall/JIY9I/src/io.jl:171
┌ Warning: RCall.jl: Warning in L0Learn.fit(X_train, y_train, penalty = "L0", lambdaGrid = list(c(lambda_val)),  :
│   Warning! Only 1 element in path with support size > maxSuppSize. 
│  Try increasing maxSuppSize to resolve the issue.
└ @ RCall ~/.julia/packages/RCall/JIY9I/src/io.jl:171
┌ Warning: RCall.jl: Warning in L0Learn.fit(X_train, y_train, penalty = "L0", lambdaGrid = list(c(lambda_val)),  :
│   Warning! Only 1 element in path with support size > maxSuppSize. 
│  Try increasing maxSuppSize to resolve the issue.
└ @ RCall ~/.julia/packages/RCall/JIY9I/src/io.jl:171
┌ Warning: RCall.jl: Warning in L0Learn.fit(X_train, y_train, penalty = "L0", lambdaGrid = list(c(lambda_val)),  :
│   Warning! Only 1 element in path with support size > maxSuppSize. 
│  Try increasing maxSuppSize to resolve the issue.
└ @ RCall ~/.julia/packages/RCall/JIY9I/src/io.jl:171
┌ Warning: RCall.jl: Warning in L0Learn.fit(X_train, y_train, penalty = "L0", lambdaGrid = list(c(lambda_val)),  :
│   Warning! Only 1 element in path with support size > maxSuppSize. 
│  Try increasing maxSuppSize to resolve the issue.
└ @ RCall ~/.julia/packages/RCall/JIY9I/src/io.jl:171
┌ Warning: RCall.jl: Warning in L0Learn.fit(X_train, y_train, penalty = "L0", lambdaGrid = list(c(lambda_val)),  :
│   Warning! Only 1 element in path with support size > maxSuppSize. 
│  Try increasing maxSuppSize to resolve the issue.
└ @ RCall ~/.julia/packages/RCall/JIY9I/src/io.jl:171
┌ Warning: RCall.jl: Warning in L0Learn.fit(X_train, y_train, penalty = "L0", lambdaGrid = list(c(lambda_val)),  :
│   Warning! Only 1 element in path with support size > maxSuppSize. 
│  Try increasing maxSuppSize to resolve the issue.
└ @ RCall ~/.julia/packages/RCall/JIY9I/src/io.jl:171
┌ Warning: RCall.jl: Warning in L0Learn.fit(X_train, y_train, penalty = "L0", lambdaGrid = list(c(lambda_val)),  :
│   Warning! Only 1 element in path with support size > maxSuppSize. 
│  Try increasing maxSuppSize to resolve the issue.
└ @ RCall ~/.julia/packages/RCall/JIY9I/src/io.jl:171
┌ Warning: RCall.jl: Warning in L0Learn.fit(X_train, y_train, penalty = "L0", lambdaGrid = list(c(lambda_val)),  :
│   Warning! Only 1 element in path with support size > maxSuppSize. 
│  Try increasing maxSuppSize to resolve the issue.
└ @ RCall ~/.julia/packages/RCall/JIY9I/src/io.jl:171
┌ Warning: RCall.jl: Warning in L0Learn.fit(X_train, y_train, penalty = "L0", lambdaGrid = list(c(lambda_val)),  :
│   Warning! Only 1 element in path with support size > maxSuppSize. 
│  Try increasing maxSuppSize to resolve the issue.
└ @ RCall ~/.julia/packages/RCall/JIY9I/src/io.jl:171
┌ Warning: RCall.jl: Warning in L0Learn.fit(X_train, y_train, penalty = "L0", lambdaGrid = list(c(lambda_val)),  :
│   Warning! Only 1 element in path with support size > maxSuppSize. 
│  Try increasing maxSuppSize to resolve the issue.
└ @ RCall ~/.julia/packages/RCall/JIY9I/src/io.jl:171
┌ Warning: RCall.jl: Warning in L0Learn.fit(X_train, y_train, penalty = "L0", lambdaGrid = list(c(lambda_val)),  :
│   Warning! Only 1 element in path with support size > maxSuppSize. 
│  Try increasing maxSuppSize to resolve the issue.
└ @ RCall ~/.julia/packages/RCall/JIY9I/src/io.jl:171
┌ Warning: RCall.jl: Warning in L0Learn.fit(X_train, y_train, penalty = "L0", lambdaGrid = list(c(lambda_val)),  :
│   Warning! Only 1 element in path with support size > maxSuppSize. 
│  Try increasing maxSuppSize to resolve the issue.
└ @ RCall ~/.julia/packages/RCall/JIY9I/src/io.jl:171
[ Info: Trial 4/10 completed
┌ Warning: RCall.jl: Warning in L0Learn.fit(X_train, y_train, penalty = "L0", lambdaGrid = list(c(lambda_val)),  :
│   Warning! Only 1 element in path with support size > maxSuppSize. 
│  Try increasing maxSuppSize to resolve the issue.
└ @ RCall ~/.julia/packages/RCall/JIY9I/src/io.jl:171
┌ Warning: RCall.jl: Warning in L0Learn.fit(X_train, y_train, penalty = "L0", lambdaGrid = list(c(lambda_val)),  :
│   Warning! Only 1 element in path with support size > maxSuppSize. 
│  Try increasing maxSuppSize to resolve the issue.
└ @ RCall ~/.julia/packages/RCall/JIY9I/src/io.jl:171
┌ Warning: RCall.jl: Warning in L0Learn.fit(X_train, y_train, penalty = "L0", lambdaGrid = list(c(lambda_val)),  :
│   Warning! Only 1 element in path with support size > maxSuppSize. 
│  Try increasing maxSuppSize to resolve the issue.
└ @ RCall ~/.julia/packages/RCall/JIY9I/src/io.jl:171
┌ Warning: RCall.jl: Warning in L0Learn.fit(X_train, y_train, penalty = "L0", lambdaGrid = list(c(lambda_val)),  :
│   Warning! Only 1 element in path with support size > maxSuppSize. 
│  Try increasing maxSuppSize to resolve the issue.
└ @ RCall ~/.julia/packages/RCall/JIY9I/src/io.jl:171
┌ Warning: RCall.jl: Warning in L0Learn.fit(X_train, y_train, penalty = "L0", lambdaGrid = list(c(lambda_val)),  :
│   Warning! Only 1 element in path with support size > maxSuppSize. 
│  Try increasing maxSuppSize to resolve the issue.
└ @ RCall ~/.julia/packages/RCall/JIY9I/src/io.jl:171
┌ Warning: RCall.jl: Warning in L0Learn.fit(X_train, y_train, penalty = "L0", lambdaGrid = list(c(lambda_val)),  :
│   Warning! Only 1 element in path with support size > maxSuppSize. 
│  Try increasing maxSuppSize to resolve the issue.
└ @ RCall ~/.julia/packages/RCall/JIY9I/src/io.jl:171
┌ Warning: RCall.jl: Warning in L0Learn.fit(X_train, y_train, penalty = "L0", lambdaGrid = list(c(lambda_val)),  :
│   Warning! Only 1 element in path with support size > maxSuppSize. 
│  Try increasing maxSuppSize to resolve the issue.
└ @ RCall ~/.julia/packages/RCall/JIY9I/src/io.jl:171
┌ Warning: RCall.jl: Warning in L0Learn.fit(X_train, y_train, penalty = "L0", lambdaGrid = list(c(lambda_val)),  :
│   Warning! Only 1 element in path with support size > maxSuppSize. 
│  Try increasing maxSuppSize to resolve the issue.
└ @ RCall ~/.julia/packages/RCall/JIY9I/src/io.jl:171
┌ Warning: RCall.jl: Warning in L0Learn.fit(X_train, y_train, penalty = "L0", lambdaGrid = list(c(lambda_val)),  :
│   Warning! Only 1 element in path with support size > maxSuppSize. 
│  Try increasing maxSuppSize to resolve the issue.
└ @ RCall ~/.julia/packages/RCall/JIY9I/src/io.jl:171
┌ Warning: RCall.jl: Warning in L0Learn.fit(X_train, y_train, penalty = "L0", lambdaGrid = list(c(lambda_val)),  :
│   Warning! Only 1 element in path with support size > maxSuppSize. 
│  Try increasing maxSuppSize to resolve the issue.
└ @ RCall ~/.julia/packages/RCall/JIY9I/src/io.jl:171
┌ Warning: RCall.jl: Warning in L0Learn.fit(X_train, y_train, penalty = "L0", lambdaGrid = list(c(lambda_val)),  :
│   Warning! Only 1 element in path with support size > maxSuppSize. 
│  Try increasing maxSuppSize to resolve the issue.
└ @ RCall ~/.julia/packages/RCall/JIY9I/src/io.jl:171
┌ Warning: RCall.jl: Warning in L0Learn.fit(X_train, y_train, penalty = "L0", lambdaGrid = list(c(lambda_val)),  :
│   Warning! Only 1 element in path with support size > maxSuppSize. 
│  Try increasing maxSuppSize to resolve the issue.
└ @ RCall ~/.julia/packages/RCall/JIY9I/src/io.jl:171
┌ Warning: RCall.jl: Warning in L0Learn.fit(X_train, y_train, penalty = "L0", lambdaGrid = list(c(lambda_val)),  :
│   Warning! Only 1 element in path with support size > maxSuppSize. 
│  Try increasing maxSuppSize to resolve the issue.
└ @ RCall ~/.julia/packages/RCall/JIY9I/src/io.jl:171
┌ Warning: RCall.jl: Warning in L0Learn.fit(X_train, y_train, penalty = "L0", lambdaGrid = list(c(lambda_val)),  :
│   Warning! Only 1 element in path with support size > maxSuppSize. 
│  Try increasing maxSuppSize to resolve the issue.
└ @ RCall ~/.julia/packages/RCall/JIY9I/src/io.jl:171
┌ Warning: RCall.jl: Warning in L0Learn.fit(X_train, y_train, penalty = "L0", lambdaGrid = list(c(lambda_val)),  :
│   Warning! Only 1 element in path with support size > maxSuppSize. 
│  Try increasing maxSuppSize to resolve the issue.
└ @ RCall ~/.julia/packages/RCall/JIY9I/src/io.jl:171
┌ Warning: RCall.jl: Warning in L0Learn.fit(X_train, y_train, penalty = "L0", lambdaGrid = list(c(lambda_val)),  :
│   Warning! Only 1 element in path with support size > maxSuppSize. 
│  Try increasing maxSuppSize to resolve the issue.
└ @ RCall ~/.julia/packages/RCall/JIY9I/src/io.jl:171
┌ Warning: RCall.jl: Warning in L0Learn.fit(X_train, y_train, penalty = "L0", lambdaGrid = list(c(lambda_val)),  :
│   Warning! Only 1 element in path with support size > maxSuppSize. 
│  Try increasing maxSuppSize to resolve the issue.
└ @ RCall ~/.julia/packages/RCall/JIY9I/src/io.jl:171
┌ Warning: RCall.jl: Warning in L0Learn.fit(X_train, y_train, penalty = "L0", lambdaGrid = list(c(lambda_val)),  :
│   Warning! Only 1 element in path with support size > maxSuppSize. 
│  Try increasing maxSuppSize to resolve the issue.
└ @ RCall ~/.julia/packages/RCall/JIY9I/src/io.jl:171
┌ Warning: RCall.jl: Warning in L0Learn.fit(X_train, y_train, penalty = "L0", lambdaGrid = list(c(lambda_val)),  :
│   Warning! Only 1 element in path with support size > maxSuppSize. 
│  Try increasing maxSuppSize to resolve the issue.
└ @ RCall ~/.julia/packages/RCall/JIY9I/src/io.jl:171
┌ Warning: RCall.jl: Warning in L0Learn.fit(X_train, y_train, penalty = "L0", lambdaGrid = list(c(lambda_val)),  :
│   Warning! Only 1 element in path with support size > maxSuppSize. 
│  Try increasing maxSuppSize to resolve the issue.
└ @ RCall ~/.julia/packages/RCall/JIY9I/src/io.jl:171
┌ Warning: RCall.jl: Warning in L0Learn.fit(X_train, y_train, penalty = "L0", lambdaGrid = list(c(lambda_val)),  :
│   Warning! Only 1 element in path with support size > maxSuppSize. 
│  Try increasing maxSuppSize to resolve the issue.
└ @ RCall ~/.julia/packages/RCall/JIY9I/src/io.jl:171
┌ Warning: RCall.jl: Warning in L0Learn.fit(X_train, y_train, penalty = "L0", lambdaGrid = list(c(lambda_val)),  :
│   Warning! Only 1 element in path with support size > maxSuppSize. 
│  Try increasing maxSuppSize to resolve the issue.
└ @ RCall ~/.julia/packages/RCall/JIY9I/src/io.jl:171
┌ Warning: RCall.jl: Warning in L0Learn.fit(X_train, y_train, penalty = "L0", lambdaGrid = list(c(lambda_val)),  :
│   Warning! Only 1 element in path with support size > maxSuppSize. 
│  Try increasing maxSuppSize to resolve the issue.
└ @ RCall ~/.julia/packages/RCall/JIY9I/src/io.jl:171
┌ Warning: RCall.jl: Warning in L0Learn.fit(X_train, y_train, penalty = "L0", lambdaGrid = list(c(lambda_val)),  :
│   Warning! Only 1 element in path with support size > maxSuppSize. 
│  Try increasing maxSuppSize to resolve the issue.
└ @ RCall ~/.julia/packages/RCall/JIY9I/src/io.jl:171
┌ Warning: RCall.jl: Warning in L0Learn.fit(X_train, y_train, penalty = "L0", lambdaGrid = list(c(lambda_val)),  :
│   Warning! Only 1 element in path with support size > maxSuppSize. 
│  Try increasing maxSuppSize to resolve the issue.
└ @ RCall ~/.julia/packages/RCall/JIY9I/src/io.jl:171
┌ Warning: RCall.jl: Warning in L0Learn.fit(X_train, y_train, penalty = "L0", lambdaGrid = list(c(lambda_val)),  :
│   Warning! Only 1 element in path with support size > maxSuppSize. 
│  Try increasing maxSuppSize to resolve the issue.
└ @ RCall ~/.julia/packages/RCall/JIY9I/src/io.jl:171
┌ Warning: RCall.jl: Warning in L0Learn.fit(X_train, y_train, penalty = "L0", lambdaGrid = list(c(lambda_val)),  :
│   Warning! Only 1 element in path with support size > maxSuppSize. 
│  Try increasing maxSuppSize to resolve the issue.
└ @ RCall ~/.julia/packages/RCall/JIY9I/src/io.jl:171
┌ Warning: RCall.jl: Warning in L0Learn.fit(X_train, y_train, penalty = "L0", lambdaGrid = list(c(lambda_val)),  :
│   Warning! Only 1 element in path with support size > maxSuppSize. 
│  Try increasing maxSuppSize to resolve the issue.
└ @ RCall ~/.julia/packages/RCall/JIY9I/src/io.jl:171
┌ Warning: RCall.jl: Warning in L0Learn.fit(X_train, y_train, penalty = "L0", lambdaGrid = list(c(lambda_val)),  :
│   Warning! Only 1 element in path with support size > maxSuppSize. 
│  Try increasing maxSuppSize to resolve the issue.
└ @ RCall ~/.julia/packages/RCall/JIY9I/src/io.jl:171
┌ Warning: RCall.jl: Warning in L0Learn.fit(X_train, y_train, penalty = "L0", lambdaGrid = list(c(lambda_val)),  :
│   Warning! Only 1 element in path with support size > maxSuppSize. 
│  Try increasing maxSuppSize to resolve the issue.
└ @ RCall ~/.julia/packages/RCall/JIY9I/src/io.jl:171
┌ Warning: RCall.jl: Warning in L0Learn.fit(X_train, y_train, penalty = "L0", lambdaGrid = list(c(lambda_val)),  :
│   Warning! Only 1 element in path with support size > maxSuppSize. 
│  Try increasing maxSuppSize to resolve the issue.
└ @ RCall ~/.julia/packages/RCall/JIY9I/src/io.jl:171
┌ Warning: RCall.jl: Warning in L0Learn.fit(X_train, y_train, penalty = "L0", lambdaGrid = list(c(lambda_val)),  :
│   Warning! Only 1 element in path with support size > maxSuppSize. 
│  Try increasing maxSuppSize to resolve the issue.
└ @ RCall ~/.julia/packages/RCall/JIY9I/src/io.jl:171
┌ Warning: RCall.jl: Warning in L0Learn.fit(X_train, y_train, penalty = "L0", lambdaGrid = list(c(lambda_val)),  :
│   Warning! Only 1 element in path with support size > maxSuppSize. 
│  Try increasing maxSuppSize to resolve the issue.
└ @ RCall ~/.julia/packages/RCall/JIY9I/src/io.jl:171
┌ Warning: RCall.jl: Warning in L0Learn.fit(X_train, y_train, penalty = "L0", lambdaGrid = list(c(lambda_val)),  :
│   Warning! Only 1 element in path with support size > maxSuppSize. 
│  Try increasing maxSuppSize to resolve the issue.
└ @ RCall ~/.julia/packages/RCall/JIY9I/src/io.jl:171
[ Info: Trial 5/10 completed
┌ Warning: RCall.jl: Warning in L0Learn.fit(X_train, y_train, penalty = "L0", lambdaGrid = list(c(lambda_val)),  :
│   Warning! Only 1 element in path with support size > maxSuppSize. 
│  Try increasing maxSuppSize to resolve the issue.
└ @ RCall ~/.julia/packages/RCall/JIY9I/src/io.jl:171
┌ Warning: RCall.jl: Warning in L0Learn.fit(X_train, y_train, penalty = "L0", lambdaGrid = list(c(lambda_val)),  :
│   Warning! Only 1 element in path with support size > maxSuppSize. 
│  Try increasing maxSuppSize to resolve the issue.
└ @ RCall ~/.julia/packages/RCall/JIY9I/src/io.jl:171
┌ Warning: RCall.jl: Warning in L0Learn.fit(X_train, y_train, penalty = "L0", lambdaGrid = list(c(lambda_val)),  :
│   Warning! Only 1 element in path with support size > maxSuppSize. 
│  Try increasing maxSuppSize to resolve the issue.
└ @ RCall ~/.julia/packages/RCall/JIY9I/src/io.jl:171
┌ Warning: RCall.jl: Warning in L0Learn.fit(X_train, y_train, penalty = "L0", lambdaGrid = list(c(lambda_val)),  :
│   Warning! Only 1 element in path with support size > maxSuppSize. 
│  Try increasing maxSuppSize to resolve the issue.
└ @ RCall ~/.julia/packages/RCall/JIY9I/src/io.jl:171
┌ Warning: RCall.jl: Warning in L0Learn.fit(X_train, y_train, penalty = "L0", lambdaGrid = list(c(lambda_val)),  :
│   Warning! Only 1 element in path with support size > maxSuppSize. 
│  Try increasing maxSuppSize to resolve the issue.
└ @ RCall ~/.julia/packages/RCall/JIY9I/src/io.jl:171
┌ Warning: RCall.jl: Warning in L0Learn.fit(X_train, y_train, penalty = "L0", lambdaGrid = list(c(lambda_val)),  :
│   Warning! Only 1 element in path with support size > maxSuppSize. 
│  Try increasing maxSuppSize to resolve the issue.
└ @ RCall ~/.julia/packages/RCall/JIY9I/src/io.jl:171
┌ Warning: RCall.jl: Warning in L0Learn.fit(X_train, y_train, penalty = "L0", lambdaGrid = list(c(lambda_val)),  :
│   Warning! Only 1 element in path with support size > maxSuppSize. 
│  Try increasing maxSuppSize to resolve the issue.
└ @ RCall ~/.julia/packages/RCall/JIY9I/src/io.jl:171
┌ Warning: RCall.jl: Warning in L0Learn.fit(X_train, y_train, penalty = "L0", lambdaGrid = list(c(lambda_val)),  :
│   Warning! Only 1 element in path with support size > maxSuppSize. 
│  Try increasing maxSuppSize to resolve the issue.
└ @ RCall ~/.julia/packages/RCall/JIY9I/src/io.jl:171
┌ Warning: RCall.jl: Warning in L0Learn.fit(X_train, y_train, penalty = "L0", lambdaGrid = list(c(lambda_val)),  :
│   Warning! Only 1 element in path with support size > maxSuppSize. 
│  Try increasing maxSuppSize to resolve the issue.
└ @ RCall ~/.julia/packages/RCall/JIY9I/src/io.jl:171
┌ Warning: RCall.jl: Warning in L0Learn.fit(X_train, y_train, penalty = "L0", lambdaGrid = list(c(lambda_val)),  :
│   Warning! Only 1 element in path with support size > maxSuppSize. 
│  Try increasing maxSuppSize to resolve the issue.
└ @ RCall ~/.julia/packages/RCall/JIY9I/src/io.jl:171
┌ Warning: RCall.jl: Warning in L0Learn.fit(X_train, y_train, penalty = "L0", lambdaGrid = list(c(lambda_val)),  :
│   Warning! Only 1 element in path with support size > maxSuppSize. 
│  Try increasing maxSuppSize to resolve the issue.
└ @ RCall ~/.julia/packages/RCall/JIY9I/src/io.jl:171
┌ Warning: RCall.jl: Warning in L0Learn.fit(X_train, y_train, penalty = "L0", lambdaGrid = list(c(lambda_val)),  :
│   Warning! Only 1 element in path with support size > maxSuppSize. 
│  Try increasing maxSuppSize to resolve the issue.
└ @ RCall ~/.julia/packages/RCall/JIY9I/src/io.jl:171
┌ Warning: RCall.jl: Warning in L0Learn.fit(X_train, y_train, penalty = "L0", lambdaGrid = list(c(lambda_val)),  :
│   Warning! Only 1 element in path with support size > maxSuppSize. 
│  Try increasing maxSuppSize to resolve the issue.
└ @ RCall ~/.julia/packages/RCall/JIY9I/src/io.jl:171
┌ Warning: RCall.jl: Warning in L0Learn.fit(X_train, y_train, penalty = "L0", lambdaGrid = list(c(lambda_val)),  :
│   Warning! Only 1 element in path with support size > maxSuppSize. 
│  Try increasing maxSuppSize to resolve the issue.
└ @ RCall ~/.julia/packages/RCall/JIY9I/src/io.jl:171
┌ Warning: RCall.jl: Warning in L0Learn.fit(X_train, y_train, penalty = "L0", lambdaGrid = list(c(lambda_val)),  :
│   Warning! Only 1 element in path with support size > maxSuppSize. 
│  Try increasing maxSuppSize to resolve the issue.
└ @ RCall ~/.julia/packages/RCall/JIY9I/src/io.jl:171
┌ Warning: RCall.jl: Warning in L0Learn.fit(X_train, y_train, penalty = "L0", lambdaGrid = list(c(lambda_val)),  :
│   Warning! Only 1 element in path with support size > maxSuppSize. 
│  Try increasing maxSuppSize to resolve the issue.
└ @ RCall ~/.julia/packages/RCall/JIY9I/src/io.jl:171
┌ Warning: RCall.jl: Warning in L0Learn.fit(X_train, y_train, penalty = "L0", lambdaGrid = list(c(lambda_val)),  :
│   Warning! Only 1 element in path with support size > maxSuppSize. 
│  Try increasing maxSuppSize to resolve the issue.
└ @ RCall ~/.julia/packages/RCall/JIY9I/src/io.jl:171
┌ Warning: RCall.jl: Warning in L0Learn.fit(X_train, y_train, penalty = "L0", lambdaGrid = list(c(lambda_val)),  :
│   Warning! Only 1 element in path with support size > maxSuppSize. 
│  Try increasing maxSuppSize to resolve the issue.
└ @ RCall ~/.julia/packages/RCall/JIY9I/src/io.jl:171
┌ Warning: RCall.jl: Warning in L0Learn.fit(X_train, y_train, penalty = "L0", lambdaGrid = list(c(lambda_val)),  :
│   Warning! Only 1 element in path with support size > maxSuppSize. 
│  Try increasing maxSuppSize to resolve the issue.
└ @ RCall ~/.julia/packages/RCall/JIY9I/src/io.jl:171
┌ Warning: RCall.jl: Warning in L0Learn.fit(X_train, y_train, penalty = "L0", lambdaGrid = list(c(lambda_val)),  :
│   Warning! Only 1 element in path with support size > maxSuppSize. 
│  Try increasing maxSuppSize to resolve the issue.
└ @ RCall ~/.julia/packages/RCall/JIY9I/src/io.jl:171
┌ Warning: RCall.jl: Warning in L0Learn.fit(X_train, y_train, penalty = "L0", lambdaGrid = list(c(lambda_val)),  :
│   Warning! Only 1 element in path with support size > maxSuppSize. 
│  Try increasing maxSuppSize to resolve the issue.
└ @ RCall ~/.julia/packages/RCall/JIY9I/src/io.jl:171
┌ Warning: RCall.jl: Warning in L0Learn.fit(X_train, y_train, penalty = "L0", lambdaGrid = list(c(lambda_val)),  :
│   Warning! Only 1 element in path with support size > maxSuppSize. 
│  Try increasing maxSuppSize to resolve the issue.
└ @ RCall ~/.julia/packages/RCall/JIY9I/src/io.jl:171
┌ Warning: RCall.jl: Warning in L0Learn.fit(X_train, y_train, penalty = "L0", lambdaGrid = list(c(lambda_val)),  :
│   Warning! Only 1 element in path with support size > maxSuppSize. 
│  Try increasing maxSuppSize to resolve the issue.
└ @ RCall ~/.julia/packages/RCall/JIY9I/src/io.jl:171
┌ Warning: RCall.jl: Warning in L0Learn.fit(X_train, y_train, penalty = "L0", lambdaGrid = list(c(lambda_val)),  :
│   Warning! Only 1 element in path with support size > maxSuppSize. 
│  Try increasing maxSuppSize to resolve the issue.
└ @ RCall ~/.julia/packages/RCall/JIY9I/src/io.jl:171
┌ Warning: RCall.jl: Warning in L0Learn.fit(X_train, y_train, penalty = "L0", lambdaGrid = list(c(lambda_val)),  :
│   Warning! Only 1 element in path with support size > maxSuppSize. 
│  Try increasing maxSuppSize to resolve the issue.
└ @ RCall ~/.julia/packages/RCall/JIY9I/src/io.jl:171
┌ Warning: RCall.jl: Warning in L0Learn.fit(X_train, y_train, penalty = "L0", lambdaGrid = list(c(lambda_val)),  :
│   Warning! Only 1 element in path with support size > maxSuppSize. 
│  Try increasing maxSuppSize to resolve the issue.
└ @ RCall ~/.julia/packages/RCall/JIY9I/src/io.jl:171
┌ Warning: RCall.jl: Warning in L0Learn.fit(X_train, y_train, penalty = "L0", lambdaGrid = list(c(lambda_val)),  :
│   Warning! Only 1 element in path with support size > maxSuppSize. 
│  Try increasing maxSuppSize to resolve the issue.
└ @ RCall ~/.julia/packages/RCall/JIY9I/src/io.jl:171
┌ Warning: RCall.jl: Warning in L0Learn.fit(X_train, y_train, penalty = "L0", lambdaGrid = list(c(lambda_val)),  :
│   Warning! Only 1 element in path with support size > maxSuppSize. 
│  Try increasing maxSuppSize to resolve the issue.
└ @ RCall ~/.julia/packages/RCall/JIY9I/src/io.jl:171
┌ Warning: RCall.jl: Warning in L0Learn.fit(X_train, y_train, penalty = "L0", lambdaGrid = list(c(lambda_val)),  :
│   Warning! Only 1 element in path with support size > maxSuppSize. 
│  Try increasing maxSuppSize to resolve the issue.
└ @ RCall ~/.julia/packages/RCall/JIY9I/src/io.jl:171
┌ Warning: RCall.jl: Warning in L0Learn.fit(X_train, y_train, penalty = "L0", lambdaGrid = list(c(lambda_val)),  :
│   Warning! Only 1 element in path with support size > maxSuppSize. 
│  Try increasing maxSuppSize to resolve the issue.
└ @ RCall ~/.julia/packages/RCall/JIY9I/src/io.jl:171
┌ Warning: RCall.jl: Warning in L0Learn.fit(X_train, y_train, penalty = "L0", lambdaGrid = list(c(lambda_val)),  :
│   Warning! Only 1 element in path with support size > maxSuppSize. 
│  Try increasing maxSuppSize to resolve the issue.
└ @ RCall ~/.julia/packages/RCall/JIY9I/src/io.jl:171
┌ Warning: RCall.jl: Warning in L0Learn.fit(X_train, y_train, penalty = "L0", lambdaGrid = list(c(lambda_val)),  :
│   Warning! Only 1 element in path with support size > maxSuppSize. 
│  Try increasing maxSuppSize to resolve the issue.
└ @ RCall ~/.julia/packages/RCall/JIY9I/src/io.jl:171
┌ Warning: RCall.jl: Warning in L0Learn.fit(X_train, y_train, penalty = "L0", lambdaGrid = list(c(lambda_val)),  :
│   Warning! Only 1 element in path with support size > maxSuppSize. 
│  Try increasing maxSuppSize to resolve the issue.
└ @ RCall ~/.julia/packages/RCall/JIY9I/src/io.jl:171
┌ Warning: RCall.jl: Warning in L0Learn.fit(X_train, y_train, penalty = "L0", lambdaGrid = list(c(lambda_val)),  :
│   Warning! Only 1 element in path with support size > maxSuppSize. 
│  Try increasing maxSuppSize to resolve the issue.
└ @ RCall ~/.julia/packages/RCall/JIY9I/src/io.jl:171
┌ Warning: RCall.jl: Warning in L0Learn.fit(X_train, y_train, penalty = "L0", lambdaGrid = list(c(lambda_val)),  :
│   Warning! Only 1 element in path with support size > maxSuppSize. 
│  Try increasing maxSuppSize to resolve the issue.
└ @ RCall ~/.julia/packages/RCall/JIY9I/src/io.jl:171
┌ Warning: RCall.jl: Warning in L0Learn.fit(X_train, y_train, penalty = "L0", lambdaGrid = list(c(lambda_val)),  :
│   Warning! Only 1 element in path with support size > maxSuppSize. 
│  Try increasing maxSuppSize to resolve the issue.
└ @ RCall ~/.julia/packages/RCall/JIY9I/src/io.jl:171
[ Info: Trial 6/10 completed
┌ Warning: RCall.jl: Warning in L0Learn.fit(X_train, y_train, penalty = "L0", lambdaGrid = list(c(lambda_val)),  :
│   Warning! Only 1 element in path with support size > maxSuppSize. 
│  Try increasing maxSuppSize to resolve the issue.
└ @ RCall ~/.julia/packages/RCall/JIY9I/src/io.jl:171
┌ Warning: RCall.jl: Warning in L0Learn.fit(X_train, y_train, penalty = "L0", lambdaGrid = list(c(lambda_val)),  :
│   Warning! Only 1 element in path with support size > maxSuppSize. 
│  Try increasing maxSuppSize to resolve the issue.
└ @ RCall ~/.julia/packages/RCall/JIY9I/src/io.jl:171
"CDSS" = "CDSS"
SUP = 100.0
Pred = 0.10378198017892473
Sim = 1.0
Infv = 0.3361169761149888
round(elapsed, digits = 2) = 35.55
"CDSS (β-only)" = "CDSS (β-only)"
SUP = 100.0
Pred = 0.10378251601202751
Sim = 1.0
Infv = 0.33609191096644075
round(elapsed, digits = 2) = 35.69
refinement_change = 1.2735750243785717e-5
"SPGpCDSS" = "SPGpCDSS"
SUP = 100.0
Pred = 0.10378256914926969
Sim = 1.0
Infv = 0.33608971837367707
round(elapsed, digits = 2) = 9.26
spgpcdss_chose_beta = false
"L0Learn" = "L0Learn"
supp_l0 = 49
predval_l0 = 0.4500701509067593
sim_l0 = 0.47
inf_l0 = 1.245867188201585
round(elapsed, digits = 2) = 0.26
"L0Learn+PSI1" = "L0Learn+PSI1"
SUP = 100.0
Pred = 0.10378029622221885
Sim = 1.0
Infv = 0.33596918953874033
round(elapsed, digits = 2) = 32.88
"CDSS" = "CDSS"
SUP = 100.0
Pred = 0.0900099939653018
Sim = 1.0
Infv = 0.2327142087909384
round(elapsed, digits = 2) = 28.72
"CDSS (β-only)" = "CDSS (β-only)"
SUP = 100.0
Pred = 0.0900099939653018
Sim = 1.0
Infv = 0.2327142087909384
round(elapsed, digits = 2) = 27.45
refinement_change = 1.2125461052317015e-5
"SPGpCDSS" = "SPGpCDSS"
SUP = 100.0
Pred = 0.09001003323886438
Sim = 1.0
Infv = 0.23270768828123778
round(elapsed, digits = 2) = 5.41
spgpcdss_chose_beta = true
"L0Learn" = "L0Learn"
supp_l0 = 48
predval_l0 = 0.43087683348397826
sim_l0 = 0.46
inf_l0 = 1.123226170580165
round(elapsed, digits = 2) = 0.15
"L0Learn+PSI1" = "L0Learn+PSI1"
SUP = 100.0
Pred = 0.09000894113756502
Sim = 1.0
Infv = 0.23286826572552644
round(elapsed, digits = 2) = 26.32
"CDSS" = "CDSS"
SUP = 100.0
Pred = 0.09238554943247361
Sim = 1.0
Infv = 0.2649388559316114
round(elapsed, digits = 2) = 29.1
"CDSS (β-only)" = "CDSS (β-only)"
SUP = 100.0
Pred = 0.09238554943247361
Sim = 1.0
Infv = 0.2649388559316114
round(elapsed, digits = 2) = 36.58
refinement_change = 7.018820293568294e-6
"SPGpCDSS" = "SPGpCDSS"
SUP = 100.0
Pred = 0.0923856373870385
Sim = 1.0
Infv = 0.26495136357734916
round(elapsed, digits = 2) = 6.4
spgpcdss_chose_beta = false
"L0Learn" = "L0Learn"
supp_l0 = 48
predval_l0 = 0.43390346622558795
sim_l0 = 0.45
inf_l0 = 1.1353881603556124
round(elapsed, digits = 2) = 0.12
"L0Learn+PSI1" = "L0Learn+PSI1"
SUP = 100.0
Pred = 0.0923854328971554
Sim = 1.0
Infv = 0.2649697179149787
round(elapsed, digits = 2) = 33.53
┌ Warning: RCall.jl: Warning in L0Learn.fit(X_train, y_train, penalty = "L0", lambdaGrid = list(c(lambda_val)),  :
│   Warning! Only 1 element in path with support size > maxSuppSize. 
│  Try increasing maxSuppSize to resolve the issue.
└ @ RCall ~/.julia/packages/RCall/JIY9I/src/io.jl:171
┌ Warning: RCall.jl: Warning in L0Learn.fit(X_train, y_train, penalty = "L0", lambdaGrid = list(c(lambda_val)),  :
│   Warning! Only 1 element in path with support size > maxSuppSize. 
│  Try increasing maxSuppSize to resolve the issue.
└ @ RCall ~/.julia/packages/RCall/JIY9I/src/io.jl:171
┌ Warning: RCall.jl: Warning in L0Learn.fit(X_train, y_train, penalty = "L0", lambdaGrid = list(c(lambda_val)),  :
│   Warning! Only 1 element in path with support size > maxSuppSize. 
│  Try increasing maxSuppSize to resolve the issue.
└ @ RCall ~/.julia/packages/RCall/JIY9I/src/io.jl:171
┌ Warning: RCall.jl: Warning in L0Learn.fit(X_train, y_train, penalty = "L0", lambdaGrid = list(c(lambda_val)),  :
│   Warning! Only 1 element in path with support size > maxSuppSize. 
│  Try increasing maxSuppSize to resolve the issue.
└ @ RCall ~/.julia/packages/RCall/JIY9I/src/io.jl:171
┌ Warning: RCall.jl: Warning in L0Learn.fit(X_train, y_train, penalty = "L0", lambdaGrid = list(c(lambda_val)),  :
│   Warning! Only 1 element in path with support size > maxSuppSize. 
│  Try increasing maxSuppSize to resolve the issue.
└ @ RCall ~/.julia/packages/RCall/JIY9I/src/io.jl:171
┌ Warning: RCall.jl: Warning in L0Learn.fit(X_train, y_train, penalty = "L0", lambdaGrid = list(c(lambda_val)),  :
│   Warning! Only 1 element in path with support size > maxSuppSize. 
│  Try increasing maxSuppSize to resolve the issue.
└ @ RCall ~/.julia/packages/RCall/JIY9I/src/io.jl:171
┌ Warning: RCall.jl: Warning in L0Learn.fit(X_train, y_train, penalty = "L0", lambdaGrid = list(c(lambda_val)),  :
│   Warning! Only 1 element in path with support size > maxSuppSize. 
│  Try increasing maxSuppSize to resolve the issue.
└ @ RCall ~/.julia/packages/RCall/JIY9I/src/io.jl:171
┌ Warning: RCall.jl: Warning in L0Learn.fit(X_train, y_train, penalty = "L0", lambdaGrid = list(c(lambda_val)),  :
│   Warning! Only 1 element in path with support size > maxSuppSize. 
│  Try increasing maxSuppSize to resolve the issue.
└ @ RCall ~/.julia/packages/RCall/JIY9I/src/io.jl:171
┌ Warning: RCall.jl: Warning in L0Learn.fit(X_train, y_train, penalty = "L0", lambdaGrid = list(c(lambda_val)),  :
│   Warning! Only 1 element in path with support size > maxSuppSize. 
│  Try increasing maxSuppSize to resolve the issue.
└ @ RCall ~/.julia/packages/RCall/JIY9I/src/io.jl:171
┌ Warning: RCall.jl: Warning in L0Learn.fit(X_train, y_train, penalty = "L0", lambdaGrid = list(c(lambda_val)),  :
│   Warning! Only 1 element in path with support size > maxSuppSize. 
│  Try increasing maxSuppSize to resolve the issue.
└ @ RCall ~/.julia/packages/RCall/JIY9I/src/io.jl:171
┌ Warning: RCall.jl: Warning in L0Learn.fit(X_train, y_train, penalty = "L0", lambdaGrid = list(c(lambda_val)),  :
│   Warning! Only 1 element in path with support size > maxSuppSize. 
│  Try increasing maxSuppSize to resolve the issue.
└ @ RCall ~/.julia/packages/RCall/JIY9I/src/io.jl:171
┌ Warning: RCall.jl: Warning in L0Learn.fit(X_train, y_train, penalty = "L0", lambdaGrid = list(c(lambda_val)),  :
│   Warning! Only 1 element in path with support size > maxSuppSize. 
│  Try increasing maxSuppSize to resolve the issue.
└ @ RCall ~/.julia/packages/RCall/JIY9I/src/io.jl:171
┌ Warning: RCall.jl: Warning in L0Learn.fit(X_train, y_train, penalty = "L0", lambdaGrid = list(c(lambda_val)),  :
│   Warning! Only 1 element in path with support size > maxSuppSize. 
│  Try increasing maxSuppSize to resolve the issue.
└ @ RCall ~/.julia/packages/RCall/JIY9I/src/io.jl:171
┌ Warning: RCall.jl: Warning in L0Learn.fit(X_train, y_train, penalty = "L0", lambdaGrid = list(c(lambda_val)),  :
│   Warning! Only 1 element in path with support size > maxSuppSize. 
│  Try increasing maxSuppSize to resolve the issue.
└ @ RCall ~/.julia/packages/RCall/JIY9I/src/io.jl:171
┌ Warning: RCall.jl: Warning in L0Learn.fit(X_train, y_train, penalty = "L0", lambdaGrid = list(c(lambda_val)),  :
│   Warning! Only 1 element in path with support size > maxSuppSize. 
│  Try increasing maxSuppSize to resolve the issue.
└ @ RCall ~/.julia/packages/RCall/JIY9I/src/io.jl:171
┌ Warning: RCall.jl: Warning in L0Learn.fit(X_train, y_train, penalty = "L0", lambdaGrid = list(c(lambda_val)),  :
│   Warning! Only 1 element in path with support size > maxSuppSize. 
│  Try increasing maxSuppSize to resolve the issue.
└ @ RCall ~/.julia/packages/RCall/JIY9I/src/io.jl:171
┌ Warning: RCall.jl: Warning in L0Learn.fit(X_train, y_train, penalty = "L0", lambdaGrid = list(c(lambda_val)),  :
│   Warning! Only 1 element in path with support size > maxSuppSize. 
│  Try increasing maxSuppSize to resolve the issue.
└ @ RCall ~/.julia/packages/RCall/JIY9I/src/io.jl:171
┌ Warning: RCall.jl: Warning in L0Learn.fit(X_train, y_train, penalty = "L0", lambdaGrid = list(c(lambda_val)),  :
│   Warning! Only 1 element in path with support size > maxSuppSize. 
│  Try increasing maxSuppSize to resolve the issue.
└ @ RCall ~/.julia/packages/RCall/JIY9I/src/io.jl:171
┌ Warning: RCall.jl: Warning in L0Learn.fit(X_train, y_train, penalty = "L0", lambdaGrid = list(c(lambda_val)),  :
│   Warning! Only 1 element in path with support size > maxSuppSize. 
│  Try increasing maxSuppSize to resolve the issue.
└ @ RCall ~/.julia/packages/RCall/JIY9I/src/io.jl:171
┌ Warning: RCall.jl: Warning in L0Learn.fit(X_train, y_train, penalty = "L0", lambdaGrid = list(c(lambda_val)),  :
│   Warning! Only 1 element in path with support size > maxSuppSize. 
│  Try increasing maxSuppSize to resolve the issue.
└ @ RCall ~/.julia/packages/RCall/JIY9I/src/io.jl:171
┌ Warning: RCall.jl: Warning in L0Learn.fit(X_train, y_train, penalty = "L0", lambdaGrid = list(c(lambda_val)),  :
│   Warning! Only 1 element in path with support size > maxSuppSize. 
│  Try increasing maxSuppSize to resolve the issue.
└ @ RCall ~/.julia/packages/RCall/JIY9I/src/io.jl:171
┌ Warning: RCall.jl: Warning in L0Learn.fit(X_train, y_train, penalty = "L0", lambdaGrid = list(c(lambda_val)),  :
│   Warning! Only 1 element in path with support size > maxSuppSize. 
│  Try increasing maxSuppSize to resolve the issue.
└ @ RCall ~/.julia/packages/RCall/JIY9I/src/io.jl:171
┌ Warning: RCall.jl: Warning in L0Learn.fit(X_train, y_train, penalty = "L0", lambdaGrid = list(c(lambda_val)),  :
│   Warning! Only 1 element in path with support size > maxSuppSize. 
│  Try increasing maxSuppSize to resolve the issue.
└ @ RCall ~/.julia/packages/RCall/JIY9I/src/io.jl:171
┌ Warning: RCall.jl: Warning in L0Learn.fit(X_train, y_train, penalty = "L0", lambdaGrid = list(c(lambda_val)),  :
│   Warning! Only 1 element in path with support size > maxSuppSize. 
│  Try increasing maxSuppSize to resolve the issue.
└ @ RCall ~/.julia/packages/RCall/JIY9I/src/io.jl:171
┌ Warning: RCall.jl: Warning in L0Learn.fit(X_train, y_train, penalty = "L0", lambdaGrid = list(c(lambda_val)),  :
│   Warning! Only 1 element in path with support size > maxSuppSize. 
│  Try increasing maxSuppSize to resolve the issue.
└ @ RCall ~/.julia/packages/RCall/JIY9I/src/io.jl:171
┌ Warning: RCall.jl: Warning in L0Learn.fit(X_train, y_train, penalty = "L0", lambdaGrid = list(c(lambda_val)),  :
│   Warning! Only 1 element in path with support size > maxSuppSize. 
│  Try increasing maxSuppSize to resolve the issue.
└ @ RCall ~/.julia/packages/RCall/JIY9I/src/io.jl:171
┌ Warning: RCall.jl: Warning in L0Learn.fit(X_train, y_train, penalty = "L0", lambdaGrid = list(c(lambda_val)),  :
│   Warning! Only 1 element in path with support size > maxSuppSize. 
│  Try increasing maxSuppSize to resolve the issue.
└ @ RCall ~/.julia/packages/RCall/JIY9I/src/io.jl:171
┌ Warning: RCall.jl: Warning in L0Learn.fit(X_train, y_train, penalty = "L0", lambdaGrid = list(c(lambda_val)),  :
│   Warning! Only 1 element in path with support size > maxSuppSize. 
│  Try increasing maxSuppSize to resolve the issue.
└ @ RCall ~/.julia/packages/RCall/JIY9I/src/io.jl:171
┌ Warning: RCall.jl: Warning in L0Learn.fit(X_train, y_train, penalty = "L0", lambdaGrid = list(c(lambda_val)),  :
│   Warning! Only 1 element in path with support size > maxSuppSize. 
│  Try increasing maxSuppSize to resolve the issue.
└ @ RCall ~/.julia/packages/RCall/JIY9I/src/io.jl:171
┌ Warning: RCall.jl: Warning in L0Learn.fit(X_train, y_train, penalty = "L0", lambdaGrid = list(c(lambda_val)),  :
│   Warning! Only 1 element in path with support size > maxSuppSize. 
│  Try increasing maxSuppSize to resolve the issue.
└ @ RCall ~/.julia/packages/RCall/JIY9I/src/io.jl:171
┌ Warning: RCall.jl: Warning in L0Learn.fit(X_train, y_train, penalty = "L0", lambdaGrid = list(c(lambda_val)),  :
│   Warning! Only 1 element in path with support size > maxSuppSize. 
│  Try increasing maxSuppSize to resolve the issue.
└ @ RCall ~/.julia/packages/RCall/JIY9I/src/io.jl:171
[ Info: Trial 7/10 completed
┌ Warning: RCall.jl: Warning in L0Learn.fit(X_train, y_train, penalty = "L0", lambdaGrid = list(c(lambda_val)),  :
│   Warning! Only 1 element in path with support size > maxSuppSize. 
│  Try increasing maxSuppSize to resolve the issue.
└ @ RCall ~/.julia/packages/RCall/JIY9I/src/io.jl:171
┌ Warning: RCall.jl: Warning in L0Learn.fit(X_train, y_train, penalty = "L0", lambdaGrid = list(c(lambda_val)),  :
│   Warning! Only 1 element in path with support size > maxSuppSize. 
│  Try increasing maxSuppSize to resolve the issue.
└ @ RCall ~/.julia/packages/RCall/JIY9I/src/io.jl:171
┌ Warning: RCall.jl: Warning in L0Learn.fit(X_train, y_train, penalty = "L0", lambdaGrid = list(c(lambda_val)),  :
│   Warning! Only 1 element in path with support size > maxSuppSize. 
│  Try increasing maxSuppSize to resolve the issue.
└ @ RCall ~/.julia/packages/RCall/JIY9I/src/io.jl:171
┌ Warning: RCall.jl: Warning in L0Learn.fit(X_train, y_train, penalty = "L0", lambdaGrid = list(c(lambda_val)),  :
│   Warning! Only 1 element in path with support size > maxSuppSize. 
│  Try increasing maxSuppSize to resolve the issue.
└ @ RCall ~/.julia/packages/RCall/JIY9I/src/io.jl:171
┌ Warning: RCall.jl: Warning in L0Learn.fit(X_train, y_train, penalty = "L0", lambdaGrid = list(c(lambda_val)),  :
│   Warning! Only 1 element in path with support size > maxSuppSize. 
│  Try increasing maxSuppSize to resolve the issue.
└ @ RCall ~/.julia/packages/RCall/JIY9I/src/io.jl:171
┌ Warning: RCall.jl: Warning in L0Learn.fit(X_train, y_train, penalty = "L0", lambdaGrid = list(c(lambda_val)),  :
│   Warning! Only 1 element in path with support size > maxSuppSize. 
│  Try increasing maxSuppSize to resolve the issue.
└ @ RCall ~/.julia/packages/RCall/JIY9I/src/io.jl:171
┌ Warning: RCall.jl: Warning in L0Learn.fit(X_train, y_train, penalty = "L0", lambdaGrid = list(c(lambda_val)),  :
│   Warning! Only 1 element in path with support size > maxSuppSize. 
│  Try increasing maxSuppSize to resolve the issue.
└ @ RCall ~/.julia/packages/RCall/JIY9I/src/io.jl:171
┌ Warning: RCall.jl: Warning in L0Learn.fit(X_train, y_train, penalty = "L0", lambdaGrid = list(c(lambda_val)),  :
│   Warning! Only 1 element in path with support size > maxSuppSize. 
│  Try increasing maxSuppSize to resolve the issue.
└ @ RCall ~/.julia/packages/RCall/JIY9I/src/io.jl:171
┌ Warning: RCall.jl: Warning in L0Learn.fit(X_train, y_train, penalty = "L0", lambdaGrid = list(c(lambda_val)),  :
│   Warning! Only 1 element in path with support size > maxSuppSize. 
│  Try increasing maxSuppSize to resolve the issue.
└ @ RCall ~/.julia/packages/RCall/JIY9I/src/io.jl:171
┌ Warning: RCall.jl: Warning in L0Learn.fit(X_train, y_train, penalty = "L0", lambdaGrid = list(c(lambda_val)),  :
│   Warning! Only 1 element in path with support size > maxSuppSize. 
│  Try increasing maxSuppSize to resolve the issue.
└ @ RCall ~/.julia/packages/RCall/JIY9I/src/io.jl:171
┌ Warning: RCall.jl: Warning in L0Learn.fit(X_train, y_train, penalty = "L0", lambdaGrid = list(c(lambda_val)),  :
│   Warning! Only 1 element in path with support size > maxSuppSize. 
│  Try increasing maxSuppSize to resolve the issue.
└ @ RCall ~/.julia/packages/RCall/JIY9I/src/io.jl:171
┌ Warning: RCall.jl: Warning in L0Learn.fit(X_train, y_train, penalty = "L0", lambdaGrid = list(c(lambda_val)),  :
│   Warning! Only 1 element in path with support size > maxSuppSize. 
│  Try increasing maxSuppSize to resolve the issue.
└ @ RCall ~/.julia/packages/RCall/JIY9I/src/io.jl:171
┌ Warning: RCall.jl: Warning in L0Learn.fit(X_train, y_train, penalty = "L0", lambdaGrid = list(c(lambda_val)),  :
│   Warning! Only 1 element in path with support size > maxSuppSize. 
│  Try increasing maxSuppSize to resolve the issue.
└ @ RCall ~/.julia/packages/RCall/JIY9I/src/io.jl:171
┌ Warning: RCall.jl: Warning in L0Learn.fit(X_train, y_train, penalty = "L0", lambdaGrid = list(c(lambda_val)),  :
│   Warning! Only 1 element in path with support size > maxSuppSize. 
│  Try increasing maxSuppSize to resolve the issue.
└ @ RCall ~/.julia/packages/RCall/JIY9I/src/io.jl:171
┌ Warning: RCall.jl: Warning in L0Learn.fit(X_train, y_train, penalty = "L0", lambdaGrid = list(c(lambda_val)),  :
│   Warning! Only 1 element in path with support size > maxSuppSize. 
│  Try increasing maxSuppSize to resolve the issue.
└ @ RCall ~/.julia/packages/RCall/JIY9I/src/io.jl:171
┌ Warning: RCall.jl: Warning in L0Learn.fit(X_train, y_train, penalty = "L0", lambdaGrid = list(c(lambda_val)),  :
│   Warning! Only 1 element in path with support size > maxSuppSize. 
│  Try increasing maxSuppSize to resolve the issue.
└ @ RCall ~/.julia/packages/RCall/JIY9I/src/io.jl:171
┌ Warning: RCall.jl: Warning in L0Learn.fit(X_train, y_train, penalty = "L0", lambdaGrid = list(c(lambda_val)),  :
│   Warning! Only 1 element in path with support size > maxSuppSize. 
│  Try increasing maxSuppSize to resolve the issue.
└ @ RCall ~/.julia/packages/RCall/JIY9I/src/io.jl:171
┌ Warning: RCall.jl: Warning in L0Learn.fit(X_train, y_train, penalty = "L0", lambdaGrid = list(c(lambda_val)),  :
│   Warning! Only 1 element in path with support size > maxSuppSize. 
│  Try increasing maxSuppSize to resolve the issue.
└ @ RCall ~/.julia/packages/RCall/JIY9I/src/io.jl:171
┌ Warning: RCall.jl: Warning in L0Learn.fit(X_train, y_train, penalty = "L0", lambdaGrid = list(c(lambda_val)),  :
│   Warning! Only 1 element in path with support size > maxSuppSize. 
│  Try increasing maxSuppSize to resolve the issue.
└ @ RCall ~/.julia/packages/RCall/JIY9I/src/io.jl:171
┌ Warning: RCall.jl: Warning in L0Learn.fit(X_train, y_train, penalty = "L0", lambdaGrid = list(c(lambda_val)),  :
│   Warning! Only 1 element in path with support size > maxSuppSize. 
│  Try increasing maxSuppSize to resolve the issue.
└ @ RCall ~/.julia/packages/RCall/JIY9I/src/io.jl:171
┌ Warning: RCall.jl: Warning in L0Learn.fit(X_train, y_train, penalty = "L0", lambdaGrid = list(c(lambda_val)),  :
│   Warning! Only 1 element in path with support size > maxSuppSize. 
│  Try increasing maxSuppSize to resolve the issue.
└ @ RCall ~/.julia/packages/RCall/JIY9I/src/io.jl:171
┌ Warning: RCall.jl: Warning in L0Learn.fit(X_train, y_train, penalty = "L0", lambdaGrid = list(c(lambda_val)),  :
│   Warning! Only 1 element in path with support size > maxSuppSize. 
│  Try increasing maxSuppSize to resolve the issue.
└ @ RCall ~/.julia/packages/RCall/JIY9I/src/io.jl:171
┌ Warning: RCall.jl: Warning in L0Learn.fit(X_train, y_train, penalty = "L0", lambdaGrid = list(c(lambda_val)),  :
│   Warning! Only 1 element in path with support size > maxSuppSize. 
│  Try increasing maxSuppSize to resolve the issue.
└ @ RCall ~/.julia/packages/RCall/JIY9I/src/io.jl:171
┌ Warning: RCall.jl: Warning in L0Learn.fit(X_train, y_train, penalty = "L0", lambdaGrid = list(c(lambda_val)),  :
│   Warning! Only 1 element in path with support size > maxSuppSize. 
│  Try increasing maxSuppSize to resolve the issue.
└ @ RCall ~/.julia/packages/RCall/JIY9I/src/io.jl:171
┌ Warning: RCall.jl: Warning in L0Learn.fit(X_train, y_train, penalty = "L0", lambdaGrid = list(c(lambda_val)),  :
│   Warning! Only 1 element in path with support size > maxSuppSize. 
│  Try increasing maxSuppSize to resolve the issue.
└ @ RCall ~/.julia/packages/RCall/JIY9I/src/io.jl:171
┌ Warning: RCall.jl: Warning in L0Learn.fit(X_train, y_train, penalty = "L0", lambdaGrid = list(c(lambda_val)),  :
│   Warning! Only 1 element in path with support size > maxSuppSize. 
│  Try increasing maxSuppSize to resolve the issue.
└ @ RCall ~/.julia/packages/RCall/JIY9I/src/io.jl:171
┌ Warning: RCall.jl: Warning in L0Learn.fit(X_train, y_train, penalty = "L0", lambdaGrid = list(c(lambda_val)),  :
│   Warning! Only 1 element in path with support size > maxSuppSize. 
│  Try increasing maxSuppSize to resolve the issue.
└ @ RCall ~/.julia/packages/RCall/JIY9I/src/io.jl:171
┌ Warning: RCall.jl: Warning in L0Learn.fit(X_train, y_train, penalty = "L0", lambdaGrid = list(c(lambda_val)),  :
│   Warning! Only 1 element in path with support size > maxSuppSize. 
│  Try increasing maxSuppSize to resolve the issue.
└ @ RCall ~/.julia/packages/RCall/JIY9I/src/io.jl:171
┌ Warning: RCall.jl: Warning in L0Learn.fit(X_train, y_train, penalty = "L0", lambdaGrid = list(c(lambda_val)),  :
│   Warning! Only 1 element in path with support size > maxSuppSize. 
│  Try increasing maxSuppSize to resolve the issue.
└ @ RCall ~/.julia/packages/RCall/JIY9I/src/io.jl:171
┌ Warning: RCall.jl: Warning in L0Learn.fit(X_train, y_train, penalty = "L0", lambdaGrid = list(c(lambda_val)),  :
│   Warning! Only 1 element in path with support size > maxSuppSize. 
│  Try increasing maxSuppSize to resolve the issue.
└ @ RCall ~/.julia/packages/RCall/JIY9I/src/io.jl:171
┌ Warning: RCall.jl: Warning in L0Learn.fit(X_train, y_train, penalty = "L0", lambdaGrid = list(c(lambda_val)),  :
│   Warning! Only 1 element in path with support size > maxSuppSize. 
│  Try increasing maxSuppSize to resolve the issue.
└ @ RCall ~/.julia/packages/RCall/JIY9I/src/io.jl:171
┌ Warning: RCall.jl: Warning in L0Learn.fit(X_train, y_train, penalty = "L0", lambdaGrid = list(c(lambda_val)),  :
│   Warning! Only 1 element in path with support size > maxSuppSize. 
│  Try increasing maxSuppSize to resolve the issue.
└ @ RCall ~/.julia/packages/RCall/JIY9I/src/io.jl:171
┌ Warning: RCall.jl: Warning in L0Learn.fit(X_train, y_train, penalty = "L0", lambdaGrid = list(c(lambda_val)),  :
│   Warning! Only 1 element in path with support size > maxSuppSize. 
│  Try increasing maxSuppSize to resolve the issue.
└ @ RCall ~/.julia/packages/RCall/JIY9I/src/io.jl:171
[ Info: Trial 8/10 completed
┌ Warning: RCall.jl: Warning in L0Learn.fit(X_train, y_train, penalty = "L0", lambdaGrid = list(c(lambda_val)),  :
│   Warning! Only 1 element in path with support size > maxSuppSize. 
│  Try increasing maxSuppSize to resolve the issue.
└ @ RCall ~/.julia/packages/RCall/JIY9I/src/io.jl:171
┌ Warning: RCall.jl: Warning in L0Learn.fit(X_train, y_train, penalty = "L0", lambdaGrid = list(c(lambda_val)),  :
│   Warning! Only 1 element in path with support size > maxSuppSize. 
│  Try increasing maxSuppSize to resolve the issue.
└ @ RCall ~/.julia/packages/RCall/JIY9I/src/io.jl:171
┌ Warning: RCall.jl: Warning in L0Learn.fit(X_train, y_train, penalty = "L0", lambdaGrid = list(c(lambda_val)),  :
│   Warning! Only 1 element in path with support size > maxSuppSize. 
│  Try increasing maxSuppSize to resolve the issue.
└ @ RCall ~/.julia/packages/RCall/JIY9I/src/io.jl:171
┌ Warning: RCall.jl: Warning in L0Learn.fit(X_train, y_train, penalty = "L0", lambdaGrid = list(c(lambda_val)),  :
│   Warning! Only 1 element in path with support size > maxSuppSize. 
│  Try increasing maxSuppSize to resolve the issue.
└ @ RCall ~/.julia/packages/RCall/JIY9I/src/io.jl:171
┌ Warning: RCall.jl: Warning in L0Learn.fit(X_train, y_train, penalty = "L0", lambdaGrid = list(c(lambda_val)),  :
│   Warning! Only 1 element in path with support size > maxSuppSize. 
│  Try increasing maxSuppSize to resolve the issue.
└ @ RCall ~/.julia/packages/RCall/JIY9I/src/io.jl:171
┌ Warning: RCall.jl: Warning in L0Learn.fit(X_train, y_train, penalty = "L0", lambdaGrid = list(c(lambda_val)),  :
│   Warning! Only 1 element in path with support size > maxSuppSize. 
│  Try increasing maxSuppSize to resolve the issue.
└ @ RCall ~/.julia/packages/RCall/JIY9I/src/io.jl:171
┌ Warning: RCall.jl: Warning in L0Learn.fit(X_train, y_train, penalty = "L0", lambdaGrid = list(c(lambda_val)),  :
│   Warning! Only 1 element in path with support size > maxSuppSize. 
│  Try increasing maxSuppSize to resolve the issue.
└ @ RCall ~/.julia/packages/RCall/JIY9I/src/io.jl:171
┌ Warning: RCall.jl: Warning in L0Learn.fit(X_train, y_train, penalty = "L0", lambdaGrid = list(c(lambda_val)),  :
│   Warning! Only 1 element in path with support size > maxSuppSize. 
│  Try increasing maxSuppSize to resolve the issue.
└ @ RCall ~/.julia/packages/RCall/JIY9I/src/io.jl:171
┌ Warning: RCall.jl: Warning in L0Learn.fit(X_train, y_train, penalty = "L0", lambdaGrid = list(c(lambda_val)),  :
│   Warning! Only 1 element in path with support size > maxSuppSize. 
│  Try increasing maxSuppSize to resolve the issue.
└ @ RCall ~/.julia/packages/RCall/JIY9I/src/io.jl:171
┌ Warning: RCall.jl: Warning in L0Learn.fit(X_train, y_train, penalty = "L0", lambdaGrid = list(c(lambda_val)),  :
│   Warning! Only 1 element in path with support size > maxSuppSize. 
│  Try increasing maxSuppSize to resolve the issue.
└ @ RCall ~/.julia/packages/RCall/JIY9I/src/io.jl:171
┌ Warning: RCall.jl: Warning in L0Learn.fit(X_train, y_train, penalty = "L0", lambdaGrid = list(c(lambda_val)),  :
│   Warning! Only 1 element in path with support size > maxSuppSize. 
│  Try increasing maxSuppSize to resolve the issue.
└ @ RCall ~/.julia/packages/RCall/JIY9I/src/io.jl:171
┌ Warning: RCall.jl: Warning in L0Learn.fit(X_train, y_train, penalty = "L0", lambdaGrid = list(c(lambda_val)),  :
│   Warning! Only 1 element in path with support size > maxSuppSize. 
│  Try increasing maxSuppSize to resolve the issue.
└ @ RCall ~/.julia/packages/RCall/JIY9I/src/io.jl:171
┌ Warning: RCall.jl: Warning in L0Learn.fit(X_train, y_train, penalty = "L0", lambdaGrid = list(c(lambda_val)),  :
│   Warning! Only 1 element in path with support size > maxSuppSize. 
│  Try increasing maxSuppSize to resolve the issue.
└ @ RCall ~/.julia/packages/RCall/JIY9I/src/io.jl:171
┌ Warning: RCall.jl: Warning in L0Learn.fit(X_train, y_train, penalty = "L0", lambdaGrid = list(c(lambda_val)),  :
│   Warning! Only 1 element in path with support size > maxSuppSize. 
│  Try increasing maxSuppSize to resolve the issue.
└ @ RCall ~/.julia/packages/RCall/JIY9I/src/io.jl:171
┌ Warning: RCall.jl: Warning in L0Learn.fit(X_train, y_train, penalty = "L0", lambdaGrid = list(c(lambda_val)),  :
│   Warning! Only 1 element in path with support size > maxSuppSize. 
│  Try increasing maxSuppSize to resolve the issue.
└ @ RCall ~/.julia/packages/RCall/JIY9I/src/io.jl:171
┌ Warning: RCall.jl: Warning in L0Learn.fit(X_train, y_train, penalty = "L0", lambdaGrid = list(c(lambda_val)),  :
│   Warning! Only 1 element in path with support size > maxSuppSize. 
│  Try increasing maxSuppSize to resolve the issue.
└ @ RCall ~/.julia/packages/RCall/JIY9I/src/io.jl:171
┌ Warning: RCall.jl: Warning in L0Learn.fit(X_train, y_train, penalty = "L0", lambdaGrid = list(c(lambda_val)),  :
│   Warning! Only 1 element in path with support size > maxSuppSize. 
│  Try increasing maxSuppSize to resolve the issue.
└ @ RCall ~/.julia/packages/RCall/JIY9I/src/io.jl:171
┌ Warning: RCall.jl: Warning in L0Learn.fit(X_train, y_train, penalty = "L0", lambdaGrid = list(c(lambda_val)),  :
│   Warning! Only 1 element in path with support size > maxSuppSize. 
│  Try increasing maxSuppSize to resolve the issue.
└ @ RCall ~/.julia/packages/RCall/JIY9I/src/io.jl:171
┌ Warning: RCall.jl: Warning in L0Learn.fit(X_train, y_train, penalty = "L0", lambdaGrid = list(c(lambda_val)),  :
│   Warning! Only 1 element in path with support size > maxSuppSize. 
│  Try increasing maxSuppSize to resolve the issue.
└ @ RCall ~/.julia/packages/RCall/JIY9I/src/io.jl:171
┌ Warning: RCall.jl: Warning in L0Learn.fit(X_train, y_train, penalty = "L0", lambdaGrid = list(c(lambda_val)),  :
│   Warning! Only 1 element in path with support size > maxSuppSize. 
│  Try increasing maxSuppSize to resolve the issue.
└ @ RCall ~/.julia/packages/RCall/JIY9I/src/io.jl:171
┌ Warning: RCall.jl: Warning in L0Learn.fit(X_train, y_train, penalty = "L0", lambdaGrid = list(c(lambda_val)),  :
│   Warning! Only 1 element in path with support size > maxSuppSize. 
│  Try increasing maxSuppSize to resolve the issue.
└ @ RCall ~/.julia/packages/RCall/JIY9I/src/io.jl:171
┌ Warning: RCall.jl: Warning in L0Learn.fit(X_train, y_train, penalty = "L0", lambdaGrid = list(c(lambda_val)),  :
│   Warning! Only 1 element in path with support size > maxSuppSize. 
│  Try increasing maxSuppSize to resolve the issue.
└ @ RCall ~/.julia/packages/RCall/JIY9I/src/io.jl:171
┌ Warning: RCall.jl: Warning in L0Learn.fit(X_train, y_train, penalty = "L0", lambdaGrid = list(c(lambda_val)),  :
│   Warning! Only 1 element in path with support size > maxSuppSize. 
│  Try increasing maxSuppSize to resolve the issue.
└ @ RCall ~/.julia/packages/RCall/JIY9I/src/io.jl:171
┌ Warning: RCall.jl: Warning in L0Learn.fit(X_train, y_train, penalty = "L0", lambdaGrid = list(c(lambda_val)),  :
│   Warning! Only 1 element in path with support size > maxSuppSize. 
│  Try increasing maxSuppSize to resolve the issue.
└ @ RCall ~/.julia/packages/RCall/JIY9I/src/io.jl:171
┌ Warning: RCall.jl: Warning in L0Learn.fit(X_train, y_train, penalty = "L0", lambdaGrid = list(c(lambda_val)),  :
│   Warning! Only 1 element in path with support size > maxSuppSize. 
│  Try increasing maxSuppSize to resolve the issue.
└ @ RCall ~/.julia/packages/RCall/JIY9I/src/io.jl:171
┌ Warning: RCall.jl: Warning in L0Learn.fit(X_train, y_train, penalty = "L0", lambdaGrid = list(c(lambda_val)),  :
│   Warning! Only 1 element in path with support size > maxSuppSize. 
│  Try increasing maxSuppSize to resolve the issue.
└ @ RCall ~/.julia/packages/RCall/JIY9I/src/io.jl:171
┌ Warning: RCall.jl: Warning in L0Learn.fit(X_train, y_train, penalty = "L0", lambdaGrid = list(c(lambda_val)),  :
│   Warning! Only 1 element in path with support size > maxSuppSize. 
│  Try increasing maxSuppSize to resolve the issue.
└ @ RCall ~/.julia/packages/RCall/JIY9I/src/io.jl:171
┌ Warning: RCall.jl: Warning in L0Learn.fit(X_train, y_train, penalty = "L0", lambdaGrid = list(c(lambda_val)),  :
│   Warning! Only 1 element in path with support size > maxSuppSize. 
│  Try increasing maxSuppSize to resolve the issue.
└ @ RCall ~/.julia/packages/RCall/JIY9I/src/io.jl:171
┌ Warning: RCall.jl: Warning in L0Learn.fit(X_train, y_train, penalty = "L0", lambdaGrid = list(c(lambda_val)),  :
│   Warning! Only 1 element in path with support size > maxSuppSize. 
│  Try increasing maxSuppSize to resolve the issue.
└ @ RCall ~/.julia/packages/RCall/JIY9I/src/io.jl:171
┌ Warning: RCall.jl: Warning in L0Learn.fit(X_train, y_train, penalty = "L0", lambdaGrid = list(c(lambda_val)),  :
│   Warning! Only 1 element in path with support size > maxSuppSize. 
│  Try increasing maxSuppSize to resolve the issue.
└ @ RCall ~/.julia/packages/RCall/JIY9I/src/io.jl:171
┌ Warning: RCall.jl: Warning in L0Learn.fit(X_train, y_train, penalty = "L0", lambdaGrid = list(c(lambda_val)),  :
│   Warning! Only 1 element in path with support size > maxSuppSize. 
│  Try increasing maxSuppSize to resolve the issue.
└ @ RCall ~/.julia/packages/RCall/JIY9I/src/io.jl:171
┌ Warning: RCall.jl: Warning in L0Learn.fit(X_train, y_train, penalty = "L0", lambdaGrid = list(c(lambda_val)),  :
│   Warning! Only 1 element in path with support size > maxSuppSize. 
│  Try increasing maxSuppSize to resolve the issue.
└ @ RCall ~/.julia/packages/RCall/JIY9I/src/io.jl:171
┌ Warning: RCall.jl: Warning in L0Learn.fit(X_train, y_train, penalty = "L0", lambdaGrid = list(c(lambda_val)),  :
│   Warning! Only 1 element in path with support size > maxSuppSize. 
│  Try increasing maxSuppSize to resolve the issue.
└ @ RCall ~/.julia/packages/RCall/JIY9I/src/io.jl:171
┌ Warning: RCall.jl: Warning in L0Learn.fit(X_train, y_train, penalty = "L0", lambdaGrid = list(c(lambda_val)),  :
│   Warning! Only 1 element in path with support size > maxSuppSize. 
│  Try increasing maxSuppSize to resolve the issue.
└ @ RCall ~/.julia/packages/RCall/JIY9I/src/io.jl:171
┌ Warning: RCall.jl: Warning in L0Learn.fit(X_train, y_train, penalty = "L0", lambdaGrid = list(c(lambda_val)),  :
│   Warning! Only 1 element in path with support size > maxSuppSize. 
│  Try increasing maxSuppSize to resolve the issue.
└ @ RCall ~/.julia/packages/RCall/JIY9I/src/io.jl:171
┌ Warning: RCall.jl: Warning in L0Learn.fit(X_train, y_train, penalty = "L0", lambdaGrid = list(c(lambda_val)),  :
│   Warning! Only 1 element in path with support size > maxSuppSize. 
│  Try increasing maxSuppSize to resolve the issue.
└ @ RCall ~/.julia/packages/RCall/JIY9I/src/io.jl:171
┌ Warning: RCall.jl: Warning in L0Learn.fit(X_train, y_train, penalty = "L0", lambdaGrid = list(c(lambda_val)),  :
│   Warning! Only 1 element in path with support size > maxSuppSize. 
│  Try increasing maxSuppSize to resolve the issue.
└ @ RCall ~/.julia/packages/RCall/JIY9I/src/io.jl:171
┌ Warning: RCall.jl: Warning in L0Learn.fit(X_train, y_train, penalty = "L0", lambdaGrid = list(c(lambda_val)),  :
│   Warning! Only 1 element in path with support size > maxSuppSize. 
│  Try increasing maxSuppSize to resolve the issue.
└ @ RCall ~/.julia/packages/RCall/JIY9I/src/io.jl:171
[ Info: Trial 9/10 completed
┌ Warning: RCall.jl: Warning in L0Learn.fit(X_train, y_train, penalty = "L0", lambdaGrid = list(c(lambda_val)),  :
│   Warning! Only 1 element in path with support size > maxSuppSize. 
│  Try increasing maxSuppSize to resolve the issue.
└ @ RCall ~/.julia/packages/RCall/JIY9I/src/io.jl:171
┌ Warning: RCall.jl: Warning in L0Learn.fit(X_train, y_train, penalty = "L0", lambdaGrid = list(c(lambda_val)),  :
│   Warning! Only 1 element in path with support size > maxSuppSize. 
│  Try increasing maxSuppSize to resolve the issue.
└ @ RCall ~/.julia/packages/RCall/JIY9I/src/io.jl:171
┌ Warning: RCall.jl: Warning in L0Learn.fit(X_train, y_train, penalty = "L0", lambdaGrid = list(c(lambda_val)),  :
│   Warning! Only 1 element in path with support size > maxSuppSize. 
│  Try increasing maxSuppSize to resolve the issue.
└ @ RCall ~/.julia/packages/RCall/JIY9I/src/io.jl:171
┌ Warning: RCall.jl: Warning in L0Learn.fit(X_train, y_train, penalty = "L0", lambdaGrid = list(c(lambda_val)),  :
│   Warning! Only 1 element in path with support size > maxSuppSize. 
│  Try increasing maxSuppSize to resolve the issue.
└ @ RCall ~/.julia/packages/RCall/JIY9I/src/io.jl:171
┌ Warning: RCall.jl: Warning in L0Learn.fit(X_train, y_train, penalty = "L0", lambdaGrid = list(c(lambda_val)),  :
│   Warning! Only 1 element in path with support size > maxSuppSize. 
│  Try increasing maxSuppSize to resolve the issue.
└ @ RCall ~/.julia/packages/RCall/JIY9I/src/io.jl:171
┌ Warning: RCall.jl: Warning in L0Learn.fit(X_train, y_train, penalty = "L0", lambdaGrid = list(c(lambda_val)),  :
│   Warning! Only 1 element in path with support size > maxSuppSize. 
│  Try increasing maxSuppSize to resolve the issue.
└ @ RCall ~/.julia/packages/RCall/JIY9I/src/io.jl:171
┌ Warning: RCall.jl: Warning in L0Learn.fit(X_train, y_train, penalty = "L0", lambdaGrid = list(c(lambda_val)),  :
│   Warning! Only 1 element in path with support size > maxSuppSize. 
│  Try increasing maxSuppSize to resolve the issue.
└ @ RCall ~/.julia/packages/RCall/JIY9I/src/io.jl:171
"CDSS" = "CDSS"
SUP = 100.0
Pred = 0.0951732544885811
Sim = 1.0
Infv = 0.2303665284735229
round(elapsed, digits = 2) = 33.93
"CDSS (β-only)" = "CDSS (β-only)"
SUP = 100.0
Pred = 0.09517440207198687
Sim = 1.0
Infv = 0.2303604840472151
round(elapsed, digits = 2) = 28.89
refinement_change = 2.8350333519285297e-5
"SPGpCDSS" = "SPGpCDSS"
SUP = 100.0
Pred = 0.09517432254011002
Sim = 1.0
Infv = 0.23035876929259214
round(elapsed, digits = 2) = 6.34
spgpcdss_chose_beta = true
"L0Learn" = "L0Learn"
supp_l0 = 46
predval_l0 = 0.4640873428269192
sim_l0 = 0.45
inf_l0 = 1.0
round(elapsed, digits = 2) = 0.14
"L0Learn+PSI1" = "L0Learn+PSI1"
SUP = 100.0
Pred = 0.09517409813149605
Sim = 1.0
Infv = 0.23042069989750513
round(elapsed, digits = 2) = 31.97
"CDSS" = "CDSS"
SUP = 100.0
Pred = 0.09222830731564458
Sim = 1.0
Infv = 0.22800760575214174
round(elapsed, digits = 2) = 52.76
"CDSS (β-only)" = "CDSS (β-only)"
SUP = 100.0
Pred = 0.0922285304324018
Sim = 1.0
Infv = 0.22798500317817394
round(elapsed, digits = 2) = 46.3
refinement_change = 2.78785803254151e-5
"SPGpCDSS" = "SPGpCDSS"
SUP = 100.0
Pred = 0.09222827018546863
Sim = 1.0
Infv = 0.22800012734006436
round(elapsed, digits = 2) = 11.48
spgpcdss_chose_beta = false
"L0Learn" = "L0Learn"
supp_l0 = 45
predval_l0 = 0.4548868205152248
sim_l0 = 0.44
inf_l0 = 1.0
round(elapsed, digits = 2) = 0.15
"L0Learn+PSI1" = "L0Learn+PSI1"
SUP = 100.0
Pred = 0.0922262713767375
Sim = 1.0
Infv = 0.2280376751080837
round(elapsed, digits = 2) = 41.74
"CDSS" = "CDSS"
SUP = 100.0
Pred = 0.09520186735225121
Sim = 1.0
Infv = 0.21971025705639824
round(elapsed, digits = 2) = 46.03
"CDSS (β-only)" = "CDSS (β-only)"
SUP = 100.0
Pred = 0.0952026480414704
Sim = 1.0
Infv = 0.2197267390105173
round(elapsed, digits = 2) = 39.94
refinement_change = 4.156447671915425e-5
"SPGpCDSS" = "SPGpCDSS"
SUP = 100.0
Pred = 0.09520226849172593
Sim = 1.0
Infv = 0.21971498507274734
round(elapsed, digits = 2) = 18.34
spgpcdss_chose_beta = true
"L0Learn" = "L0Learn"
supp_l0 = 50
predval_l0 = 0.43324681477148375
sim_l0 = 0.49
inf_l0 = 1.1769519128599388
round(elapsed, digits = 2) = 0.21
"L0Learn+PSI1" = "L0Learn+PSI1"
SUP = 100.0
Pred = 0.09520252465188442
Sim = 1.0
Infv = 0.21984914402685307
round(elapsed, digits = 2) = 46.12
┌ Warning: RCall.jl: Warning in L0Learn.fit(X_train, y_train, penalty = "L0", lambdaGrid = list(c(lambda_val)),  :
│   Warning! Only 1 element in path with support size > maxSuppSize. 
│  Try increasing maxSuppSize to resolve the issue.
└ @ RCall ~/.julia/packages/RCall/JIY9I/src/io.jl:171
┌ Warning: RCall.jl: Warning in L0Learn.fit(X_train, y_train, penalty = "L0", lambdaGrid = list(c(lambda_val)),  :
│   Warning! Only 1 element in path with support size > maxSuppSize. 
│  Try increasing maxSuppSize to resolve the issue.
└ @ RCall ~/.julia/packages/RCall/JIY9I/src/io.jl:171
┌ Warning: RCall.jl: Warning in L0Learn.fit(X_train, y_train, penalty = "L0", lambdaGrid = list(c(lambda_val)),  :
│   Warning! Only 1 element in path with support size > maxSuppSize. 
│  Try increasing maxSuppSize to resolve the issue.
└ @ RCall ~/.julia/packages/RCall/JIY9I/src/io.jl:171
┌ Warning: RCall.jl: Warning in L0Learn.fit(X_train, y_train, penalty = "L0", lambdaGrid = list(c(lambda_val)),  :
│   Warning! Only 1 element in path with support size > maxSuppSize. 
│  Try increasing maxSuppSize to resolve the issue.
└ @ RCall ~/.julia/packages/RCall/JIY9I/src/io.jl:171
┌ Warning: RCall.jl: Warning in L0Learn.fit(X_train, y_train, penalty = "L0", lambdaGrid = list(c(lambda_val)),  :
│   Warning! Only 1 element in path with support size > maxSuppSize. 
│  Try increasing maxSuppSize to resolve the issue.
└ @ RCall ~/.julia/packages/RCall/JIY9I/src/io.jl:171
┌ Warning: RCall.jl: Warning in L0Learn.fit(X_train, y_train, penalty = "L0", lambdaGrid = list(c(lambda_val)),  :
│   Warning! Only 1 element in path with support size > maxSuppSize. 
│  Try increasing maxSuppSize to resolve the issue.
└ @ RCall ~/.julia/packages/RCall/JIY9I/src/io.jl:171
┌ Warning: RCall.jl: Warning in L0Learn.fit(X_train, y_train, penalty = "L0", lambdaGrid = list(c(lambda_val)),  :
│   Warning! Only 1 element in path with support size > maxSuppSize. 
│  Try increasing maxSuppSize to resolve the issue.
└ @ RCall ~/.julia/packages/RCall/JIY9I/src/io.jl:171
┌ Warning: RCall.jl: Warning in L0Learn.fit(X_train, y_train, penalty = "L0", lambdaGrid = list(c(lambda_val)),  :
│   Warning! Only 1 element in path with support size > maxSuppSize. 
│  Try increasing maxSuppSize to resolve the issue.
└ @ RCall ~/.julia/packages/RCall/JIY9I/src/io.jl:171
┌ Warning: RCall.jl: Warning in L0Learn.fit(X_train, y_train, penalty = "L0", lambdaGrid = list(c(lambda_val)),  :
│   Warning! Only 1 element in path with support size > maxSuppSize. 
│  Try increasing maxSuppSize to resolve the issue.
└ @ RCall ~/.julia/packages/RCall/JIY9I/src/io.jl:171
┌ Warning: RCall.jl: Warning in L0Learn.fit(X_train, y_train, penalty = "L0", lambdaGrid = list(c(lambda_val)),  :
│   Warning! Only 1 element in path with support size > maxSuppSize. 
│  Try increasing maxSuppSize to resolve the issue.
└ @ RCall ~/.julia/packages/RCall/JIY9I/src/io.jl:171
┌ Warning: RCall.jl: Warning in L0Learn.fit(X_train, y_train, penalty = "L0", lambdaGrid = list(c(lambda_val)),  :
│   Warning! Only 1 element in path with support size > maxSuppSize. 
│  Try increasing maxSuppSize to resolve the issue.
└ @ RCall ~/.julia/packages/RCall/JIY9I/src/io.jl:171
┌ Warning: RCall.jl: Warning in L0Learn.fit(X_train, y_train, penalty = "L0", lambdaGrid = list(c(lambda_val)),  :
│   Warning! Only 1 element in path with support size > maxSuppSize. 
│  Try increasing maxSuppSize to resolve the issue.
└ @ RCall ~/.julia/packages/RCall/JIY9I/src/io.jl:171
┌ Warning: RCall.jl: Warning in L0Learn.fit(X_train, y_train, penalty = "L0", lambdaGrid = list(c(lambda_val)),  :
│   Warning! Only 1 element in path with support size > maxSuppSize. 
│  Try increasing maxSuppSize to resolve the issue.
└ @ RCall ~/.julia/packages/RCall/JIY9I/src/io.jl:171
┌ Warning: RCall.jl: Warning in L0Learn.fit(X_train, y_train, penalty = "L0", lambdaGrid = list(c(lambda_val)),  :
│   Warning! Only 1 element in path with support size > maxSuppSize. 
│  Try increasing maxSuppSize to resolve the issue.
└ @ RCall ~/.julia/packages/RCall/JIY9I/src/io.jl:171
┌ Warning: RCall.jl: Warning in L0Learn.fit(X_train, y_train, penalty = "L0", lambdaGrid = list(c(lambda_val)),  :
│   Warning! Only 1 element in path with support size > maxSuppSize. 
│  Try increasing maxSuppSize to resolve the issue.
└ @ RCall ~/.julia/packages/RCall/JIY9I/src/io.jl:171
┌ Warning: RCall.jl: Warning in L0Learn.fit(X_train, y_train, penalty = "L0", lambdaGrid = list(c(lambda_val)),  :
│   Warning! Only 1 element in path with support size > maxSuppSize. 
│  Try increasing maxSuppSize to resolve the issue.
└ @ RCall ~/.julia/packages/RCall/JIY9I/src/io.jl:171
┌ Warning: RCall.jl: Warning in L0Learn.fit(X_train, y_train, penalty = "L0", lambdaGrid = list(c(lambda_val)),  :
│   Warning! Only 1 element in path with support size > maxSuppSize. 
│  Try increasing maxSuppSize to resolve the issue.
└ @ RCall ~/.julia/packages/RCall/JIY9I/src/io.jl:171
┌ Warning: RCall.jl: Warning in L0Learn.fit(X_train, y_train, penalty = "L0", lambdaGrid = list(c(lambda_val)),  :
│   Warning! Only 1 element in path with support size > maxSuppSize. 
│  Try increasing maxSuppSize to resolve the issue.
└ @ RCall ~/.julia/packages/RCall/JIY9I/src/io.jl:171
┌ Warning: RCall.jl: Warning in L0Learn.fit(X_train, y_train, penalty = "L0", lambdaGrid = list(c(lambda_val)),  :
│   Warning! Only 1 element in path with support size > maxSuppSize. 
│  Try increasing maxSuppSize to resolve the issue.
└ @ RCall ~/.julia/packages/RCall/JIY9I/src/io.jl:171
┌ Warning: RCall.jl: Warning in L0Learn.fit(X_train, y_train, penalty = "L0", lambdaGrid = list(c(lambda_val)),  :
│   Warning! Only 1 element in path with support size > maxSuppSize. 
│  Try increasing maxSuppSize to resolve the issue.
└ @ RCall ~/.julia/packages/RCall/JIY9I/src/io.jl:171
┌ Warning: RCall.jl: Warning in L0Learn.fit(X_train, y_train, penalty = "L0", lambdaGrid = list(c(lambda_val)),  :
│   Warning! Only 1 element in path with support size > maxSuppSize. 
│  Try increasing maxSuppSize to resolve the issue.
└ @ RCall ~/.julia/packages/RCall/JIY9I/src/io.jl:171
┌ Warning: RCall.jl: Warning in L0Learn.fit(X_train, y_train, penalty = "L0", lambdaGrid = list(c(lambda_val)),  :
│   Warning! Only 1 element in path with support size > maxSuppSize. 
│  Try increasing maxSuppSize to resolve the issue.
└ @ RCall ~/.julia/packages/RCall/JIY9I/src/io.jl:171
┌ Warning: RCall.jl: Warning in L0Learn.fit(X_train, y_train, penalty = "L0", lambdaGrid = list(c(lambda_val)),  :
│   Warning! Only 1 element in path with support size > maxSuppSize. 
│  Try increasing maxSuppSize to resolve the issue.
└ @ RCall ~/.julia/packages/RCall/JIY9I/src/io.jl:171
[ Info: Trial 10/10 completed
[ Info: Completed n=1200 in 1017.7s
┌ Info: Sample size n=1400
└   progress = "7/10"
┌ Warning: RCall.jl: Warning in L0Learn.fit(X_train, y_train, penalty = "L0", lambdaGrid = list(c(lambda_val)),  :
│   Warning! Only 1 element in path with support size > maxSuppSize. 
│  Try increasing maxSuppSize to resolve the issue.
└ @ RCall ~/.julia/packages/RCall/JIY9I/src/io.jl:171
┌ Warning: RCall.jl: Warning in L0Learn.fit(X_train, y_train, penalty = "L0", lambdaGrid = list(c(lambda_val)),  :
│   Warning! Only 1 element in path with support size > maxSuppSize. 
│  Try increasing maxSuppSize to resolve the issue.
└ @ RCall ~/.julia/packages/RCall/JIY9I/src/io.jl:171
┌ Warning: RCall.jl: Warning in L0Learn.fit(X_train, y_train, penalty = "L0", lambdaGrid = list(c(lambda_val)),  :
│   Warning! Only 1 element in path with support size > maxSuppSize. 
│  Try increasing maxSuppSize to resolve the issue.
└ @ RCall ~/.julia/packages/RCall/JIY9I/src/io.jl:171
┌ Warning: RCall.jl: Warning in L0Learn.fit(X_train, y_train, penalty = "L0", lambdaGrid = list(c(lambda_val)),  :
│   Warning! Only 1 element in path with support size > maxSuppSize. 
│  Try increasing maxSuppSize to resolve the issue.
└ @ RCall ~/.julia/packages/RCall/JIY9I/src/io.jl:171
┌ Warning: RCall.jl: Warning in L0Learn.fit(X_train, y_train, penalty = "L0", lambdaGrid = list(c(lambda_val)),  :
│   Warning! Only 1 element in path with support size > maxSuppSize. 
│  Try increasing maxSuppSize to resolve the issue.
└ @ RCall ~/.julia/packages/RCall/JIY9I/src/io.jl:171
┌ Warning: RCall.jl: Warning in L0Learn.fit(X_train, y_train, penalty = "L0", lambdaGrid = list(c(lambda_val)),  :
│   Warning! Only 1 element in path with support size > maxSuppSize. 
│  Try increasing maxSuppSize to resolve the issue.
└ @ RCall ~/.julia/packages/RCall/JIY9I/src/io.jl:171
┌ Warning: RCall.jl: Warning in L0Learn.fit(X_train, y_train, penalty = "L0", lambdaGrid = list(c(lambda_val)),  :
│   Warning! Only 1 element in path with support size > maxSuppSize. 
│  Try increasing maxSuppSize to resolve the issue.
└ @ RCall ~/.julia/packages/RCall/JIY9I/src/io.jl:171
┌ Warning: RCall.jl: Warning in L0Learn.fit(X_train, y_train, penalty = "L0", lambdaGrid = list(c(lambda_val)),  :
│   Warning! Only 1 element in path with support size > maxSuppSize. 
│  Try increasing maxSuppSize to resolve the issue.
└ @ RCall ~/.julia/packages/RCall/JIY9I/src/io.jl:171
┌ Warning: RCall.jl: Warning in L0Learn.fit(X_train, y_train, penalty = "L0", lambdaGrid = list(c(lambda_val)),  :
│   Warning! Only 1 element in path with support size > maxSuppSize. 
│  Try increasing maxSuppSize to resolve the issue.
└ @ RCall ~/.julia/packages/RCall/JIY9I/src/io.jl:171
┌ Warning: RCall.jl: Warning in L0Learn.fit(X_train, y_train, penalty = "L0", lambdaGrid = list(c(lambda_val)),  :
│   Warning! Only 1 element in path with support size > maxSuppSize. 
│  Try increasing maxSuppSize to resolve the issue.
└ @ RCall ~/.julia/packages/RCall/JIY9I/src/io.jl:171
┌ Warning: RCall.jl: Warning in L0Learn.fit(X_train, y_train, penalty = "L0", lambdaGrid = list(c(lambda_val)),  :
│   Warning! Only 1 element in path with support size > maxSuppSize. 
│  Try increasing maxSuppSize to resolve the issue.
└ @ RCall ~/.julia/packages/RCall/JIY9I/src/io.jl:171
┌ Warning: RCall.jl: Warning in L0Learn.fit(X_train, y_train, penalty = "L0", lambdaGrid = list(c(lambda_val)),  :
│   Warning! Only 1 element in path with support size > maxSuppSize. 
│  Try increasing maxSuppSize to resolve the issue.
└ @ RCall ~/.julia/packages/RCall/JIY9I/src/io.jl:171
┌ Warning: RCall.jl: Warning in L0Learn.fit(X_train, y_train, penalty = "L0", lambdaGrid = list(c(lambda_val)),  :
│   Warning! Only 1 element in path with support size > maxSuppSize. 
│  Try increasing maxSuppSize to resolve the issue.
└ @ RCall ~/.julia/packages/RCall/JIY9I/src/io.jl:171
┌ Warning: RCall.jl: Warning in L0Learn.fit(X_train, y_train, penalty = "L0", lambdaGrid = list(c(lambda_val)),  :
│   Warning! Only 1 element in path with support size > maxSuppSize. 
│  Try increasing maxSuppSize to resolve the issue.
└ @ RCall ~/.julia/packages/RCall/JIY9I/src/io.jl:171
┌ Warning: RCall.jl: Warning in L0Learn.fit(X_train, y_train, penalty = "L0", lambdaGrid = list(c(lambda_val)),  :
│   Warning! Only 1 element in path with support size > maxSuppSize. 
│  Try increasing maxSuppSize to resolve the issue.
└ @ RCall ~/.julia/packages/RCall/JIY9I/src/io.jl:171
┌ Warning: RCall.jl: Warning in L0Learn.fit(X_train, y_train, penalty = "L0", lambdaGrid = list(c(lambda_val)),  :
│   Warning! Only 1 element in path with support size > maxSuppSize. 
│  Try increasing maxSuppSize to resolve the issue.
└ @ RCall ~/.julia/packages/RCall/JIY9I/src/io.jl:171
┌ Warning: RCall.jl: Warning in L0Learn.fit(X_train, y_train, penalty = "L0", lambdaGrid = list(c(lambda_val)),  :
│   Warning! Only 1 element in path with support size > maxSuppSize. 
│  Try increasing maxSuppSize to resolve the issue.
└ @ RCall ~/.julia/packages/RCall/JIY9I/src/io.jl:171
┌ Warning: RCall.jl: Warning in L0Learn.fit(X_train, y_train, penalty = "L0", lambdaGrid = list(c(lambda_val)),  :
│   Warning! Only 1 element in path with support size > maxSuppSize. 
│  Try increasing maxSuppSize to resolve the issue.
└ @ RCall ~/.julia/packages/RCall/JIY9I/src/io.jl:171
┌ Warning: RCall.jl: Warning in L0Learn.fit(X_train, y_train, penalty = "L0", lambdaGrid = list(c(lambda_val)),  :
│   Warning! Only 1 element in path with support size > maxSuppSize. 
│  Try increasing maxSuppSize to resolve the issue.
└ @ RCall ~/.julia/packages/RCall/JIY9I/src/io.jl:171
┌ Warning: RCall.jl: Warning in L0Learn.fit(X_train, y_train, penalty = "L0", lambdaGrid = list(c(lambda_val)),  :
│   Warning! Only 1 element in path with support size > maxSuppSize. 
│  Try increasing maxSuppSize to resolve the issue.
└ @ RCall ~/.julia/packages/RCall/JIY9I/src/io.jl:171
┌ Warning: RCall.jl: Warning in L0Learn.fit(X_train, y_train, penalty = "L0", lambdaGrid = list(c(lambda_val)),  :
│   Warning! Only 1 element in path with support size > maxSuppSize. 
│  Try increasing maxSuppSize to resolve the issue.
└ @ RCall ~/.julia/packages/RCall/JIY9I/src/io.jl:171
┌ Warning: RCall.jl: Warning in L0Learn.fit(X_train, y_train, penalty = "L0", lambdaGrid = list(c(lambda_val)),  :
│   Warning! Only 1 element in path with support size > maxSuppSize. 
│  Try increasing maxSuppSize to resolve the issue.
└ @ RCall ~/.julia/packages/RCall/JIY9I/src/io.jl:171
┌ Warning: RCall.jl: Warning in L0Learn.fit(X_train, y_train, penalty = "L0", lambdaGrid = list(c(lambda_val)),  :
│   Warning! Only 1 element in path with support size > maxSuppSize. 
│  Try increasing maxSuppSize to resolve the issue.
└ @ RCall ~/.julia/packages/RCall/JIY9I/src/io.jl:171
┌ Warning: RCall.jl: Warning in L0Learn.fit(X_train, y_train, penalty = "L0", lambdaGrid = list(c(lambda_val)),  :
│   Warning! Only 1 element in path with support size > maxSuppSize. 
│  Try increasing maxSuppSize to resolve the issue.
└ @ RCall ~/.julia/packages/RCall/JIY9I/src/io.jl:171
┌ Warning: RCall.jl: Warning in L0Learn.fit(X_train, y_train, penalty = "L0", lambdaGrid = list(c(lambda_val)),  :
│   Warning! Only 1 element in path with support size > maxSuppSize. 
│  Try increasing maxSuppSize to resolve the issue.
└ @ RCall ~/.julia/packages/RCall/JIY9I/src/io.jl:171
┌ Warning: RCall.jl: Warning in L0Learn.fit(X_train, y_train, penalty = "L0", lambdaGrid = list(c(lambda_val)),  :
│   Warning! Only 1 element in path with support size > maxSuppSize. 
│  Try increasing maxSuppSize to resolve the issue.
└ @ RCall ~/.julia/packages/RCall/JIY9I/src/io.jl:171
┌ Warning: RCall.jl: Warning in L0Learn.fit(X_train, y_train, penalty = "L0", lambdaGrid = list(c(lambda_val)),  :
│   Warning! Only 1 element in path with support size > maxSuppSize. 
│  Try increasing maxSuppSize to resolve the issue.
└ @ RCall ~/.julia/packages/RCall/JIY9I/src/io.jl:171
┌ Warning: RCall.jl: Warning in L0Learn.fit(X_train, y_train, penalty = "L0", lambdaGrid = list(c(lambda_val)),  :
│   Warning! Only 1 element in path with support size > maxSuppSize. 
│  Try increasing maxSuppSize to resolve the issue.
└ @ RCall ~/.julia/packages/RCall/JIY9I/src/io.jl:171
┌ Warning: RCall.jl: Warning in L0Learn.fit(X_train, y_train, penalty = "L0", lambdaGrid = list(c(lambda_val)),  :
│   Warning! Only 1 element in path with support size > maxSuppSize. 
│  Try increasing maxSuppSize to resolve the issue.
└ @ RCall ~/.julia/packages/RCall/JIY9I/src/io.jl:171
┌ Warning: RCall.jl: Warning in L0Learn.fit(X_train, y_train, penalty = "L0", lambdaGrid = list(c(lambda_val)),  :
│   Warning! Only 1 element in path with support size > maxSuppSize. 
│  Try increasing maxSuppSize to resolve the issue.
└ @ RCall ~/.julia/packages/RCall/JIY9I/src/io.jl:171
┌ Warning: RCall.jl: Warning in L0Learn.fit(X_train, y_train, penalty = "L0", lambdaGrid = list(c(lambda_val)),  :
│   Warning! Only 1 element in path with support size > maxSuppSize. 
│  Try increasing maxSuppSize to resolve the issue.
└ @ RCall ~/.julia/packages/RCall/JIY9I/src/io.jl:171
┌ Warning: RCall.jl: Warning in L0Learn.fit(X_train, y_train, penalty = "L0", lambdaGrid = list(c(lambda_val)),  :
│   Warning! Only 1 element in path with support size > maxSuppSize. 
│  Try increasing maxSuppSize to resolve the issue.
└ @ RCall ~/.julia/packages/RCall/JIY9I/src/io.jl:171
┌ Warning: RCall.jl: Warning in L0Learn.fit(X_train, y_train, penalty = "L0", lambdaGrid = list(c(lambda_val)),  :
│   Warning! Only 1 element in path with support size > maxSuppSize. 
│  Try increasing maxSuppSize to resolve the issue.
└ @ RCall ~/.julia/packages/RCall/JIY9I/src/io.jl:171
[ Info: Trial 1/10 completed
┌ Warning: RCall.jl: Warning in L0Learn.fit(X_train, y_train, penalty = "L0", lambdaGrid = list(c(lambda_val)),  :
│   Warning! Only 1 element in path with support size > maxSuppSize. 
│  Try increasing maxSuppSize to resolve the issue.
└ @ RCall ~/.julia/packages/RCall/JIY9I/src/io.jl:171
┌ Warning: RCall.jl: Warning in L0Learn.fit(X_train, y_train, penalty = "L0", lambdaGrid = list(c(lambda_val)),  :
│   Warning! Only 1 element in path with support size > maxSuppSize. 
│  Try increasing maxSuppSize to resolve the issue.
└ @ RCall ~/.julia/packages/RCall/JIY9I/src/io.jl:171
┌ Warning: RCall.jl: Warning in L0Learn.fit(X_train, y_train, penalty = "L0", lambdaGrid = list(c(lambda_val)),  :
│   Warning! Only 1 element in path with support size > maxSuppSize. 
│  Try increasing maxSuppSize to resolve the issue.
└ @ RCall ~/.julia/packages/RCall/JIY9I/src/io.jl:171
┌ Warning: RCall.jl: Warning in L0Learn.fit(X_train, y_train, penalty = "L0", lambdaGrid = list(c(lambda_val)),  :
│   Warning! Only 1 element in path with support size > maxSuppSize. 
│  Try increasing maxSuppSize to resolve the issue.
└ @ RCall ~/.julia/packages/RCall/JIY9I/src/io.jl:171
┌ Warning: RCall.jl: Warning in L0Learn.fit(X_train, y_train, penalty = "L0", lambdaGrid = list(c(lambda_val)),  :
│   Warning! Only 1 element in path with support size > maxSuppSize. 
│  Try increasing maxSuppSize to resolve the issue.
└ @ RCall ~/.julia/packages/RCall/JIY9I/src/io.jl:171
┌ Warning: RCall.jl: Warning in L0Learn.fit(X_train, y_train, penalty = "L0", lambdaGrid = list(c(lambda_val)),  :
│   Warning! Only 1 element in path with support size > maxSuppSize. 
│  Try increasing maxSuppSize to resolve the issue.
└ @ RCall ~/.julia/packages/RCall/JIY9I/src/io.jl:171
┌ Warning: RCall.jl: Warning in L0Learn.fit(X_train, y_train, penalty = "L0", lambdaGrid = list(c(lambda_val)),  :
│   Warning! Only 1 element in path with support size > maxSuppSize. 
│  Try increasing maxSuppSize to resolve the issue.
└ @ RCall ~/.julia/packages/RCall/JIY9I/src/io.jl:171
┌ Warning: RCall.jl: Warning in L0Learn.fit(X_train, y_train, penalty = "L0", lambdaGrid = list(c(lambda_val)),  :
│   Warning! Only 1 element in path with support size > maxSuppSize. 
│  Try increasing maxSuppSize to resolve the issue.
└ @ RCall ~/.julia/packages/RCall/JIY9I/src/io.jl:171
┌ Warning: RCall.jl: Warning in L0Learn.fit(X_train, y_train, penalty = "L0", lambdaGrid = list(c(lambda_val)),  :
│   Warning! Only 1 element in path with support size > maxSuppSize. 
│  Try increasing maxSuppSize to resolve the issue.
└ @ RCall ~/.julia/packages/RCall/JIY9I/src/io.jl:171
┌ Warning: RCall.jl: Warning in L0Learn.fit(X_train, y_train, penalty = "L0", lambdaGrid = list(c(lambda_val)),  :
│   Warning! Only 1 element in path with support size > maxSuppSize. 
│  Try increasing maxSuppSize to resolve the issue.
└ @ RCall ~/.julia/packages/RCall/JIY9I/src/io.jl:171
┌ Warning: RCall.jl: Warning in L0Learn.fit(X_train, y_train, penalty = "L0", lambdaGrid = list(c(lambda_val)),  :
│   Warning! Only 1 element in path with support size > maxSuppSize. 
│  Try increasing maxSuppSize to resolve the issue.
└ @ RCall ~/.julia/packages/RCall/JIY9I/src/io.jl:171
┌ Warning: RCall.jl: Warning in L0Learn.fit(X_train, y_train, penalty = "L0", lambdaGrid = list(c(lambda_val)),  :
│   Warning! Only 1 element in path with support size > maxSuppSize. 
│  Try increasing maxSuppSize to resolve the issue.
└ @ RCall ~/.julia/packages/RCall/JIY9I/src/io.jl:171
┌ Warning: RCall.jl: Warning in L0Learn.fit(X_train, y_train, penalty = "L0", lambdaGrid = list(c(lambda_val)),  :
│   Warning! Only 1 element in path with support size > maxSuppSize. 
│  Try increasing maxSuppSize to resolve the issue.
└ @ RCall ~/.julia/packages/RCall/JIY9I/src/io.jl:171
┌ Warning: RCall.jl: Warning in L0Learn.fit(X_train, y_train, penalty = "L0", lambdaGrid = list(c(lambda_val)),  :
│   Warning! Only 1 element in path with support size > maxSuppSize. 
│  Try increasing maxSuppSize to resolve the issue.
└ @ RCall ~/.julia/packages/RCall/JIY9I/src/io.jl:171
┌ Warning: RCall.jl: Warning in L0Learn.fit(X_train, y_train, penalty = "L0", lambdaGrid = list(c(lambda_val)),  :
│   Warning! Only 1 element in path with support size > maxSuppSize. 
│  Try increasing maxSuppSize to resolve the issue.
└ @ RCall ~/.julia/packages/RCall/JIY9I/src/io.jl:171
┌ Warning: RCall.jl: Warning in L0Learn.fit(X_train, y_train, penalty = "L0", lambdaGrid = list(c(lambda_val)),  :
│   Warning! Only 1 element in path with support size > maxSuppSize. 
│  Try increasing maxSuppSize to resolve the issue.
└ @ RCall ~/.julia/packages/RCall/JIY9I/src/io.jl:171
┌ Warning: RCall.jl: Warning in L0Learn.fit(X_train, y_train, penalty = "L0", lambdaGrid = list(c(lambda_val)),  :
│   Warning! Only 1 element in path with support size > maxSuppSize. 
│  Try increasing maxSuppSize to resolve the issue.
└ @ RCall ~/.julia/packages/RCall/JIY9I/src/io.jl:171
┌ Warning: RCall.jl: Warning in L0Learn.fit(X_train, y_train, penalty = "L0", lambdaGrid = list(c(lambda_val)),  :
│   Warning! Only 1 element in path with support size > maxSuppSize. 
│  Try increasing maxSuppSize to resolve the issue.
└ @ RCall ~/.julia/packages/RCall/JIY9I/src/io.jl:171
┌ Warning: RCall.jl: Warning in L0Learn.fit(X_train, y_train, penalty = "L0", lambdaGrid = list(c(lambda_val)),  :
│   Warning! Only 1 element in path with support size > maxSuppSize. 
│  Try increasing maxSuppSize to resolve the issue.
└ @ RCall ~/.julia/packages/RCall/JIY9I/src/io.jl:171
┌ Warning: RCall.jl: Warning in L0Learn.fit(X_train, y_train, penalty = "L0", lambdaGrid = list(c(lambda_val)),  :
│   Warning! Only 1 element in path with support size > maxSuppSize. 
│  Try increasing maxSuppSize to resolve the issue.
└ @ RCall ~/.julia/packages/RCall/JIY9I/src/io.jl:171
┌ Warning: RCall.jl: Warning in L0Learn.fit(X_train, y_train, penalty = "L0", lambdaGrid = list(c(lambda_val)),  :
│   Warning! Only 1 element in path with support size > maxSuppSize. 
│  Try increasing maxSuppSize to resolve the issue.
└ @ RCall ~/.julia/packages/RCall/JIY9I/src/io.jl:171
┌ Warning: RCall.jl: Warning in L0Learn.fit(X_train, y_train, penalty = "L0", lambdaGrid = list(c(lambda_val)),  :
│   Warning! Only 1 element in path with support size > maxSuppSize. 
│  Try increasing maxSuppSize to resolve the issue.
└ @ RCall ~/.julia/packages/RCall/JIY9I/src/io.jl:171
┌ Warning: RCall.jl: Warning in L0Learn.fit(X_train, y_train, penalty = "L0", lambdaGrid = list(c(lambda_val)),  :
│   Warning! Only 1 element in path with support size > maxSuppSize. 
│  Try increasing maxSuppSize to resolve the issue.
└ @ RCall ~/.julia/packages/RCall/JIY9I/src/io.jl:171
┌ Warning: RCall.jl: Warning in L0Learn.fit(X_train, y_train, penalty = "L0", lambdaGrid = list(c(lambda_val)),  :
│   Warning! Only 1 element in path with support size > maxSuppSize. 
│  Try increasing maxSuppSize to resolve the issue.
└ @ RCall ~/.julia/packages/RCall/JIY9I/src/io.jl:171
┌ Warning: RCall.jl: Warning in L0Learn.fit(X_train, y_train, penalty = "L0", lambdaGrid = list(c(lambda_val)),  :
│   Warning! Only 1 element in path with support size > maxSuppSize. 
│  Try increasing maxSuppSize to resolve the issue.
└ @ RCall ~/.julia/packages/RCall/JIY9I/src/io.jl:171
┌ Warning: RCall.jl: Warning in L0Learn.fit(X_train, y_train, penalty = "L0", lambdaGrid = list(c(lambda_val)),  :
│   Warning! Only 1 element in path with support size > maxSuppSize. 
│  Try increasing maxSuppSize to resolve the issue.
└ @ RCall ~/.julia/packages/RCall/JIY9I/src/io.jl:171
┌ Warning: RCall.jl: Warning in L0Learn.fit(X_train, y_train, penalty = "L0", lambdaGrid = list(c(lambda_val)),  :
│   Warning! Only 1 element in path with support size > maxSuppSize. 
│  Try increasing maxSuppSize to resolve the issue.
└ @ RCall ~/.julia/packages/RCall/JIY9I/src/io.jl:171
┌ Warning: RCall.jl: Warning in L0Learn.fit(X_train, y_train, penalty = "L0", lambdaGrid = list(c(lambda_val)),  :
│   Warning! Only 1 element in path with support size > maxSuppSize. 
│  Try increasing maxSuppSize to resolve the issue.
└ @ RCall ~/.julia/packages/RCall/JIY9I/src/io.jl:171
┌ Warning: RCall.jl: Warning in L0Learn.fit(X_train, y_train, penalty = "L0", lambdaGrid = list(c(lambda_val)),  :
│   Warning! Only 1 element in path with support size > maxSuppSize. 
│  Try increasing maxSuppSize to resolve the issue.
└ @ RCall ~/.julia/packages/RCall/JIY9I/src/io.jl:171
┌ Warning: RCall.jl: Warning in L0Learn.fit(X_train, y_train, penalty = "L0", lambdaGrid = list(c(lambda_val)),  :
│   Warning! Only 1 element in path with support size > maxSuppSize. 
│  Try increasing maxSuppSize to resolve the issue.
└ @ RCall ~/.julia/packages/RCall/JIY9I/src/io.jl:171
┌ Warning: RCall.jl: Warning in L0Learn.fit(X_train, y_train, penalty = "L0", lambdaGrid = list(c(lambda_val)),  :
│   Warning! Only 1 element in path with support size > maxSuppSize. 
│  Try increasing maxSuppSize to resolve the issue.
└ @ RCall ~/.julia/packages/RCall/JIY9I/src/io.jl:171
┌ Warning: RCall.jl: Warning in L0Learn.fit(X_train, y_train, penalty = "L0", lambdaGrid = list(c(lambda_val)),  :
│   Warning! Only 1 element in path with support size > maxSuppSize. 
│  Try increasing maxSuppSize to resolve the issue.
└ @ RCall ~/.julia/packages/RCall/JIY9I/src/io.jl:171
┌ Warning: RCall.jl: Warning in L0Learn.fit(X_train, y_train, penalty = "L0", lambdaGrid = list(c(lambda_val)),  :
│   Warning! Only 1 element in path with support size > maxSuppSize. 
│  Try increasing maxSuppSize to resolve the issue.
└ @ RCall ~/.julia/packages/RCall/JIY9I/src/io.jl:171
┌ Warning: RCall.jl: Warning in L0Learn.fit(X_train, y_train, penalty = "L0", lambdaGrid = list(c(lambda_val)),  :
│   Warning! Only 1 element in path with support size > maxSuppSize. 
│  Try increasing maxSuppSize to resolve the issue.
└ @ RCall ~/.julia/packages/RCall/JIY9I/src/io.jl:171
[ Info: Trial 2/10 completed
┌ Warning: RCall.jl: Warning in L0Learn.fit(X_train, y_train, penalty = "L0", lambdaGrid = list(c(lambda_val)),  :
│   Warning! Only 1 element in path with support size > maxSuppSize. 
│  Try increasing maxSuppSize to resolve the issue.
└ @ RCall ~/.julia/packages/RCall/JIY9I/src/io.jl:171
┌ Warning: RCall.jl: Warning in L0Learn.fit(X_train, y_train, penalty = "L0", lambdaGrid = list(c(lambda_val)),  :
│   Warning! Only 1 element in path with support size > maxSuppSize. 
│  Try increasing maxSuppSize to resolve the issue.
└ @ RCall ~/.julia/packages/RCall/JIY9I/src/io.jl:171
┌ Warning: RCall.jl: Warning in L0Learn.fit(X_train, y_train, penalty = "L0", lambdaGrid = list(c(lambda_val)),  :
│   Warning! Only 1 element in path with support size > maxSuppSize. 
│  Try increasing maxSuppSize to resolve the issue.
└ @ RCall ~/.julia/packages/RCall/JIY9I/src/io.jl:171
┌ Warning: RCall.jl: Warning in L0Learn.fit(X_train, y_train, penalty = "L0", lambdaGrid = list(c(lambda_val)),  :
│   Warning! Only 1 element in path with support size > maxSuppSize. 
│  Try increasing maxSuppSize to resolve the issue.
└ @ RCall ~/.julia/packages/RCall/JIY9I/src/io.jl:171
┌ Warning: RCall.jl: Warning in L0Learn.fit(X_train, y_train, penalty = "L0", lambdaGrid = list(c(lambda_val)),  :
│   Warning! Only 1 element in path with support size > maxSuppSize. 
│  Try increasing maxSuppSize to resolve the issue.
└ @ RCall ~/.julia/packages/RCall/JIY9I/src/io.jl:171
┌ Warning: RCall.jl: Warning in L0Learn.fit(X_train, y_train, penalty = "L0", lambdaGrid = list(c(lambda_val)),  :
│   Warning! Only 1 element in path with support size > maxSuppSize. 
│  Try increasing maxSuppSize to resolve the issue.
└ @ RCall ~/.julia/packages/RCall/JIY9I/src/io.jl:171
┌ Warning: RCall.jl: Warning in L0Learn.fit(X_train, y_train, penalty = "L0", lambdaGrid = list(c(lambda_val)),  :
│   Warning! Only 1 element in path with support size > maxSuppSize. 
│  Try increasing maxSuppSize to resolve the issue.
└ @ RCall ~/.julia/packages/RCall/JIY9I/src/io.jl:171
┌ Warning: RCall.jl: Warning in L0Learn.fit(X_train, y_train, penalty = "L0", lambdaGrid = list(c(lambda_val)),  :
│   Warning! Only 1 element in path with support size > maxSuppSize. 
│  Try increasing maxSuppSize to resolve the issue.
└ @ RCall ~/.julia/packages/RCall/JIY9I/src/io.jl:171
┌ Warning: RCall.jl: Warning in L0Learn.fit(X_train, y_train, penalty = "L0", lambdaGrid = list(c(lambda_val)),  :
│   Warning! Only 1 element in path with support size > maxSuppSize. 
│  Try increasing maxSuppSize to resolve the issue.
└ @ RCall ~/.julia/packages/RCall/JIY9I/src/io.jl:171
┌ Warning: RCall.jl: Warning in L0Learn.fit(X_train, y_train, penalty = "L0", lambdaGrid = list(c(lambda_val)),  :
│   Warning! Only 1 element in path with support size > maxSuppSize. 
│  Try increasing maxSuppSize to resolve the issue.
└ @ RCall ~/.julia/packages/RCall/JIY9I/src/io.jl:171
┌ Warning: RCall.jl: Warning in L0Learn.fit(X_train, y_train, penalty = "L0", lambdaGrid = list(c(lambda_val)),  :
│   Warning! Only 1 element in path with support size > maxSuppSize. 
│  Try increasing maxSuppSize to resolve the issue.
└ @ RCall ~/.julia/packages/RCall/JIY9I/src/io.jl:171
┌ Warning: RCall.jl: Warning in L0Learn.fit(X_train, y_train, penalty = "L0", lambdaGrid = list(c(lambda_val)),  :
│   Warning! Only 1 element in path with support size > maxSuppSize. 
│  Try increasing maxSuppSize to resolve the issue.
└ @ RCall ~/.julia/packages/RCall/JIY9I/src/io.jl:171
┌ Warning: RCall.jl: Warning in L0Learn.fit(X_train, y_train, penalty = "L0", lambdaGrid = list(c(lambda_val)),  :
│   Warning! Only 1 element in path with support size > maxSuppSize. 
│  Try increasing maxSuppSize to resolve the issue.
└ @ RCall ~/.julia/packages/RCall/JIY9I/src/io.jl:171
┌ Warning: RCall.jl: Warning in L0Learn.fit(X_train, y_train, penalty = "L0", lambdaGrid = list(c(lambda_val)),  :
│   Warning! Only 1 element in path with support size > maxSuppSize. 
│  Try increasing maxSuppSize to resolve the issue.
└ @ RCall ~/.julia/packages/RCall/JIY9I/src/io.jl:171
┌ Warning: RCall.jl: Warning in L0Learn.fit(X_train, y_train, penalty = "L0", lambdaGrid = list(c(lambda_val)),  :
│   Warning! Only 1 element in path with support size > maxSuppSize. 
│  Try increasing maxSuppSize to resolve the issue.
└ @ RCall ~/.julia/packages/RCall/JIY9I/src/io.jl:171
┌ Warning: RCall.jl: Warning in L0Learn.fit(X_train, y_train, penalty = "L0", lambdaGrid = list(c(lambda_val)),  :
│   Warning! Only 1 element in path with support size > maxSuppSize. 
│  Try increasing maxSuppSize to resolve the issue.
└ @ RCall ~/.julia/packages/RCall/JIY9I/src/io.jl:171
┌ Warning: RCall.jl: Warning in L0Learn.fit(X_train, y_train, penalty = "L0", lambdaGrid = list(c(lambda_val)),  :
│   Warning! Only 1 element in path with support size > maxSuppSize. 
│  Try increasing maxSuppSize to resolve the issue.
└ @ RCall ~/.julia/packages/RCall/JIY9I/src/io.jl:171
┌ Warning: RCall.jl: Warning in L0Learn.fit(X_train, y_train, penalty = "L0", lambdaGrid = list(c(lambda_val)),  :
│   Warning! Only 1 element in path with support size > maxSuppSize. 
│  Try increasing maxSuppSize to resolve the issue.
└ @ RCall ~/.julia/packages/RCall/JIY9I/src/io.jl:171
┌ Warning: RCall.jl: Warning in L0Learn.fit(X_train, y_train, penalty = "L0", lambdaGrid = list(c(lambda_val)),  :
│   Warning! Only 1 element in path with support size > maxSuppSize. 
│  Try increasing maxSuppSize to resolve the issue.
└ @ RCall ~/.julia/packages/RCall/JIY9I/src/io.jl:171
"CDSS" = "CDSS"
SUP = 100.0
Pred = 0.09727890531931513
Sim = 1.0
Infv = 0.3238429926603459
round(elapsed, digits = 2) = 51.54
"CDSS (β-only)" = "CDSS (β-only)"
SUP = 100.0
Pred = 0.09727917340812561
Sim = 1.0
Infv = 0.32385285906393035
round(elapsed, digits = 2) = 45.37
refinement_change = 2.835175981818999e-5
"SPGpCDSS" = "SPGpCDSS"
SUP = 100.0
Pred = 0.09727905140744401
Sim = 1.0
Infv = 0.3238393412799786
round(elapsed, digits = 2) = 0.88
spgpcdss_chose_beta = true
"L0Learn" = "L0Learn"
supp_l0 = 47
predval_l0 = 0.4723574161715534
sim_l0 = 0.47
inf_l0 = 1.0
round(elapsed, digits = 2) = 0.12
"L0Learn+PSI1" = "L0Learn+PSI1"
SUP = 100.0
Pred = 0.09727819129762624
Sim = 1.0
Infv = 0.32383867056882665
round(elapsed, digits = 2) = 42.82
"CDSS" = "CDSS"
SUP = 100.0
Pred = 0.09606296060502477
Sim = 1.0
Infv = 0.2644556103286454
round(elapsed, digits = 2) = 36.21
"CDSS (β-only)" = "CDSS (β-only)"
SUP = 100.0
Pred = 0.09606312855893673
Sim = 1.0
Infv = 0.2644758738662252
round(elapsed, digits = 2) = 44.28
refinement_change = 2.3964203641420956e-5
"SPGpCDSS" = "SPGpCDSS"
SUP = 100.0
Pred = 0.09606314463486881
Sim = 1.0
Infv = 0.26446974953605396
round(elapsed, digits = 2) = 11.08
spgpcdss_chose_beta = true
"L0Learn" = "L0Learn"
supp_l0 = 46
predval_l0 = 0.46791931630400535
sim_l0 = 0.46
inf_l0 = 1.0
round(elapsed, digits = 2) = 0.14
"L0Learn+PSI1" = "L0Learn+PSI1"
SUP = 100.0
Pred = 0.09606269240035573
Sim = 1.0
Infv = 0.26441596705040904
round(elapsed, digits = 2) = 28.16
"CDSS" = "CDSS"
SUP = 100.0
Pred = 0.09194533616279665
Sim = 1.0
Infv = 0.2323726796594472
round(elapsed, digits = 2) = 36.2
"CDSS (β-only)" = "CDSS (β-only)"
SUP = 100.0
Pred = 0.09194542950659915
Sim = 1.0
Infv = 0.23234698547814858
round(elapsed, digits = 2) = 47.02
refinement_change = 3.367923243896292e-5
"SPGpCDSS" = "SPGpCDSS"
SUP = 100.0
Pred = 0.09194522735402745
Sim = 1.0
Infv = 0.23235306784839072
round(elapsed, digits = 2) = 9.37
spgpcdss_chose_beta = true
"L0Learn" = "L0Learn"
supp_l0 = 48
predval_l0 = 0.4541064147496102
sim_l0 = 0.47
inf_l0 = 1.0123111463052537
round(elapsed, digits = 2) = 0.1
"L0Learn+PSI1" = "L0Learn+PSI1"
SUP = 100.0
Pred = 0.0919444074249193
Sim = 1.0
Infv = 0.23245881464763052
round(elapsed, digits = 2) = 30.57
┌ Warning: RCall.jl: Warning in L0Learn.fit(X_train, y_train, penalty = "L0", lambdaGrid = list(c(lambda_val)),  :
│   Warning! Only 1 element in path with support size > maxSuppSize. 
│  Try increasing maxSuppSize to resolve the issue.
└ @ RCall ~/.julia/packages/RCall/JIY9I/src/io.jl:171
┌ Warning: RCall.jl: Warning in L0Learn.fit(X_train, y_train, penalty = "L0", lambdaGrid = list(c(lambda_val)),  :
│   Warning! Only 1 element in path with support size > maxSuppSize. 
│  Try increasing maxSuppSize to resolve the issue.
└ @ RCall ~/.julia/packages/RCall/JIY9I/src/io.jl:171
┌ Warning: RCall.jl: Warning in L0Learn.fit(X_train, y_train, penalty = "L0", lambdaGrid = list(c(lambda_val)),  :
│   Warning! Only 1 element in path with support size > maxSuppSize. 
│  Try increasing maxSuppSize to resolve the issue.
└ @ RCall ~/.julia/packages/RCall/JIY9I/src/io.jl:171
┌ Warning: RCall.jl: Warning in L0Learn.fit(X_train, y_train, penalty = "L0", lambdaGrid = list(c(lambda_val)),  :
│   Warning! Only 1 element in path with support size > maxSuppSize. 
│  Try increasing maxSuppSize to resolve the issue.
└ @ RCall ~/.julia/packages/RCall/JIY9I/src/io.jl:171
┌ Warning: RCall.jl: Warning in L0Learn.fit(X_train, y_train, penalty = "L0", lambdaGrid = list(c(lambda_val)),  :
│   Warning! Only 1 element in path with support size > maxSuppSize. 
│  Try increasing maxSuppSize to resolve the issue.
└ @ RCall ~/.julia/packages/RCall/JIY9I/src/io.jl:171
┌ Warning: RCall.jl: Warning in L0Learn.fit(X_train, y_train, penalty = "L0", lambdaGrid = list(c(lambda_val)),  :
│   Warning! Only 1 element in path with support size > maxSuppSize. 
│  Try increasing maxSuppSize to resolve the issue.
└ @ RCall ~/.julia/packages/RCall/JIY9I/src/io.jl:171
┌ Warning: RCall.jl: Warning in L0Learn.fit(X_train, y_train, penalty = "L0", lambdaGrid = list(c(lambda_val)),  :
│   Warning! Only 1 element in path with support size > maxSuppSize. 
│  Try increasing maxSuppSize to resolve the issue.
└ @ RCall ~/.julia/packages/RCall/JIY9I/src/io.jl:171
┌ Warning: RCall.jl: Warning in L0Learn.fit(X_train, y_train, penalty = "L0", lambdaGrid = list(c(lambda_val)),  :
│   Warning! Only 1 element in path with support size > maxSuppSize. 
│  Try increasing maxSuppSize to resolve the issue.
└ @ RCall ~/.julia/packages/RCall/JIY9I/src/io.jl:171
┌ Warning: RCall.jl: Warning in L0Learn.fit(X_train, y_train, penalty = "L0", lambdaGrid = list(c(lambda_val)),  :
│   Warning! Only 1 element in path with support size > maxSuppSize. 
│  Try increasing maxSuppSize to resolve the issue.
└ @ RCall ~/.julia/packages/RCall/JIY9I/src/io.jl:171
┌ Warning: RCall.jl: Warning in L0Learn.fit(X_train, y_train, penalty = "L0", lambdaGrid = list(c(lambda_val)),  :
│   Warning! Only 1 element in path with support size > maxSuppSize. 
│  Try increasing maxSuppSize to resolve the issue.
└ @ RCall ~/.julia/packages/RCall/JIY9I/src/io.jl:171
┌ Warning: RCall.jl: Warning in L0Learn.fit(X_train, y_train, penalty = "L0", lambdaGrid = list(c(lambda_val)),  :
│   Warning! Only 1 element in path with support size > maxSuppSize. 
│  Try increasing maxSuppSize to resolve the issue.
└ @ RCall ~/.julia/packages/RCall/JIY9I/src/io.jl:171
┌ Warning: RCall.jl: Warning in L0Learn.fit(X_train, y_train, penalty = "L0", lambdaGrid = list(c(lambda_val)),  :
│   Warning! Only 1 element in path with support size > maxSuppSize. 
│  Try increasing maxSuppSize to resolve the issue.
└ @ RCall ~/.julia/packages/RCall/JIY9I/src/io.jl:171
┌ Warning: RCall.jl: Warning in L0Learn.fit(X_train, y_train, penalty = "L0", lambdaGrid = list(c(lambda_val)),  :
│   Warning! Only 1 element in path with support size > maxSuppSize. 
│  Try increasing maxSuppSize to resolve the issue.
└ @ RCall ~/.julia/packages/RCall/JIY9I/src/io.jl:171
┌ Warning: RCall.jl: Warning in L0Learn.fit(X_train, y_train, penalty = "L0", lambdaGrid = list(c(lambda_val)),  :
│   Warning! Only 1 element in path with support size > maxSuppSize. 
│  Try increasing maxSuppSize to resolve the issue.
└ @ RCall ~/.julia/packages/RCall/JIY9I/src/io.jl:171
┌ Warning: RCall.jl: Warning in L0Learn.fit(X_train, y_train, penalty = "L0", lambdaGrid = list(c(lambda_val)),  :
│   Warning! Only 1 element in path with support size > maxSuppSize. 
│  Try increasing maxSuppSize to resolve the issue.
└ @ RCall ~/.julia/packages/RCall/JIY9I/src/io.jl:171
┌ Warning: RCall.jl: Warning in L0Learn.fit(X_train, y_train, penalty = "L0", lambdaGrid = list(c(lambda_val)),  :
│   Warning! Only 1 element in path with support size > maxSuppSize. 
│  Try increasing maxSuppSize to resolve the issue.
└ @ RCall ~/.julia/packages/RCall/JIY9I/src/io.jl:171
┌ Warning: RCall.jl: Warning in L0Learn.fit(X_train, y_train, penalty = "L0", lambdaGrid = list(c(lambda_val)),  :
│   Warning! Only 1 element in path with support size > maxSuppSize. 
│  Try increasing maxSuppSize to resolve the issue.
└ @ RCall ~/.julia/packages/RCall/JIY9I/src/io.jl:171
┌ Warning: RCall.jl: Warning in L0Learn.fit(X_train, y_train, penalty = "L0", lambdaGrid = list(c(lambda_val)),  :
│   Warning! Only 1 element in path with support size > maxSuppSize. 
│  Try increasing maxSuppSize to resolve the issue.
└ @ RCall ~/.julia/packages/RCall/JIY9I/src/io.jl:171
┌ Warning: RCall.jl: Warning in L0Learn.fit(X_train, y_train, penalty = "L0", lambdaGrid = list(c(lambda_val)),  :
│   Warning! Only 1 element in path with support size > maxSuppSize. 
│  Try increasing maxSuppSize to resolve the issue.
└ @ RCall ~/.julia/packages/RCall/JIY9I/src/io.jl:171
┌ Warning: RCall.jl: Warning in L0Learn.fit(X_train, y_train, penalty = "L0", lambdaGrid = list(c(lambda_val)),  :
│   Warning! Only 1 element in path with support size > maxSuppSize. 
│  Try increasing maxSuppSize to resolve the issue.
└ @ RCall ~/.julia/packages/RCall/JIY9I/src/io.jl:171
[ Info: Trial 3/10 completed
┌ Warning: RCall.jl: Warning in L0Learn.fit(X_train, y_train, penalty = "L0", lambdaGrid = list(c(lambda_val)),  :
│   Warning! Only 1 element in path with support size > maxSuppSize. 
│  Try increasing maxSuppSize to resolve the issue.
└ @ RCall ~/.julia/packages/RCall/JIY9I/src/io.jl:171
┌ Warning: RCall.jl: Warning in L0Learn.fit(X_train, y_train, penalty = "L0", lambdaGrid = list(c(lambda_val)),  :
│   Warning! Only 1 element in path with support size > maxSuppSize. 
│  Try increasing maxSuppSize to resolve the issue.
└ @ RCall ~/.julia/packages/RCall/JIY9I/src/io.jl:171
┌ Warning: RCall.jl: Warning in L0Learn.fit(X_train, y_train, penalty = "L0", lambdaGrid = list(c(lambda_val)),  :
│   Warning! Only 1 element in path with support size > maxSuppSize. 
│  Try increasing maxSuppSize to resolve the issue.
└ @ RCall ~/.julia/packages/RCall/JIY9I/src/io.jl:171
┌ Warning: RCall.jl: Warning in L0Learn.fit(X_train, y_train, penalty = "L0", lambdaGrid = list(c(lambda_val)),  :
│   Warning! Only 1 element in path with support size > maxSuppSize. 
│  Try increasing maxSuppSize to resolve the issue.
└ @ RCall ~/.julia/packages/RCall/JIY9I/src/io.jl:171
┌ Warning: RCall.jl: Warning in L0Learn.fit(X_train, y_train, penalty = "L0", lambdaGrid = list(c(lambda_val)),  :
│   Warning! Only 1 element in path with support size > maxSuppSize. 
│  Try increasing maxSuppSize to resolve the issue.
└ @ RCall ~/.julia/packages/RCall/JIY9I/src/io.jl:171
┌ Warning: RCall.jl: Warning in L0Learn.fit(X_train, y_train, penalty = "L0", lambdaGrid = list(c(lambda_val)),  :
│   Warning! Only 1 element in path with support size > maxSuppSize. 
│  Try increasing maxSuppSize to resolve the issue.
└ @ RCall ~/.julia/packages/RCall/JIY9I/src/io.jl:171
┌ Warning: RCall.jl: Warning in L0Learn.fit(X_train, y_train, penalty = "L0", lambdaGrid = list(c(lambda_val)),  :
│   Warning! Only 1 element in path with support size > maxSuppSize. 
│  Try increasing maxSuppSize to resolve the issue.
└ @ RCall ~/.julia/packages/RCall/JIY9I/src/io.jl:171
┌ Warning: RCall.jl: Warning in L0Learn.fit(X_train, y_train, penalty = "L0", lambdaGrid = list(c(lambda_val)),  :
│   Warning! Only 1 element in path with support size > maxSuppSize. 
│  Try increasing maxSuppSize to resolve the issue.
└ @ RCall ~/.julia/packages/RCall/JIY9I/src/io.jl:171
┌ Warning: RCall.jl: Warning in L0Learn.fit(X_train, y_train, penalty = "L0", lambdaGrid = list(c(lambda_val)),  :
│   Warning! Only 1 element in path with support size > maxSuppSize. 
│  Try increasing maxSuppSize to resolve the issue.
└ @ RCall ~/.julia/packages/RCall/JIY9I/src/io.jl:171
┌ Warning: RCall.jl: Warning in L0Learn.fit(X_train, y_train, penalty = "L0", lambdaGrid = list(c(lambda_val)),  :
│   Warning! Only 1 element in path with support size > maxSuppSize. 
│  Try increasing maxSuppSize to resolve the issue.
└ @ RCall ~/.julia/packages/RCall/JIY9I/src/io.jl:171
┌ Warning: RCall.jl: Warning in L0Learn.fit(X_train, y_train, penalty = "L0", lambdaGrid = list(c(lambda_val)),  :
│   Warning! Only 1 element in path with support size > maxSuppSize. 
│  Try increasing maxSuppSize to resolve the issue.
└ @ RCall ~/.julia/packages/RCall/JIY9I/src/io.jl:171
┌ Warning: RCall.jl: Warning in L0Learn.fit(X_train, y_train, penalty = "L0", lambdaGrid = list(c(lambda_val)),  :
│   Warning! Only 1 element in path with support size > maxSuppSize. 
│  Try increasing maxSuppSize to resolve the issue.
└ @ RCall ~/.julia/packages/RCall/JIY9I/src/io.jl:171
┌ Warning: RCall.jl: Warning in L0Learn.fit(X_train, y_train, penalty = "L0", lambdaGrid = list(c(lambda_val)),  :
│   Warning! Only 1 element in path with support size > maxSuppSize. 
│  Try increasing maxSuppSize to resolve the issue.
└ @ RCall ~/.julia/packages/RCall/JIY9I/src/io.jl:171
┌ Warning: RCall.jl: Warning in L0Learn.fit(X_train, y_train, penalty = "L0", lambdaGrid = list(c(lambda_val)),  :
│   Warning! Only 1 element in path with support size > maxSuppSize. 
│  Try increasing maxSuppSize to resolve the issue.
└ @ RCall ~/.julia/packages/RCall/JIY9I/src/io.jl:171
┌ Warning: RCall.jl: Warning in L0Learn.fit(X_train, y_train, penalty = "L0", lambdaGrid = list(c(lambda_val)),  :
│   Warning! Only 1 element in path with support size > maxSuppSize. 
│  Try increasing maxSuppSize to resolve the issue.
└ @ RCall ~/.julia/packages/RCall/JIY9I/src/io.jl:171
┌ Warning: RCall.jl: Warning in L0Learn.fit(X_train, y_train, penalty = "L0", lambdaGrid = list(c(lambda_val)),  :
│   Warning! Only 1 element in path with support size > maxSuppSize. 
│  Try increasing maxSuppSize to resolve the issue.
└ @ RCall ~/.julia/packages/RCall/JIY9I/src/io.jl:171
┌ Warning: RCall.jl: Warning in L0Learn.fit(X_train, y_train, penalty = "L0", lambdaGrid = list(c(lambda_val)),  :
│   Warning! Only 1 element in path with support size > maxSuppSize. 
│  Try increasing maxSuppSize to resolve the issue.
└ @ RCall ~/.julia/packages/RCall/JIY9I/src/io.jl:171
┌ Warning: RCall.jl: Warning in L0Learn.fit(X_train, y_train, penalty = "L0", lambdaGrid = list(c(lambda_val)),  :
│   Warning! Only 1 element in path with support size > maxSuppSize. 
│  Try increasing maxSuppSize to resolve the issue.
└ @ RCall ~/.julia/packages/RCall/JIY9I/src/io.jl:171
┌ Warning: RCall.jl: Warning in L0Learn.fit(X_train, y_train, penalty = "L0", lambdaGrid = list(c(lambda_val)),  :
│   Warning! Only 1 element in path with support size > maxSuppSize. 
│  Try increasing maxSuppSize to resolve the issue.
└ @ RCall ~/.julia/packages/RCall/JIY9I/src/io.jl:171
┌ Warning: RCall.jl: Warning in L0Learn.fit(X_train, y_train, penalty = "L0", lambdaGrid = list(c(lambda_val)),  :
│   Warning! Only 1 element in path with support size > maxSuppSize. 
│  Try increasing maxSuppSize to resolve the issue.
└ @ RCall ~/.julia/packages/RCall/JIY9I/src/io.jl:171
┌ Warning: RCall.jl: Warning in L0Learn.fit(X_train, y_train, penalty = "L0", lambdaGrid = list(c(lambda_val)),  :
│   Warning! Only 1 element in path with support size > maxSuppSize. 
│  Try increasing maxSuppSize to resolve the issue.
└ @ RCall ~/.julia/packages/RCall/JIY9I/src/io.jl:171
┌ Warning: RCall.jl: Warning in L0Learn.fit(X_train, y_train, penalty = "L0", lambdaGrid = list(c(lambda_val)),  :
│   Warning! Only 1 element in path with support size > maxSuppSize. 
│  Try increasing maxSuppSize to resolve the issue.
└ @ RCall ~/.julia/packages/RCall/JIY9I/src/io.jl:171
┌ Warning: RCall.jl: Warning in L0Learn.fit(X_train, y_train, penalty = "L0", lambdaGrid = list(c(lambda_val)),  :
│   Warning! Only 1 element in path with support size > maxSuppSize. 
│  Try increasing maxSuppSize to resolve the issue.
└ @ RCall ~/.julia/packages/RCall/JIY9I/src/io.jl:171
┌ Warning: RCall.jl: Warning in L0Learn.fit(X_train, y_train, penalty = "L0", lambdaGrid = list(c(lambda_val)),  :
│   Warning! Only 1 element in path with support size > maxSuppSize. 
│  Try increasing maxSuppSize to resolve the issue.
└ @ RCall ~/.julia/packages/RCall/JIY9I/src/io.jl:171
┌ Warning: RCall.jl: Warning in L0Learn.fit(X_train, y_train, penalty = "L0", lambdaGrid = list(c(lambda_val)),  :
│   Warning! Only 1 element in path with support size > maxSuppSize. 
│  Try increasing maxSuppSize to resolve the issue.
└ @ RCall ~/.julia/packages/RCall/JIY9I/src/io.jl:171
┌ Warning: RCall.jl: Warning in L0Learn.fit(X_train, y_train, penalty = "L0", lambdaGrid = list(c(lambda_val)),  :
│   Warning! Only 1 element in path with support size > maxSuppSize. 
│  Try increasing maxSuppSize to resolve the issue.
└ @ RCall ~/.julia/packages/RCall/JIY9I/src/io.jl:171
┌ Warning: RCall.jl: Warning in L0Learn.fit(X_train, y_train, penalty = "L0", lambdaGrid = list(c(lambda_val)),  :
│   Warning! Only 1 element in path with support size > maxSuppSize. 
│  Try increasing maxSuppSize to resolve the issue.
└ @ RCall ~/.julia/packages/RCall/JIY9I/src/io.jl:171
┌ Warning: RCall.jl: Warning in L0Learn.fit(X_train, y_train, penalty = "L0", lambdaGrid = list(c(lambda_val)),  :
│   Warning! Only 1 element in path with support size > maxSuppSize. 
│  Try increasing maxSuppSize to resolve the issue.
└ @ RCall ~/.julia/packages/RCall/JIY9I/src/io.jl:171
┌ Warning: RCall.jl: Warning in L0Learn.fit(X_train, y_train, penalty = "L0", lambdaGrid = list(c(lambda_val)),  :
│   Warning! Only 1 element in path with support size > maxSuppSize. 
│  Try increasing maxSuppSize to resolve the issue.
└ @ RCall ~/.julia/packages/RCall/JIY9I/src/io.jl:171
┌ Warning: RCall.jl: Warning in L0Learn.fit(X_train, y_train, penalty = "L0", lambdaGrid = list(c(lambda_val)),  :
│   Warning! Only 1 element in path with support size > maxSuppSize. 
│  Try increasing maxSuppSize to resolve the issue.
└ @ RCall ~/.julia/packages/RCall/JIY9I/src/io.jl:171
┌ Warning: RCall.jl: Warning in L0Learn.fit(X_train, y_train, penalty = "L0", lambdaGrid = list(c(lambda_val)),  :
│   Warning! Only 1 element in path with support size > maxSuppSize. 
│  Try increasing maxSuppSize to resolve the issue.
└ @ RCall ~/.julia/packages/RCall/JIY9I/src/io.jl:171
┌ Warning: RCall.jl: Warning in L0Learn.fit(X_train, y_train, penalty = "L0", lambdaGrid = list(c(lambda_val)),  :
│   Warning! Only 1 element in path with support size > maxSuppSize. 
│  Try increasing maxSuppSize to resolve the issue.
└ @ RCall ~/.julia/packages/RCall/JIY9I/src/io.jl:171
┌ Warning: RCall.jl: Warning in L0Learn.fit(X_train, y_train, penalty = "L0", lambdaGrid = list(c(lambda_val)),  :
│   Warning! Only 1 element in path with support size > maxSuppSize. 
│  Try increasing maxSuppSize to resolve the issue.
└ @ RCall ~/.julia/packages/RCall/JIY9I/src/io.jl:171
┌ Warning: RCall.jl: Warning in L0Learn.fit(X_train, y_train, penalty = "L0", lambdaGrid = list(c(lambda_val)),  :
│   Warning! Only 1 element in path with support size > maxSuppSize. 
│  Try increasing maxSuppSize to resolve the issue.
└ @ RCall ~/.julia/packages/RCall/JIY9I/src/io.jl:171
┌ Warning: RCall.jl: Warning in L0Learn.fit(X_train, y_train, penalty = "L0", lambdaGrid = list(c(lambda_val)),  :
│   Warning! Only 1 element in path with support size > maxSuppSize. 
│  Try increasing maxSuppSize to resolve the issue.
└ @ RCall ~/.julia/packages/RCall/JIY9I/src/io.jl:171
┌ Warning: RCall.jl: Warning in L0Learn.fit(X_train, y_train, penalty = "L0", lambdaGrid = list(c(lambda_val)),  :
│   Warning! Only 1 element in path with support size > maxSuppSize. 
│  Try increasing maxSuppSize to resolve the issue.
└ @ RCall ~/.julia/packages/RCall/JIY9I/src/io.jl:171
[ Info: Trial 4/10 completed
┌ Warning: RCall.jl: Warning in L0Learn.fit(X_train, y_train, penalty = "L0", lambdaGrid = list(c(lambda_val)),  :
│   Warning! Only 1 element in path with support size > maxSuppSize. 
│  Try increasing maxSuppSize to resolve the issue.
└ @ RCall ~/.julia/packages/RCall/JIY9I/src/io.jl:171
┌ Warning: RCall.jl: Warning in L0Learn.fit(X_train, y_train, penalty = "L0", lambdaGrid = list(c(lambda_val)),  :
│   Warning! Only 1 element in path with support size > maxSuppSize. 
│  Try increasing maxSuppSize to resolve the issue.
└ @ RCall ~/.julia/packages/RCall/JIY9I/src/io.jl:171
┌ Warning: RCall.jl: Warning in L0Learn.fit(X_train, y_train, penalty = "L0", lambdaGrid = list(c(lambda_val)),  :
│   Warning! Only 1 element in path with support size > maxSuppSize. 
│  Try increasing maxSuppSize to resolve the issue.
└ @ RCall ~/.julia/packages/RCall/JIY9I/src/io.jl:171
┌ Warning: RCall.jl: Warning in L0Learn.fit(X_train, y_train, penalty = "L0", lambdaGrid = list(c(lambda_val)),  :
│   Warning! Only 1 element in path with support size > maxSuppSize. 
│  Try increasing maxSuppSize to resolve the issue.
└ @ RCall ~/.julia/packages/RCall/JIY9I/src/io.jl:171
┌ Warning: RCall.jl: Warning in L0Learn.fit(X_train, y_train, penalty = "L0", lambdaGrid = list(c(lambda_val)),  :
│   Warning! Only 1 element in path with support size > maxSuppSize. 
│  Try increasing maxSuppSize to resolve the issue.
└ @ RCall ~/.julia/packages/RCall/JIY9I/src/io.jl:171
┌ Warning: RCall.jl: Warning in L0Learn.fit(X_train, y_train, penalty = "L0", lambdaGrid = list(c(lambda_val)),  :
│   Warning! Only 1 element in path with support size > maxSuppSize. 
│  Try increasing maxSuppSize to resolve the issue.
└ @ RCall ~/.julia/packages/RCall/JIY9I/src/io.jl:171
┌ Warning: RCall.jl: Warning in L0Learn.fit(X_train, y_train, penalty = "L0", lambdaGrid = list(c(lambda_val)),  :
│   Warning! Only 1 element in path with support size > maxSuppSize. 
│  Try increasing maxSuppSize to resolve the issue.
└ @ RCall ~/.julia/packages/RCall/JIY9I/src/io.jl:171
┌ Warning: RCall.jl: Warning in L0Learn.fit(X_train, y_train, penalty = "L0", lambdaGrid = list(c(lambda_val)),  :
│   Warning! Only 1 element in path with support size > maxSuppSize. 
│  Try increasing maxSuppSize to resolve the issue.
└ @ RCall ~/.julia/packages/RCall/JIY9I/src/io.jl:171
┌ Warning: RCall.jl: Warning in L0Learn.fit(X_train, y_train, penalty = "L0", lambdaGrid = list(c(lambda_val)),  :
│   Warning! Only 1 element in path with support size > maxSuppSize. 
│  Try increasing maxSuppSize to resolve the issue.
└ @ RCall ~/.julia/packages/RCall/JIY9I/src/io.jl:171
┌ Warning: RCall.jl: Warning in L0Learn.fit(X_train, y_train, penalty = "L0", lambdaGrid = list(c(lambda_val)),  :
│   Warning! Only 1 element in path with support size > maxSuppSize. 
│  Try increasing maxSuppSize to resolve the issue.
└ @ RCall ~/.julia/packages/RCall/JIY9I/src/io.jl:171
┌ Warning: RCall.jl: Warning in L0Learn.fit(X_train, y_train, penalty = "L0", lambdaGrid = list(c(lambda_val)),  :
│   Warning! Only 1 element in path with support size > maxSuppSize. 
│  Try increasing maxSuppSize to resolve the issue.
└ @ RCall ~/.julia/packages/RCall/JIY9I/src/io.jl:171
┌ Warning: RCall.jl: Warning in L0Learn.fit(X_train, y_train, penalty = "L0", lambdaGrid = list(c(lambda_val)),  :
│   Warning! Only 1 element in path with support size > maxSuppSize. 
│  Try increasing maxSuppSize to resolve the issue.
└ @ RCall ~/.julia/packages/RCall/JIY9I/src/io.jl:171
┌ Warning: RCall.jl: Warning in L0Learn.fit(X_train, y_train, penalty = "L0", lambdaGrid = list(c(lambda_val)),  :
│   Warning! Only 1 element in path with support size > maxSuppSize. 
│  Try increasing maxSuppSize to resolve the issue.
└ @ RCall ~/.julia/packages/RCall/JIY9I/src/io.jl:171
┌ Warning: RCall.jl: Warning in L0Learn.fit(X_train, y_train, penalty = "L0", lambdaGrid = list(c(lambda_val)),  :
│   Warning! Only 1 element in path with support size > maxSuppSize. 
│  Try increasing maxSuppSize to resolve the issue.
└ @ RCall ~/.julia/packages/RCall/JIY9I/src/io.jl:171
┌ Warning: RCall.jl: Warning in L0Learn.fit(X_train, y_train, penalty = "L0", lambdaGrid = list(c(lambda_val)),  :
│   Warning! Only 1 element in path with support size > maxSuppSize. 
│  Try increasing maxSuppSize to resolve the issue.
└ @ RCall ~/.julia/packages/RCall/JIY9I/src/io.jl:171
┌ Warning: RCall.jl: Warning in L0Learn.fit(X_train, y_train, penalty = "L0", lambdaGrid = list(c(lambda_val)),  :
│   Warning! Only 1 element in path with support size > maxSuppSize. 
│  Try increasing maxSuppSize to resolve the issue.
└ @ RCall ~/.julia/packages/RCall/JIY9I/src/io.jl:171
┌ Warning: RCall.jl: Warning in L0Learn.fit(X_train, y_train, penalty = "L0", lambdaGrid = list(c(lambda_val)),  :
│   Warning! Only 1 element in path with support size > maxSuppSize. 
│  Try increasing maxSuppSize to resolve the issue.
└ @ RCall ~/.julia/packages/RCall/JIY9I/src/io.jl:171
┌ Warning: RCall.jl: Warning in L0Learn.fit(X_train, y_train, penalty = "L0", lambdaGrid = list(c(lambda_val)),  :
│   Warning! Only 1 element in path with support size > maxSuppSize. 
│  Try increasing maxSuppSize to resolve the issue.
└ @ RCall ~/.julia/packages/RCall/JIY9I/src/io.jl:171
┌ Warning: RCall.jl: Warning in L0Learn.fit(X_train, y_train, penalty = "L0", lambdaGrid = list(c(lambda_val)),  :
│   Warning! Only 1 element in path with support size > maxSuppSize. 
│  Try increasing maxSuppSize to resolve the issue.
└ @ RCall ~/.julia/packages/RCall/JIY9I/src/io.jl:171
┌ Warning: RCall.jl: Warning in L0Learn.fit(X_train, y_train, penalty = "L0", lambdaGrid = list(c(lambda_val)),  :
│   Warning! Only 1 element in path with support size > maxSuppSize. 
│  Try increasing maxSuppSize to resolve the issue.
└ @ RCall ~/.julia/packages/RCall/JIY9I/src/io.jl:171
┌ Warning: RCall.jl: Warning in L0Learn.fit(X_train, y_train, penalty = "L0", lambdaGrid = list(c(lambda_val)),  :
│   Warning! Only 1 element in path with support size > maxSuppSize. 
│  Try increasing maxSuppSize to resolve the issue.
└ @ RCall ~/.julia/packages/RCall/JIY9I/src/io.jl:171
┌ Warning: RCall.jl: Warning in L0Learn.fit(X_train, y_train, penalty = "L0", lambdaGrid = list(c(lambda_val)),  :
│   Warning! Only 1 element in path with support size > maxSuppSize. 
│  Try increasing maxSuppSize to resolve the issue.
└ @ RCall ~/.julia/packages/RCall/JIY9I/src/io.jl:171
┌ Warning: RCall.jl: Warning in L0Learn.fit(X_train, y_train, penalty = "L0", lambdaGrid = list(c(lambda_val)),  :
│   Warning! Only 1 element in path with support size > maxSuppSize. 
│  Try increasing maxSuppSize to resolve the issue.
└ @ RCall ~/.julia/packages/RCall/JIY9I/src/io.jl:171
┌ Warning: RCall.jl: Warning in L0Learn.fit(X_train, y_train, penalty = "L0", lambdaGrid = list(c(lambda_val)),  :
│   Warning! Only 1 element in path with support size > maxSuppSize. 
│  Try increasing maxSuppSize to resolve the issue.
└ @ RCall ~/.julia/packages/RCall/JIY9I/src/io.jl:171
┌ Warning: RCall.jl: Warning in L0Learn.fit(X_train, y_train, penalty = "L0", lambdaGrid = list(c(lambda_val)),  :
│   Warning! Only 1 element in path with support size > maxSuppSize. 
│  Try increasing maxSuppSize to resolve the issue.
└ @ RCall ~/.julia/packages/RCall/JIY9I/src/io.jl:171
┌ Warning: RCall.jl: Warning in L0Learn.fit(X_train, y_train, penalty = "L0", lambdaGrid = list(c(lambda_val)),  :
│   Warning! Only 1 element in path with support size > maxSuppSize. 
│  Try increasing maxSuppSize to resolve the issue.
└ @ RCall ~/.julia/packages/RCall/JIY9I/src/io.jl:171
┌ Warning: RCall.jl: Warning in L0Learn.fit(X_train, y_train, penalty = "L0", lambdaGrid = list(c(lambda_val)),  :
│   Warning! Only 1 element in path with support size > maxSuppSize. 
│  Try increasing maxSuppSize to resolve the issue.
└ @ RCall ~/.julia/packages/RCall/JIY9I/src/io.jl:171
┌ Warning: RCall.jl: Warning in L0Learn.fit(X_train, y_train, penalty = "L0", lambdaGrid = list(c(lambda_val)),  :
│   Warning! Only 1 element in path with support size > maxSuppSize. 
│  Try increasing maxSuppSize to resolve the issue.
└ @ RCall ~/.julia/packages/RCall/JIY9I/src/io.jl:171
┌ Warning: RCall.jl: Warning in L0Learn.fit(X_train, y_train, penalty = "L0", lambdaGrid = list(c(lambda_val)),  :
│   Warning! Only 1 element in path with support size > maxSuppSize. 
│  Try increasing maxSuppSize to resolve the issue.
└ @ RCall ~/.julia/packages/RCall/JIY9I/src/io.jl:171
┌ Warning: RCall.jl: Warning in L0Learn.fit(X_train, y_train, penalty = "L0", lambdaGrid = list(c(lambda_val)),  :
│   Warning! Only 1 element in path with support size > maxSuppSize. 
│  Try increasing maxSuppSize to resolve the issue.
└ @ RCall ~/.julia/packages/RCall/JIY9I/src/io.jl:171
┌ Warning: RCall.jl: Warning in L0Learn.fit(X_train, y_train, penalty = "L0", lambdaGrid = list(c(lambda_val)),  :
│   Warning! Only 1 element in path with support size > maxSuppSize. 
│  Try increasing maxSuppSize to resolve the issue.
└ @ RCall ~/.julia/packages/RCall/JIY9I/src/io.jl:171
┌ Warning: RCall.jl: Warning in L0Learn.fit(X_train, y_train, penalty = "L0", lambdaGrid = list(c(lambda_val)),  :
│   Warning! Only 1 element in path with support size > maxSuppSize. 
│  Try increasing maxSuppSize to resolve the issue.
└ @ RCall ~/.julia/packages/RCall/JIY9I/src/io.jl:171
┌ Warning: RCall.jl: Warning in L0Learn.fit(X_train, y_train, penalty = "L0", lambdaGrid = list(c(lambda_val)),  :
│   Warning! Only 1 element in path with support size > maxSuppSize. 
│  Try increasing maxSuppSize to resolve the issue.
└ @ RCall ~/.julia/packages/RCall/JIY9I/src/io.jl:171
┌ Warning: RCall.jl: Warning in L0Learn.fit(X_train, y_train, penalty = "L0", lambdaGrid = list(c(lambda_val)),  :
│   Warning! Only 1 element in path with support size > maxSuppSize. 
│  Try increasing maxSuppSize to resolve the issue.
└ @ RCall ~/.julia/packages/RCall/JIY9I/src/io.jl:171
┌ Warning: RCall.jl: Warning in L0Learn.fit(X_train, y_train, penalty = "L0", lambdaGrid = list(c(lambda_val)),  :
│   Warning! Only 1 element in path with support size > maxSuppSize. 
│  Try increasing maxSuppSize to resolve the issue.
└ @ RCall ~/.julia/packages/RCall/JIY9I/src/io.jl:171
┌ Warning: RCall.jl: Warning in L0Learn.fit(X_train, y_train, penalty = "L0", lambdaGrid = list(c(lambda_val)),  :
│   Warning! Only 1 element in path with support size > maxSuppSize. 
│  Try increasing maxSuppSize to resolve the issue.
└ @ RCall ~/.julia/packages/RCall/JIY9I/src/io.jl:171
[ Info: Trial 5/10 completed
┌ Warning: RCall.jl: Warning in L0Learn.fit(X_train, y_train, penalty = "L0", lambdaGrid = list(c(lambda_val)),  :
│   Warning! Only 1 element in path with support size > maxSuppSize. 
│  Try increasing maxSuppSize to resolve the issue.
└ @ RCall ~/.julia/packages/RCall/JIY9I/src/io.jl:171
┌ Warning: RCall.jl: Warning in L0Learn.fit(X_train, y_train, penalty = "L0", lambdaGrid = list(c(lambda_val)),  :
│   Warning! Only 1 element in path with support size > maxSuppSize. 
│  Try increasing maxSuppSize to resolve the issue.
└ @ RCall ~/.julia/packages/RCall/JIY9I/src/io.jl:171
┌ Warning: RCall.jl: Warning in L0Learn.fit(X_train, y_train, penalty = "L0", lambdaGrid = list(c(lambda_val)),  :
│   Warning! Only 1 element in path with support size > maxSuppSize. 
│  Try increasing maxSuppSize to resolve the issue.
└ @ RCall ~/.julia/packages/RCall/JIY9I/src/io.jl:171
┌ Warning: RCall.jl: Warning in L0Learn.fit(X_train, y_train, penalty = "L0", lambdaGrid = list(c(lambda_val)),  :
│   Warning! Only 1 element in path with support size > maxSuppSize. 
│  Try increasing maxSuppSize to resolve the issue.
└ @ RCall ~/.julia/packages/RCall/JIY9I/src/io.jl:171
┌ Warning: RCall.jl: Warning in L0Learn.fit(X_train, y_train, penalty = "L0", lambdaGrid = list(c(lambda_val)),  :
│   Warning! Only 1 element in path with support size > maxSuppSize. 
│  Try increasing maxSuppSize to resolve the issue.
└ @ RCall ~/.julia/packages/RCall/JIY9I/src/io.jl:171
┌ Warning: RCall.jl: Warning in L0Learn.fit(X_train, y_train, penalty = "L0", lambdaGrid = list(c(lambda_val)),  :
│   Warning! Only 1 element in path with support size > maxSuppSize. 
│  Try increasing maxSuppSize to resolve the issue.
└ @ RCall ~/.julia/packages/RCall/JIY9I/src/io.jl:171
┌ Warning: RCall.jl: Warning in L0Learn.fit(X_train, y_train, penalty = "L0", lambdaGrid = list(c(lambda_val)),  :
│   Warning! Only 1 element in path with support size > maxSuppSize. 
│  Try increasing maxSuppSize to resolve the issue.
└ @ RCall ~/.julia/packages/RCall/JIY9I/src/io.jl:171
┌ Warning: RCall.jl: Warning in L0Learn.fit(X_train, y_train, penalty = "L0", lambdaGrid = list(c(lambda_val)),  :
│   Warning! Only 1 element in path with support size > maxSuppSize. 
│  Try increasing maxSuppSize to resolve the issue.
└ @ RCall ~/.julia/packages/RCall/JIY9I/src/io.jl:171
┌ Warning: RCall.jl: Warning in L0Learn.fit(X_train, y_train, penalty = "L0", lambdaGrid = list(c(lambda_val)),  :
│   Warning! Only 1 element in path with support size > maxSuppSize. 
│  Try increasing maxSuppSize to resolve the issue.
└ @ RCall ~/.julia/packages/RCall/JIY9I/src/io.jl:171
┌ Warning: RCall.jl: Warning in L0Learn.fit(X_train, y_train, penalty = "L0", lambdaGrid = list(c(lambda_val)),  :
│   Warning! Only 1 element in path with support size > maxSuppSize. 
│  Try increasing maxSuppSize to resolve the issue.
└ @ RCall ~/.julia/packages/RCall/JIY9I/src/io.jl:171
┌ Warning: RCall.jl: Warning in L0Learn.fit(X_train, y_train, penalty = "L0", lambdaGrid = list(c(lambda_val)),  :
│   Warning! Only 1 element in path with support size > maxSuppSize. 
│  Try increasing maxSuppSize to resolve the issue.
└ @ RCall ~/.julia/packages/RCall/JIY9I/src/io.jl:171
┌ Warning: RCall.jl: Warning in L0Learn.fit(X_train, y_train, penalty = "L0", lambdaGrid = list(c(lambda_val)),  :
│   Warning! Only 1 element in path with support size > maxSuppSize. 
│  Try increasing maxSuppSize to resolve the issue.
└ @ RCall ~/.julia/packages/RCall/JIY9I/src/io.jl:171
┌ Warning: RCall.jl: Warning in L0Learn.fit(X_train, y_train, penalty = "L0", lambdaGrid = list(c(lambda_val)),  :
│   Warning! Only 1 element in path with support size > maxSuppSize. 
│  Try increasing maxSuppSize to resolve the issue.
└ @ RCall ~/.julia/packages/RCall/JIY9I/src/io.jl:171
┌ Warning: RCall.jl: Warning in L0Learn.fit(X_train, y_train, penalty = "L0", lambdaGrid = list(c(lambda_val)),  :
│   Warning! Only 1 element in path with support size > maxSuppSize. 
│  Try increasing maxSuppSize to resolve the issue.
└ @ RCall ~/.julia/packages/RCall/JIY9I/src/io.jl:171
┌ Warning: RCall.jl: Warning in L0Learn.fit(X_train, y_train, penalty = "L0", lambdaGrid = list(c(lambda_val)),  :
│   Warning! Only 1 element in path with support size > maxSuppSize. 
│  Try increasing maxSuppSize to resolve the issue.
└ @ RCall ~/.julia/packages/RCall/JIY9I/src/io.jl:171
┌ Warning: RCall.jl: Warning in L0Learn.fit(X_train, y_train, penalty = "L0", lambdaGrid = list(c(lambda_val)),  :
│   Warning! Only 1 element in path with support size > maxSuppSize. 
│  Try increasing maxSuppSize to resolve the issue.
└ @ RCall ~/.julia/packages/RCall/JIY9I/src/io.jl:171
┌ Warning: RCall.jl: Warning in L0Learn.fit(X_train, y_train, penalty = "L0", lambdaGrid = list(c(lambda_val)),  :
│   Warning! Only 1 element in path with support size > maxSuppSize. 
│  Try increasing maxSuppSize to resolve the issue.
└ @ RCall ~/.julia/packages/RCall/JIY9I/src/io.jl:171
"CDSS" = "CDSS"
SUP = 102.0
Pred = 0.09649252737986966
Sim = 0.9803921568627451
Infv = 0.2991603325827075
round(elapsed, digits = 2) = 42.24
"CDSS (β-only)" = "CDSS (β-only)"
SUP = 102.0
Pred = 0.09649252737986966
Sim = 0.9803921568627451
Infv = 0.2991603325827075
round(elapsed, digits = 2) = 35.17
refinement_change = 1.1912545160693429e-5
"SPGpCDSS" = "SPGpCDSS"
SUP = 100.0
Pred = 0.09678750404531515
Sim = 1.0
Infv = 0.2114186275730121
round(elapsed, digits = 2) = 14.42
spgpcdss_chose_beta = false
"L0Learn" = "L0Learn"
supp_l0 = 49
predval_l0 = 0.4415423125131067
sim_l0 = 0.49
inf_l0 = 1.0
round(elapsed, digits = 2) = 0.1
"L0Learn+PSI1" = "L0Learn+PSI1"
SUP = 100.0
Pred = 0.0967873032738104
Sim = 1.0
Infv = 0.21140921255736078
round(elapsed, digits = 2) = 26.88
"CDSS" = "CDSS"
SUP = 100.0
Pred = 0.09554966087866189
Sim = 1.0
Infv = 0.2746035974977823
round(elapsed, digits = 2) = 52.43
"CDSS (β-only)" = "CDSS (β-only)"
SUP = 100.0
Pred = 0.09554966087866189
Sim = 1.0
Infv = 0.2746035974977823
round(elapsed, digits = 2) = 39.51
refinement_change = 2.836469334151522e-5
"SPGpCDSS" = "SPGpCDSS"
SUP = 100.0
Pred = 0.09554958554620081
Sim = 1.0
Infv = 0.274601398382893
round(elapsed, digits = 2) = 10.86
spgpcdss_chose_beta = true
"L0Learn" = "L0Learn"
supp_l0 = 50
predval_l0 = 0.4240741413361815
sim_l0 = 0.49
inf_l0 = 1.3638765696836062
round(elapsed, digits = 2) = 0.09
"L0Learn+PSI1" = "L0Learn+PSI1"
SUP = 100.0
Pred = 0.09554940307147457
Sim = 1.0
Infv = 0.2745676138895222
round(elapsed, digits = 2) = 49.49
"CDSS" = "CDSS"
SUP = 100.0
Pred = 0.09423449969593581
Sim = 1.0
Infv = 0.21352037688000536
round(elapsed, digits = 2) = 49.34
"CDSS (β-only)" = "CDSS (β-only)"
SUP = 100.0
Pred = 0.0942345071831692
Sim = 1.0
Infv = 0.21352022530994685
round(elapsed, digits = 2) = 35.1
refinement_change = 1.7576366386949235e-5
"SPGpCDSS" = "SPGpCDSS"
SUP = 100.0
Pred = 0.0942343896036237
Sim = 1.0
Infv = 0.21351815841964839
round(elapsed, digits = 2) = 14.98
spgpcdss_chose_beta = true
"L0Learn" = "L0Learn"
supp_l0 = 49
predval_l0 = 0.4269243870950055
sim_l0 = 0.49
inf_l0 = 1.0
round(elapsed, digits = 2) = 0.12
"L0Learn+PSI1" = "L0Learn+PSI1"
SUP = 100.0
Pred = 0.09422981625195709
Sim = 1.0
Infv = 0.21333187519088614
round(elapsed, digits = 2) = 37.89
┌ Warning: RCall.jl: Warning in L0Learn.fit(X_train, y_train, penalty = "L0", lambdaGrid = list(c(lambda_val)),  :
│   Warning! Only 1 element in path with support size > maxSuppSize. 
│  Try increasing maxSuppSize to resolve the issue.
└ @ RCall ~/.julia/packages/RCall/JIY9I/src/io.jl:171
┌ Warning: RCall.jl: Warning in L0Learn.fit(X_train, y_train, penalty = "L0", lambdaGrid = list(c(lambda_val)),  :
│   Warning! Only 1 element in path with support size > maxSuppSize. 
│  Try increasing maxSuppSize to resolve the issue.
└ @ RCall ~/.julia/packages/RCall/JIY9I/src/io.jl:171
┌ Warning: RCall.jl: Warning in L0Learn.fit(X_train, y_train, penalty = "L0", lambdaGrid = list(c(lambda_val)),  :
│   Warning! Only 1 element in path with support size > maxSuppSize. 
│  Try increasing maxSuppSize to resolve the issue.
└ @ RCall ~/.julia/packages/RCall/JIY9I/src/io.jl:171
┌ Warning: RCall.jl: Warning in L0Learn.fit(X_train, y_train, penalty = "L0", lambdaGrid = list(c(lambda_val)),  :
│   Warning! Only 1 element in path with support size > maxSuppSize. 
│  Try increasing maxSuppSize to resolve the issue.
└ @ RCall ~/.julia/packages/RCall/JIY9I/src/io.jl:171
┌ Warning: RCall.jl: Warning in L0Learn.fit(X_train, y_train, penalty = "L0", lambdaGrid = list(c(lambda_val)),  :
│   Warning! Only 1 element in path with support size > maxSuppSize. 
│  Try increasing maxSuppSize to resolve the issue.
└ @ RCall ~/.julia/packages/RCall/JIY9I/src/io.jl:171
┌ Warning: RCall.jl: Warning in L0Learn.fit(X_train, y_train, penalty = "L0", lambdaGrid = list(c(lambda_val)),  :
│   Warning! Only 1 element in path with support size > maxSuppSize. 
│  Try increasing maxSuppSize to resolve the issue.
└ @ RCall ~/.julia/packages/RCall/JIY9I/src/io.jl:171
┌ Warning: RCall.jl: Warning in L0Learn.fit(X_train, y_train, penalty = "L0", lambdaGrid = list(c(lambda_val)),  :
│   Warning! Only 1 element in path with support size > maxSuppSize. 
│  Try increasing maxSuppSize to resolve the issue.
└ @ RCall ~/.julia/packages/RCall/JIY9I/src/io.jl:171
┌ Warning: RCall.jl: Warning in L0Learn.fit(X_train, y_train, penalty = "L0", lambdaGrid = list(c(lambda_val)),  :
│   Warning! Only 1 element in path with support size > maxSuppSize. 
│  Try increasing maxSuppSize to resolve the issue.
└ @ RCall ~/.julia/packages/RCall/JIY9I/src/io.jl:171
┌ Warning: RCall.jl: Warning in L0Learn.fit(X_train, y_train, penalty = "L0", lambdaGrid = list(c(lambda_val)),  :
│   Warning! Only 1 element in path with support size > maxSuppSize. 
│  Try increasing maxSuppSize to resolve the issue.
└ @ RCall ~/.julia/packages/RCall/JIY9I/src/io.jl:171
┌ Warning: RCall.jl: Warning in L0Learn.fit(X_train, y_train, penalty = "L0", lambdaGrid = list(c(lambda_val)),  :
│   Warning! Only 1 element in path with support size > maxSuppSize. 
│  Try increasing maxSuppSize to resolve the issue.
└ @ RCall ~/.julia/packages/RCall/JIY9I/src/io.jl:171
┌ Warning: RCall.jl: Warning in L0Learn.fit(X_train, y_train, penalty = "L0", lambdaGrid = list(c(lambda_val)),  :
│   Warning! Only 1 element in path with support size > maxSuppSize. 
│  Try increasing maxSuppSize to resolve the issue.
└ @ RCall ~/.julia/packages/RCall/JIY9I/src/io.jl:171
[ Info: Trial 6/10 completed
┌ Warning: RCall.jl: Warning in L0Learn.fit(X_train, y_train, penalty = "L0", lambdaGrid = list(c(lambda_val)),  :
│   Warning! Only 1 element in path with support size > maxSuppSize. 
│  Try increasing maxSuppSize to resolve the issue.
└ @ RCall ~/.julia/packages/RCall/JIY9I/src/io.jl:171
┌ Warning: RCall.jl: Warning in L0Learn.fit(X_train, y_train, penalty = "L0", lambdaGrid = list(c(lambda_val)),  :
│   Warning! Only 1 element in path with support size > maxSuppSize. 
│  Try increasing maxSuppSize to resolve the issue.
└ @ RCall ~/.julia/packages/RCall/JIY9I/src/io.jl:171
┌ Warning: RCall.jl: Warning in L0Learn.fit(X_train, y_train, penalty = "L0", lambdaGrid = list(c(lambda_val)),  :
│   Warning! Only 1 element in path with support size > maxSuppSize. 
│  Try increasing maxSuppSize to resolve the issue.
└ @ RCall ~/.julia/packages/RCall/JIY9I/src/io.jl:171
┌ Warning: RCall.jl: Warning in L0Learn.fit(X_train, y_train, penalty = "L0", lambdaGrid = list(c(lambda_val)),  :
│   Warning! Only 1 element in path with support size > maxSuppSize. 
│  Try increasing maxSuppSize to resolve the issue.
└ @ RCall ~/.julia/packages/RCall/JIY9I/src/io.jl:171
┌ Warning: RCall.jl: Warning in L0Learn.fit(X_train, y_train, penalty = "L0", lambdaGrid = list(c(lambda_val)),  :
│   Warning! Only 1 element in path with support size > maxSuppSize. 
│  Try increasing maxSuppSize to resolve the issue.
└ @ RCall ~/.julia/packages/RCall/JIY9I/src/io.jl:171
┌ Warning: RCall.jl: Warning in L0Learn.fit(X_train, y_train, penalty = "L0", lambdaGrid = list(c(lambda_val)),  :
│   Warning! Only 1 element in path with support size > maxSuppSize. 
│  Try increasing maxSuppSize to resolve the issue.
└ @ RCall ~/.julia/packages/RCall/JIY9I/src/io.jl:171
┌ Warning: RCall.jl: Warning in L0Learn.fit(X_train, y_train, penalty = "L0", lambdaGrid = list(c(lambda_val)),  :
│   Warning! Only 1 element in path with support size > maxSuppSize. 
│  Try increasing maxSuppSize to resolve the issue.
└ @ RCall ~/.julia/packages/RCall/JIY9I/src/io.jl:171
┌ Warning: RCall.jl: Warning in L0Learn.fit(X_train, y_train, penalty = "L0", lambdaGrid = list(c(lambda_val)),  :
│   Warning! Only 1 element in path with support size > maxSuppSize. 
│  Try increasing maxSuppSize to resolve the issue.
└ @ RCall ~/.julia/packages/RCall/JIY9I/src/io.jl:171
┌ Warning: RCall.jl: Warning in L0Learn.fit(X_train, y_train, penalty = "L0", lambdaGrid = list(c(lambda_val)),  :
│   Warning! Only 1 element in path with support size > maxSuppSize. 
│  Try increasing maxSuppSize to resolve the issue.
└ @ RCall ~/.julia/packages/RCall/JIY9I/src/io.jl:171
┌ Warning: RCall.jl: Warning in L0Learn.fit(X_train, y_train, penalty = "L0", lambdaGrid = list(c(lambda_val)),  :
│   Warning! Only 1 element in path with support size > maxSuppSize. 
│  Try increasing maxSuppSize to resolve the issue.
└ @ RCall ~/.julia/packages/RCall/JIY9I/src/io.jl:171
┌ Warning: RCall.jl: Warning in L0Learn.fit(X_train, y_train, penalty = "L0", lambdaGrid = list(c(lambda_val)),  :
│   Warning! Only 1 element in path with support size > maxSuppSize. 
│  Try increasing maxSuppSize to resolve the issue.
└ @ RCall ~/.julia/packages/RCall/JIY9I/src/io.jl:171
┌ Warning: RCall.jl: Warning in L0Learn.fit(X_train, y_train, penalty = "L0", lambdaGrid = list(c(lambda_val)),  :
│   Warning! Only 1 element in path with support size > maxSuppSize. 
│  Try increasing maxSuppSize to resolve the issue.
└ @ RCall ~/.julia/packages/RCall/JIY9I/src/io.jl:171
┌ Warning: RCall.jl: Warning in L0Learn.fit(X_train, y_train, penalty = "L0", lambdaGrid = list(c(lambda_val)),  :
│   Warning! Only 1 element in path with support size > maxSuppSize. 
│  Try increasing maxSuppSize to resolve the issue.
└ @ RCall ~/.julia/packages/RCall/JIY9I/src/io.jl:171
┌ Warning: RCall.jl: Warning in L0Learn.fit(X_train, y_train, penalty = "L0", lambdaGrid = list(c(lambda_val)),  :
│   Warning! Only 1 element in path with support size > maxSuppSize. 
│  Try increasing maxSuppSize to resolve the issue.
└ @ RCall ~/.julia/packages/RCall/JIY9I/src/io.jl:171
┌ Warning: RCall.jl: Warning in L0Learn.fit(X_train, y_train, penalty = "L0", lambdaGrid = list(c(lambda_val)),  :
│   Warning! Only 1 element in path with support size > maxSuppSize. 
│  Try increasing maxSuppSize to resolve the issue.
└ @ RCall ~/.julia/packages/RCall/JIY9I/src/io.jl:171
┌ Warning: RCall.jl: Warning in L0Learn.fit(X_train, y_train, penalty = "L0", lambdaGrid = list(c(lambda_val)),  :
│   Warning! Only 1 element in path with support size > maxSuppSize. 
│  Try increasing maxSuppSize to resolve the issue.
└ @ RCall ~/.julia/packages/RCall/JIY9I/src/io.jl:171
┌ Warning: RCall.jl: Warning in L0Learn.fit(X_train, y_train, penalty = "L0", lambdaGrid = list(c(lambda_val)),  :
│   Warning! Only 1 element in path with support size > maxSuppSize. 
│  Try increasing maxSuppSize to resolve the issue.
└ @ RCall ~/.julia/packages/RCall/JIY9I/src/io.jl:171
┌ Warning: RCall.jl: Warning in L0Learn.fit(X_train, y_train, penalty = "L0", lambdaGrid = list(c(lambda_val)),  :
│   Warning! Only 1 element in path with support size > maxSuppSize. 
│  Try increasing maxSuppSize to resolve the issue.
└ @ RCall ~/.julia/packages/RCall/JIY9I/src/io.jl:171
┌ Warning: RCall.jl: Warning in L0Learn.fit(X_train, y_train, penalty = "L0", lambdaGrid = list(c(lambda_val)),  :
│   Warning! Only 1 element in path with support size > maxSuppSize. 
│  Try increasing maxSuppSize to resolve the issue.
└ @ RCall ~/.julia/packages/RCall/JIY9I/src/io.jl:171
┌ Warning: RCall.jl: Warning in L0Learn.fit(X_train, y_train, penalty = "L0", lambdaGrid = list(c(lambda_val)),  :
│   Warning! Only 1 element in path with support size > maxSuppSize. 
│  Try increasing maxSuppSize to resolve the issue.
└ @ RCall ~/.julia/packages/RCall/JIY9I/src/io.jl:171
┌ Warning: RCall.jl: Warning in L0Learn.fit(X_train, y_train, penalty = "L0", lambdaGrid = list(c(lambda_val)),  :
│   Warning! Only 1 element in path with support size > maxSuppSize. 
│  Try increasing maxSuppSize to resolve the issue.
└ @ RCall ~/.julia/packages/RCall/JIY9I/src/io.jl:171
┌ Warning: RCall.jl: Warning in L0Learn.fit(X_train, y_train, penalty = "L0", lambdaGrid = list(c(lambda_val)),  :
│   Warning! Only 1 element in path with support size > maxSuppSize. 
│  Try increasing maxSuppSize to resolve the issue.
└ @ RCall ~/.julia/packages/RCall/JIY9I/src/io.jl:171
┌ Warning: RCall.jl: Warning in L0Learn.fit(X_train, y_train, penalty = "L0", lambdaGrid = list(c(lambda_val)),  :
│   Warning! Only 1 element in path with support size > maxSuppSize. 
│  Try increasing maxSuppSize to resolve the issue.
└ @ RCall ~/.julia/packages/RCall/JIY9I/src/io.jl:171
┌ Warning: RCall.jl: Warning in L0Learn.fit(X_train, y_train, penalty = "L0", lambdaGrid = list(c(lambda_val)),  :
│   Warning! Only 1 element in path with support size > maxSuppSize. 
│  Try increasing maxSuppSize to resolve the issue.
└ @ RCall ~/.julia/packages/RCall/JIY9I/src/io.jl:171
┌ Warning: RCall.jl: Warning in L0Learn.fit(X_train, y_train, penalty = "L0", lambdaGrid = list(c(lambda_val)),  :
│   Warning! Only 1 element in path with support size > maxSuppSize. 
│  Try increasing maxSuppSize to resolve the issue.
└ @ RCall ~/.julia/packages/RCall/JIY9I/src/io.jl:171
┌ Warning: RCall.jl: Warning in L0Learn.fit(X_train, y_train, penalty = "L0", lambdaGrid = list(c(lambda_val)),  :
│   Warning! Only 1 element in path with support size > maxSuppSize. 
│  Try increasing maxSuppSize to resolve the issue.
└ @ RCall ~/.julia/packages/RCall/JIY9I/src/io.jl:171
┌ Warning: RCall.jl: Warning in L0Learn.fit(X_train, y_train, penalty = "L0", lambdaGrid = list(c(lambda_val)),  :
│   Warning! Only 1 element in path with support size > maxSuppSize. 
│  Try increasing maxSuppSize to resolve the issue.
└ @ RCall ~/.julia/packages/RCall/JIY9I/src/io.jl:171
┌ Warning: RCall.jl: Warning in L0Learn.fit(X_train, y_train, penalty = "L0", lambdaGrid = list(c(lambda_val)),  :
│   Warning! Only 1 element in path with support size > maxSuppSize. 
│  Try increasing maxSuppSize to resolve the issue.
└ @ RCall ~/.julia/packages/RCall/JIY9I/src/io.jl:171
┌ Warning: RCall.jl: Warning in L0Learn.fit(X_train, y_train, penalty = "L0", lambdaGrid = list(c(lambda_val)),  :
│   Warning! Only 1 element in path with support size > maxSuppSize. 
│  Try increasing maxSuppSize to resolve the issue.
└ @ RCall ~/.julia/packages/RCall/JIY9I/src/io.jl:171
┌ Warning: RCall.jl: Warning in L0Learn.fit(X_train, y_train, penalty = "L0", lambdaGrid = list(c(lambda_val)),  :
│   Warning! Only 1 element in path with support size > maxSuppSize. 
│  Try increasing maxSuppSize to resolve the issue.
└ @ RCall ~/.julia/packages/RCall/JIY9I/src/io.jl:171
┌ Warning: RCall.jl: Warning in L0Learn.fit(X_train, y_train, penalty = "L0", lambdaGrid = list(c(lambda_val)),  :
│   Warning! Only 1 element in path with support size > maxSuppSize. 
│  Try increasing maxSuppSize to resolve the issue.
└ @ RCall ~/.julia/packages/RCall/JIY9I/src/io.jl:171
┌ Warning: RCall.jl: Warning in L0Learn.fit(X_train, y_train, penalty = "L0", lambdaGrid = list(c(lambda_val)),  :
│   Warning! Only 1 element in path with support size > maxSuppSize. 
│  Try increasing maxSuppSize to resolve the issue.
└ @ RCall ~/.julia/packages/RCall/JIY9I/src/io.jl:171
┌ Warning: RCall.jl: Warning in L0Learn.fit(X_train, y_train, penalty = "L0", lambdaGrid = list(c(lambda_val)),  :
│   Warning! Only 1 element in path with support size > maxSuppSize. 
│  Try increasing maxSuppSize to resolve the issue.
└ @ RCall ~/.julia/packages/RCall/JIY9I/src/io.jl:171
[ Info: Trial 7/10 completed
┌ Warning: RCall.jl: Warning in L0Learn.fit(X_train, y_train, penalty = "L0", lambdaGrid = list(c(lambda_val)),  :
│   Warning! Only 1 element in path with support size > maxSuppSize. 
│  Try increasing maxSuppSize to resolve the issue.
└ @ RCall ~/.julia/packages/RCall/JIY9I/src/io.jl:171
┌ Warning: RCall.jl: Warning in L0Learn.fit(X_train, y_train, penalty = "L0", lambdaGrid = list(c(lambda_val)),  :
│   Warning! Only 1 element in path with support size > maxSuppSize. 
│  Try increasing maxSuppSize to resolve the issue.
└ @ RCall ~/.julia/packages/RCall/JIY9I/src/io.jl:171
┌ Warning: RCall.jl: Warning in L0Learn.fit(X_train, y_train, penalty = "L0", lambdaGrid = list(c(lambda_val)),  :
│   Warning! Only 1 element in path with support size > maxSuppSize. 
│  Try increasing maxSuppSize to resolve the issue.
└ @ RCall ~/.julia/packages/RCall/JIY9I/src/io.jl:171
┌ Warning: RCall.jl: Warning in L0Learn.fit(X_train, y_train, penalty = "L0", lambdaGrid = list(c(lambda_val)),  :
│   Warning! Only 1 element in path with support size > maxSuppSize. 
│  Try increasing maxSuppSize to resolve the issue.
└ @ RCall ~/.julia/packages/RCall/JIY9I/src/io.jl:171
┌ Warning: RCall.jl: Warning in L0Learn.fit(X_train, y_train, penalty = "L0", lambdaGrid = list(c(lambda_val)),  :
│   Warning! Only 1 element in path with support size > maxSuppSize. 
│  Try increasing maxSuppSize to resolve the issue.
└ @ RCall ~/.julia/packages/RCall/JIY9I/src/io.jl:171
┌ Warning: RCall.jl: Warning in L0Learn.fit(X_train, y_train, penalty = "L0", lambdaGrid = list(c(lambda_val)),  :
│   Warning! Only 1 element in path with support size > maxSuppSize. 
│  Try increasing maxSuppSize to resolve the issue.
└ @ RCall ~/.julia/packages/RCall/JIY9I/src/io.jl:171
┌ Warning: RCall.jl: Warning in L0Learn.fit(X_train, y_train, penalty = "L0", lambdaGrid = list(c(lambda_val)),  :
│   Warning! Only 1 element in path with support size > maxSuppSize. 
│  Try increasing maxSuppSize to resolve the issue.
└ @ RCall ~/.julia/packages/RCall/JIY9I/src/io.jl:171
┌ Warning: RCall.jl: Warning in L0Learn.fit(X_train, y_train, penalty = "L0", lambdaGrid = list(c(lambda_val)),  :
│   Warning! Only 1 element in path with support size > maxSuppSize. 
│  Try increasing maxSuppSize to resolve the issue.
└ @ RCall ~/.julia/packages/RCall/JIY9I/src/io.jl:171
┌ Warning: RCall.jl: Warning in L0Learn.fit(X_train, y_train, penalty = "L0", lambdaGrid = list(c(lambda_val)),  :
│   Warning! Only 1 element in path with support size > maxSuppSize. 
│  Try increasing maxSuppSize to resolve the issue.
└ @ RCall ~/.julia/packages/RCall/JIY9I/src/io.jl:171
┌ Warning: RCall.jl: Warning in L0Learn.fit(X_train, y_train, penalty = "L0", lambdaGrid = list(c(lambda_val)),  :
│   Warning! Only 1 element in path with support size > maxSuppSize. 
│  Try increasing maxSuppSize to resolve the issue.
└ @ RCall ~/.julia/packages/RCall/JIY9I/src/io.jl:171
┌ Warning: RCall.jl: Warning in L0Learn.fit(X_train, y_train, penalty = "L0", lambdaGrid = list(c(lambda_val)),  :
│   Warning! Only 1 element in path with support size > maxSuppSize. 
│  Try increasing maxSuppSize to resolve the issue.
└ @ RCall ~/.julia/packages/RCall/JIY9I/src/io.jl:171
┌ Warning: RCall.jl: Warning in L0Learn.fit(X_train, y_train, penalty = "L0", lambdaGrid = list(c(lambda_val)),  :
│   Warning! Only 1 element in path with support size > maxSuppSize. 
│  Try increasing maxSuppSize to resolve the issue.
└ @ RCall ~/.julia/packages/RCall/JIY9I/src/io.jl:171
┌ Warning: RCall.jl: Warning in L0Learn.fit(X_train, y_train, penalty = "L0", lambdaGrid = list(c(lambda_val)),  :
│   Warning! Only 1 element in path with support size > maxSuppSize. 
│  Try increasing maxSuppSize to resolve the issue.
└ @ RCall ~/.julia/packages/RCall/JIY9I/src/io.jl:171
┌ Warning: RCall.jl: Warning in L0Learn.fit(X_train, y_train, penalty = "L0", lambdaGrid = list(c(lambda_val)),  :
│   Warning! Only 1 element in path with support size > maxSuppSize. 
│  Try increasing maxSuppSize to resolve the issue.
└ @ RCall ~/.julia/packages/RCall/JIY9I/src/io.jl:171
┌ Warning: RCall.jl: Warning in L0Learn.fit(X_train, y_train, penalty = "L0", lambdaGrid = list(c(lambda_val)),  :
│   Warning! Only 1 element in path with support size > maxSuppSize. 
│  Try increasing maxSuppSize to resolve the issue.
└ @ RCall ~/.julia/packages/RCall/JIY9I/src/io.jl:171
┌ Warning: RCall.jl: Warning in L0Learn.fit(X_train, y_train, penalty = "L0", lambdaGrid = list(c(lambda_val)),  :
│   Warning! Only 1 element in path with support size > maxSuppSize. 
│  Try increasing maxSuppSize to resolve the issue.
└ @ RCall ~/.julia/packages/RCall/JIY9I/src/io.jl:171
┌ Warning: RCall.jl: Warning in L0Learn.fit(X_train, y_train, penalty = "L0", lambdaGrid = list(c(lambda_val)),  :
│   Warning! Only 1 element in path with support size > maxSuppSize. 
│  Try increasing maxSuppSize to resolve the issue.
└ @ RCall ~/.julia/packages/RCall/JIY9I/src/io.jl:171
┌ Warning: RCall.jl: Warning in L0Learn.fit(X_train, y_train, penalty = "L0", lambdaGrid = list(c(lambda_val)),  :
│   Warning! Only 1 element in path with support size > maxSuppSize. 
│  Try increasing maxSuppSize to resolve the issue.
└ @ RCall ~/.julia/packages/RCall/JIY9I/src/io.jl:171
┌ Warning: RCall.jl: Warning in L0Learn.fit(X_train, y_train, penalty = "L0", lambdaGrid = list(c(lambda_val)),  :
│   Warning! Only 1 element in path with support size > maxSuppSize. 
│  Try increasing maxSuppSize to resolve the issue.
└ @ RCall ~/.julia/packages/RCall/JIY9I/src/io.jl:171
┌ Warning: RCall.jl: Warning in L0Learn.fit(X_train, y_train, penalty = "L0", lambdaGrid = list(c(lambda_val)),  :
│   Warning! Only 1 element in path with support size > maxSuppSize. 
│  Try increasing maxSuppSize to resolve the issue.
└ @ RCall ~/.julia/packages/RCall/JIY9I/src/io.jl:171
┌ Warning: RCall.jl: Warning in L0Learn.fit(X_train, y_train, penalty = "L0", lambdaGrid = list(c(lambda_val)),  :
│   Warning! Only 1 element in path with support size > maxSuppSize. 
│  Try increasing maxSuppSize to resolve the issue.
└ @ RCall ~/.julia/packages/RCall/JIY9I/src/io.jl:171
┌ Warning: RCall.jl: Warning in L0Learn.fit(X_train, y_train, penalty = "L0", lambdaGrid = list(c(lambda_val)),  :
│   Warning! Only 1 element in path with support size > maxSuppSize. 
│  Try increasing maxSuppSize to resolve the issue.
└ @ RCall ~/.julia/packages/RCall/JIY9I/src/io.jl:171
┌ Warning: RCall.jl: Warning in L0Learn.fit(X_train, y_train, penalty = "L0", lambdaGrid = list(c(lambda_val)),  :
│   Warning! Only 1 element in path with support size > maxSuppSize. 
│  Try increasing maxSuppSize to resolve the issue.
└ @ RCall ~/.julia/packages/RCall/JIY9I/src/io.jl:171
┌ Warning: RCall.jl: Warning in L0Learn.fit(X_train, y_train, penalty = "L0", lambdaGrid = list(c(lambda_val)),  :
│   Warning! Only 1 element in path with support size > maxSuppSize. 
│  Try increasing maxSuppSize to resolve the issue.
└ @ RCall ~/.julia/packages/RCall/JIY9I/src/io.jl:171
┌ Warning: RCall.jl: Warning in L0Learn.fit(X_train, y_train, penalty = "L0", lambdaGrid = list(c(lambda_val)),  :
│   Warning! Only 1 element in path with support size > maxSuppSize. 
│  Try increasing maxSuppSize to resolve the issue.
└ @ RCall ~/.julia/packages/RCall/JIY9I/src/io.jl:171
┌ Warning: RCall.jl: Warning in L0Learn.fit(X_train, y_train, penalty = "L0", lambdaGrid = list(c(lambda_val)),  :
│   Warning! Only 1 element in path with support size > maxSuppSize. 
│  Try increasing maxSuppSize to resolve the issue.
└ @ RCall ~/.julia/packages/RCall/JIY9I/src/io.jl:171
┌ Warning: RCall.jl: Warning in L0Learn.fit(X_train, y_train, penalty = "L0", lambdaGrid = list(c(lambda_val)),  :
│   Warning! Only 1 element in path with support size > maxSuppSize. 
│  Try increasing maxSuppSize to resolve the issue.
└ @ RCall ~/.julia/packages/RCall/JIY9I/src/io.jl:171
┌ Warning: RCall.jl: Warning in L0Learn.fit(X_train, y_train, penalty = "L0", lambdaGrid = list(c(lambda_val)),  :
│   Warning! Only 1 element in path with support size > maxSuppSize. 
│  Try increasing maxSuppSize to resolve the issue.
└ @ RCall ~/.julia/packages/RCall/JIY9I/src/io.jl:171
┌ Warning: RCall.jl: Warning in L0Learn.fit(X_train, y_train, penalty = "L0", lambdaGrid = list(c(lambda_val)),  :
│   Warning! Only 1 element in path with support size > maxSuppSize. 
│  Try increasing maxSuppSize to resolve the issue.
└ @ RCall ~/.julia/packages/RCall/JIY9I/src/io.jl:171
┌ Warning: RCall.jl: Warning in L0Learn.fit(X_train, y_train, penalty = "L0", lambdaGrid = list(c(lambda_val)),  :
│   Warning! Only 1 element in path with support size > maxSuppSize. 
│  Try increasing maxSuppSize to resolve the issue.
└ @ RCall ~/.julia/packages/RCall/JIY9I/src/io.jl:171
┌ Warning: RCall.jl: Warning in L0Learn.fit(X_train, y_train, penalty = "L0", lambdaGrid = list(c(lambda_val)),  :
│   Warning! Only 1 element in path with support size > maxSuppSize. 
│  Try increasing maxSuppSize to resolve the issue.
└ @ RCall ~/.julia/packages/RCall/JIY9I/src/io.jl:171
┌ Warning: RCall.jl: Warning in L0Learn.fit(X_train, y_train, penalty = "L0", lambdaGrid = list(c(lambda_val)),  :
│   Warning! Only 1 element in path with support size > maxSuppSize. 
│  Try increasing maxSuppSize to resolve the issue.
└ @ RCall ~/.julia/packages/RCall/JIY9I/src/io.jl:171
┌ Warning: RCall.jl: Warning in L0Learn.fit(X_train, y_train, penalty = "L0", lambdaGrid = list(c(lambda_val)),  :
│   Warning! Only 1 element in path with support size > maxSuppSize. 
│  Try increasing maxSuppSize to resolve the issue.
└ @ RCall ~/.julia/packages/RCall/JIY9I/src/io.jl:171
┌ Warning: RCall.jl: Warning in L0Learn.fit(X_train, y_train, penalty = "L0", lambdaGrid = list(c(lambda_val)),  :
│   Warning! Only 1 element in path with support size > maxSuppSize. 
│  Try increasing maxSuppSize to resolve the issue.
└ @ RCall ~/.julia/packages/RCall/JIY9I/src/io.jl:171
┌ Warning: RCall.jl: Warning in L0Learn.fit(X_train, y_train, penalty = "L0", lambdaGrid = list(c(lambda_val)),  :
│   Warning! Only 1 element in path with support size > maxSuppSize. 
│  Try increasing maxSuppSize to resolve the issue.
└ @ RCall ~/.julia/packages/RCall/JIY9I/src/io.jl:171
[ Info: Trial 8/10 completed
┌ Warning: RCall.jl: Warning in L0Learn.fit(X_train, y_train, penalty = "L0", lambdaGrid = list(c(lambda_val)),  :
│   Warning! Only 1 element in path with support size > maxSuppSize. 
│  Try increasing maxSuppSize to resolve the issue.
└ @ RCall ~/.julia/packages/RCall/JIY9I/src/io.jl:171
┌ Warning: RCall.jl: Warning in L0Learn.fit(X_train, y_train, penalty = "L0", lambdaGrid = list(c(lambda_val)),  :
│   Warning! Only 1 element in path with support size > maxSuppSize. 
│  Try increasing maxSuppSize to resolve the issue.
└ @ RCall ~/.julia/packages/RCall/JIY9I/src/io.jl:171
┌ Warning: RCall.jl: Warning in L0Learn.fit(X_train, y_train, penalty = "L0", lambdaGrid = list(c(lambda_val)),  :
│   Warning! Only 1 element in path with support size > maxSuppSize. 
│  Try increasing maxSuppSize to resolve the issue.
└ @ RCall ~/.julia/packages/RCall/JIY9I/src/io.jl:171
┌ Warning: RCall.jl: Warning in L0Learn.fit(X_train, y_train, penalty = "L0", lambdaGrid = list(c(lambda_val)),  :
│   Warning! Only 1 element in path with support size > maxSuppSize. 
│  Try increasing maxSuppSize to resolve the issue.
└ @ RCall ~/.julia/packages/RCall/JIY9I/src/io.jl:171
┌ Warning: RCall.jl: Warning in L0Learn.fit(X_train, y_train, penalty = "L0", lambdaGrid = list(c(lambda_val)),  :
│   Warning! Only 1 element in path with support size > maxSuppSize. 
│  Try increasing maxSuppSize to resolve the issue.
└ @ RCall ~/.julia/packages/RCall/JIY9I/src/io.jl:171
┌ Warning: RCall.jl: Warning in L0Learn.fit(X_train, y_train, penalty = "L0", lambdaGrid = list(c(lambda_val)),  :
│   Warning! Only 1 element in path with support size > maxSuppSize. 
│  Try increasing maxSuppSize to resolve the issue.
└ @ RCall ~/.julia/packages/RCall/JIY9I/src/io.jl:171
┌ Warning: RCall.jl: Warning in L0Learn.fit(X_train, y_train, penalty = "L0", lambdaGrid = list(c(lambda_val)),  :
│   Warning! Only 1 element in path with support size > maxSuppSize. 
│  Try increasing maxSuppSize to resolve the issue.
└ @ RCall ~/.julia/packages/RCall/JIY9I/src/io.jl:171
┌ Warning: RCall.jl: Warning in L0Learn.fit(X_train, y_train, penalty = "L0", lambdaGrid = list(c(lambda_val)),  :
│   Warning! Only 1 element in path with support size > maxSuppSize. 
│  Try increasing maxSuppSize to resolve the issue.
└ @ RCall ~/.julia/packages/RCall/JIY9I/src/io.jl:171
┌ Warning: RCall.jl: Warning in L0Learn.fit(X_train, y_train, penalty = "L0", lambdaGrid = list(c(lambda_val)),  :
│   Warning! Only 1 element in path with support size > maxSuppSize. 
│  Try increasing maxSuppSize to resolve the issue.
└ @ RCall ~/.julia/packages/RCall/JIY9I/src/io.jl:171
┌ Warning: RCall.jl: Warning in L0Learn.fit(X_train, y_train, penalty = "L0", lambdaGrid = list(c(lambda_val)),  :
│   Warning! Only 1 element in path with support size > maxSuppSize. 
│  Try increasing maxSuppSize to resolve the issue.
└ @ RCall ~/.julia/packages/RCall/JIY9I/src/io.jl:171
┌ Warning: RCall.jl: Warning in L0Learn.fit(X_train, y_train, penalty = "L0", lambdaGrid = list(c(lambda_val)),  :
│   Warning! Only 1 element in path with support size > maxSuppSize. 
│  Try increasing maxSuppSize to resolve the issue.
└ @ RCall ~/.julia/packages/RCall/JIY9I/src/io.jl:171
┌ Warning: RCall.jl: Warning in L0Learn.fit(X_train, y_train, penalty = "L0", lambdaGrid = list(c(lambda_val)),  :
│   Warning! Only 1 element in path with support size > maxSuppSize. 
│  Try increasing maxSuppSize to resolve the issue.
└ @ RCall ~/.julia/packages/RCall/JIY9I/src/io.jl:171
┌ Warning: RCall.jl: Warning in L0Learn.fit(X_train, y_train, penalty = "L0", lambdaGrid = list(c(lambda_val)),  :
│   Warning! Only 1 element in path with support size > maxSuppSize. 
│  Try increasing maxSuppSize to resolve the issue.
└ @ RCall ~/.julia/packages/RCall/JIY9I/src/io.jl:171
┌ Warning: RCall.jl: Warning in L0Learn.fit(X_train, y_train, penalty = "L0", lambdaGrid = list(c(lambda_val)),  :
│   Warning! Only 1 element in path with support size > maxSuppSize. 
│  Try increasing maxSuppSize to resolve the issue.
└ @ RCall ~/.julia/packages/RCall/JIY9I/src/io.jl:171
┌ Warning: RCall.jl: Warning in L0Learn.fit(X_train, y_train, penalty = "L0", lambdaGrid = list(c(lambda_val)),  :
│   Warning! Only 1 element in path with support size > maxSuppSize. 
│  Try increasing maxSuppSize to resolve the issue.
└ @ RCall ~/.julia/packages/RCall/JIY9I/src/io.jl:171
┌ Warning: RCall.jl: Warning in L0Learn.fit(X_train, y_train, penalty = "L0", lambdaGrid = list(c(lambda_val)),  :
│   Warning! Only 1 element in path with support size > maxSuppSize. 
│  Try increasing maxSuppSize to resolve the issue.
└ @ RCall ~/.julia/packages/RCall/JIY9I/src/io.jl:171
┌ Warning: RCall.jl: Warning in L0Learn.fit(X_train, y_train, penalty = "L0", lambdaGrid = list(c(lambda_val)),  :
│   Warning! Only 1 element in path with support size > maxSuppSize. 
│  Try increasing maxSuppSize to resolve the issue.
└ @ RCall ~/.julia/packages/RCall/JIY9I/src/io.jl:171
┌ Warning: RCall.jl: Warning in L0Learn.fit(X_train, y_train, penalty = "L0", lambdaGrid = list(c(lambda_val)),  :
│   Warning! Only 1 element in path with support size > maxSuppSize. 
│  Try increasing maxSuppSize to resolve the issue.
└ @ RCall ~/.julia/packages/RCall/JIY9I/src/io.jl:171
┌ Warning: RCall.jl: Warning in L0Learn.fit(X_train, y_train, penalty = "L0", lambdaGrid = list(c(lambda_val)),  :
│   Warning! Only 1 element in path with support size > maxSuppSize. 
│  Try increasing maxSuppSize to resolve the issue.
└ @ RCall ~/.julia/packages/RCall/JIY9I/src/io.jl:171
┌ Warning: RCall.jl: Warning in L0Learn.fit(X_train, y_train, penalty = "L0", lambdaGrid = list(c(lambda_val)),  :
│   Warning! Only 1 element in path with support size > maxSuppSize. 
│  Try increasing maxSuppSize to resolve the issue.
└ @ RCall ~/.julia/packages/RCall/JIY9I/src/io.jl:171
┌ Warning: RCall.jl: Warning in L0Learn.fit(X_train, y_train, penalty = "L0", lambdaGrid = list(c(lambda_val)),  :
│   Warning! Only 1 element in path with support size > maxSuppSize. 
│  Try increasing maxSuppSize to resolve the issue.
└ @ RCall ~/.julia/packages/RCall/JIY9I/src/io.jl:171
┌ Warning: RCall.jl: Warning in L0Learn.fit(X_train, y_train, penalty = "L0", lambdaGrid = list(c(lambda_val)),  :
│   Warning! Only 1 element in path with support size > maxSuppSize. 
│  Try increasing maxSuppSize to resolve the issue.
└ @ RCall ~/.julia/packages/RCall/JIY9I/src/io.jl:171
┌ Warning: RCall.jl: Warning in L0Learn.fit(X_train, y_train, penalty = "L0", lambdaGrid = list(c(lambda_val)),  :
│   Warning! Only 1 element in path with support size > maxSuppSize. 
│  Try increasing maxSuppSize to resolve the issue.
└ @ RCall ~/.julia/packages/RCall/JIY9I/src/io.jl:171
┌ Warning: RCall.jl: Warning in L0Learn.fit(X_train, y_train, penalty = "L0", lambdaGrid = list(c(lambda_val)),  :
│   Warning! Only 1 element in path with support size > maxSuppSize. 
│  Try increasing maxSuppSize to resolve the issue.
└ @ RCall ~/.julia/packages/RCall/JIY9I/src/io.jl:171
┌ Warning: RCall.jl: Warning in L0Learn.fit(X_train, y_train, penalty = "L0", lambdaGrid = list(c(lambda_val)),  :
│   Warning! Only 1 element in path with support size > maxSuppSize. 
│  Try increasing maxSuppSize to resolve the issue.
└ @ RCall ~/.julia/packages/RCall/JIY9I/src/io.jl:171
┌ Warning: RCall.jl: Warning in L0Learn.fit(X_train, y_train, penalty = "L0", lambdaGrid = list(c(lambda_val)),  :
│   Warning! Only 1 element in path with support size > maxSuppSize. 
│  Try increasing maxSuppSize to resolve the issue.
└ @ RCall ~/.julia/packages/RCall/JIY9I/src/io.jl:171
┌ Warning: RCall.jl: Warning in L0Learn.fit(X_train, y_train, penalty = "L0", lambdaGrid = list(c(lambda_val)),  :
│   Warning! Only 1 element in path with support size > maxSuppSize. 
│  Try increasing maxSuppSize to resolve the issue.
└ @ RCall ~/.julia/packages/RCall/JIY9I/src/io.jl:171
┌ Warning: RCall.jl: Warning in L0Learn.fit(X_train, y_train, penalty = "L0", lambdaGrid = list(c(lambda_val)),  :
│   Warning! Only 1 element in path with support size > maxSuppSize. 
│  Try increasing maxSuppSize to resolve the issue.
└ @ RCall ~/.julia/packages/RCall/JIY9I/src/io.jl:171
┌ Warning: RCall.jl: Warning in L0Learn.fit(X_train, y_train, penalty = "L0", lambdaGrid = list(c(lambda_val)),  :
│   Warning! Only 1 element in path with support size > maxSuppSize. 
│  Try increasing maxSuppSize to resolve the issue.
└ @ RCall ~/.julia/packages/RCall/JIY9I/src/io.jl:171
┌ Warning: RCall.jl: Warning in L0Learn.fit(X_train, y_train, penalty = "L0", lambdaGrid = list(c(lambda_val)),  :
│   Warning! Only 1 element in path with support size > maxSuppSize. 
│  Try increasing maxSuppSize to resolve the issue.
└ @ RCall ~/.julia/packages/RCall/JIY9I/src/io.jl:171
"CDSS" = "CDSS"
SUP = 100.0
Pred = 0.10470539713264987
Sim = 1.0
Infv = 0.23817704004067797
round(elapsed, digits = 2) = 50.5
"CDSS (β-only)" = "CDSS (β-only)"
SUP = 100.0
Pred = 0.10470630128885375
Sim = 1.0
Infv = 0.23818577243915895
round(elapsed, digits = 2) = 25.64
refinement_change = 1.2805861972228109e-5
"SPGpCDSS" = "SPGpCDSS"
SUP = 100.0
Pred = 0.10470597742451457
Sim = 1.0
Infv = 0.23818487771832442
round(elapsed, digits = 2) = 7.86
spgpcdss_chose_beta = false
"L0Learn" = "L0Learn"
supp_l0 = 46
predval_l0 = 0.4635318819959341
sim_l0 = 0.45
inf_l0 = 1.2151422250683812
round(elapsed, digits = 2) = 0.1
"L0Learn+PSI1" = "L0Learn+PSI1"
SUP = 100.0
Pred = 0.10436916077120033
Sim = 1.0
Infv = 0.24551473436639037
round(elapsed, digits = 2) = 30.38
"CDSS" = "CDSS"
SUP = 100.0
Pred = 0.0989090456605585
Sim = 1.0
Infv = 0.22047325049875677
round(elapsed, digits = 2) = 30.69
"CDSS (β-only)" = "CDSS (β-only)"
SUP = 100.0
Pred = 0.0989090456605585
Sim = 1.0
Infv = 0.22047325049875677
round(elapsed, digits = 2) = 30.93
refinement_change = 1.9457726573999262e-5
"SPGpCDSS" = "SPGpCDSS"
SUP = 100.0
Pred = 0.09890886244102834
Sim = 1.0
Infv = 0.2204790011401423
round(elapsed, digits = 2) = 8.49
spgpcdss_chose_beta = false
"L0Learn" = "L0Learn"
supp_l0 = 43
predval_l0 = 0.4890332479886595
sim_l0 = 0.43
inf_l0 = 1.0
round(elapsed, digits = 2) = 0.09
"L0Learn+PSI1" = "L0Learn+PSI1"
SUP = 100.0
Pred = 0.09890815922820002
Sim = 1.0
Infv = 0.22051399524231718
round(elapsed, digits = 2) = 29.46
"CDSS" = "CDSS"
SUP = 100.0
Pred = 0.1003003527775669
Sim = 1.0
Infv = 0.20446309460686019
round(elapsed, digits = 2) = 45.71
"CDSS (β-only)" = "CDSS (β-only)"
SUP = 100.0
Pred = 0.1003003527775669
Sim = 1.0
Infv = 0.20446309460686019
round(elapsed, digits = 2) = 52.18
refinement_change = 1.373322271051478e-5
"SPGpCDSS" = "SPGpCDSS"
SUP = 100.0
Pred = 0.10030028149869592
Sim = 1.0
Infv = 0.20445712834681573
round(elapsed, digits = 2) = 32.02
spgpcdss_chose_beta = false
"L0Learn" = "L0Learn"
supp_l0 = 49
predval_l0 = 0.48157414988030056
sim_l0 = 0.48
inf_l0 = 1.5053887814838405
round(elapsed, digits = 2) = 0.15
"L0Learn+PSI1" = "L0Learn+PSI1"
SUP = 100.0
Pred = 0.10029674941893359
Sim = 1.0
Infv = 0.20454872149500947
round(elapsed, digits = 2) = 41.56
"CDSS" = "CDSS"
SUP = 100.0
Pred = 0.10241023251154474
Sim = 1.0
Infv = 0.2582776823369044
round(elapsed, digits = 2) = 57.38
"CDSS (β-only)" = "CDSS (β-only)"
SUP = 100.0
Pred = 0.1024104304341555
Sim = 1.0
Infv = 0.258288113855782
round(elapsed, digits = 2) = 56.61
refinement_change = 2.3254692437222294e-5
"SPGpCDSS" = "SPGpCDSS"
SUP = 100.0
Pred = 0.10241001960594237
Sim = 1.0
Infv = 0.25830219379697406
round(elapsed, digits = 2) = 33.49
spgpcdss_chose_beta = false
"L0Learn" = "L0Learn"
supp_l0 = 50
predval_l0 = 0.43872855481789114
sim_l0 = 0.5
inf_l0 = 1.0
round(elapsed, digits = 2) = 0.12
"L0Learn+PSI1" = "L0Learn+PSI1"
SUP = 100.0
Pred = 0.10240992503851899
Sim = 1.0
Infv = 0.25831720521934876
round(elapsed, digits = 2) = 46.39
┌ Warning: RCall.jl: Warning in L0Learn.fit(X_train, y_train, penalty = "L0", lambdaGrid = list(c(lambda_val)),  :
│   Warning! Only 1 element in path with support size > maxSuppSize. 
│  Try increasing maxSuppSize to resolve the issue.
└ @ RCall ~/.julia/packages/RCall/JIY9I/src/io.jl:171
┌ Warning: RCall.jl: Warning in L0Learn.fit(X_train, y_train, penalty = "L0", lambdaGrid = list(c(lambda_val)),  :
│   Warning! Only 1 element in path with support size > maxSuppSize. 
│  Try increasing maxSuppSize to resolve the issue.
└ @ RCall ~/.julia/packages/RCall/JIY9I/src/io.jl:171
┌ Warning: RCall.jl: Warning in L0Learn.fit(X_train, y_train, penalty = "L0", lambdaGrid = list(c(lambda_val)),  :
│   Warning! Only 1 element in path with support size > maxSuppSize. 
│  Try increasing maxSuppSize to resolve the issue.
└ @ RCall ~/.julia/packages/RCall/JIY9I/src/io.jl:171
┌ Warning: RCall.jl: Warning in L0Learn.fit(X_train, y_train, penalty = "L0", lambdaGrid = list(c(lambda_val)),  :
│   Warning! Only 1 element in path with support size > maxSuppSize. 
│  Try increasing maxSuppSize to resolve the issue.
└ @ RCall ~/.julia/packages/RCall/JIY9I/src/io.jl:171
┌ Warning: RCall.jl: Warning in L0Learn.fit(X_train, y_train, penalty = "L0", lambdaGrid = list(c(lambda_val)),  :
│   Warning! Only 1 element in path with support size > maxSuppSize. 
│  Try increasing maxSuppSize to resolve the issue.
└ @ RCall ~/.julia/packages/RCall/JIY9I/src/io.jl:171
[ Info: Trial 9/10 completed
┌ Warning: RCall.jl: Warning in L0Learn.fit(X_train, y_train, penalty = "L0", lambdaGrid = list(c(lambda_val)),  :
│   Warning! Only 1 element in path with support size > maxSuppSize. 
│  Try increasing maxSuppSize to resolve the issue.
└ @ RCall ~/.julia/packages/RCall/JIY9I/src/io.jl:171
┌ Warning: RCall.jl: Warning in L0Learn.fit(X_train, y_train, penalty = "L0", lambdaGrid = list(c(lambda_val)),  :
│   Warning! Only 1 element in path with support size > maxSuppSize. 
│  Try increasing maxSuppSize to resolve the issue.
└ @ RCall ~/.julia/packages/RCall/JIY9I/src/io.jl:171
┌ Warning: RCall.jl: Warning in L0Learn.fit(X_train, y_train, penalty = "L0", lambdaGrid = list(c(lambda_val)),  :
│   Warning! Only 1 element in path with support size > maxSuppSize. 
│  Try increasing maxSuppSize to resolve the issue.
└ @ RCall ~/.julia/packages/RCall/JIY9I/src/io.jl:171
┌ Warning: RCall.jl: Warning in L0Learn.fit(X_train, y_train, penalty = "L0", lambdaGrid = list(c(lambda_val)),  :
│   Warning! Only 1 element in path with support size > maxSuppSize. 
│  Try increasing maxSuppSize to resolve the issue.
└ @ RCall ~/.julia/packages/RCall/JIY9I/src/io.jl:171
┌ Warning: RCall.jl: Warning in L0Learn.fit(X_train, y_train, penalty = "L0", lambdaGrid = list(c(lambda_val)),  :
│   Warning! Only 1 element in path with support size > maxSuppSize. 
│  Try increasing maxSuppSize to resolve the issue.
└ @ RCall ~/.julia/packages/RCall/JIY9I/src/io.jl:171
┌ Warning: RCall.jl: Warning in L0Learn.fit(X_train, y_train, penalty = "L0", lambdaGrid = list(c(lambda_val)),  :
│   Warning! Only 1 element in path with support size > maxSuppSize. 
│  Try increasing maxSuppSize to resolve the issue.
└ @ RCall ~/.julia/packages/RCall/JIY9I/src/io.jl:171
┌ Warning: RCall.jl: Warning in L0Learn.fit(X_train, y_train, penalty = "L0", lambdaGrid = list(c(lambda_val)),  :
│   Warning! Only 1 element in path with support size > maxSuppSize. 
│  Try increasing maxSuppSize to resolve the issue.
└ @ RCall ~/.julia/packages/RCall/JIY9I/src/io.jl:171
┌ Warning: RCall.jl: Warning in L0Learn.fit(X_train, y_train, penalty = "L0", lambdaGrid = list(c(lambda_val)),  :
│   Warning! Only 1 element in path with support size > maxSuppSize. 
│  Try increasing maxSuppSize to resolve the issue.
└ @ RCall ~/.julia/packages/RCall/JIY9I/src/io.jl:171
┌ Warning: RCall.jl: Warning in L0Learn.fit(X_train, y_train, penalty = "L0", lambdaGrid = list(c(lambda_val)),  :
│   Warning! Only 1 element in path with support size > maxSuppSize. 
│  Try increasing maxSuppSize to resolve the issue.
└ @ RCall ~/.julia/packages/RCall/JIY9I/src/io.jl:171
┌ Warning: RCall.jl: Warning in L0Learn.fit(X_train, y_train, penalty = "L0", lambdaGrid = list(c(lambda_val)),  :
│   Warning! Only 1 element in path with support size > maxSuppSize. 
│  Try increasing maxSuppSize to resolve the issue.
└ @ RCall ~/.julia/packages/RCall/JIY9I/src/io.jl:171
┌ Warning: RCall.jl: Warning in L0Learn.fit(X_train, y_train, penalty = "L0", lambdaGrid = list(c(lambda_val)),  :
│   Warning! Only 1 element in path with support size > maxSuppSize. 
│  Try increasing maxSuppSize to resolve the issue.
└ @ RCall ~/.julia/packages/RCall/JIY9I/src/io.jl:171
┌ Warning: RCall.jl: Warning in L0Learn.fit(X_train, y_train, penalty = "L0", lambdaGrid = list(c(lambda_val)),  :
│   Warning! Only 1 element in path with support size > maxSuppSize. 
│  Try increasing maxSuppSize to resolve the issue.
└ @ RCall ~/.julia/packages/RCall/JIY9I/src/io.jl:171
┌ Warning: RCall.jl: Warning in L0Learn.fit(X_train, y_train, penalty = "L0", lambdaGrid = list(c(lambda_val)),  :
│   Warning! Only 1 element in path with support size > maxSuppSize. 
│  Try increasing maxSuppSize to resolve the issue.
└ @ RCall ~/.julia/packages/RCall/JIY9I/src/io.jl:171
┌ Warning: RCall.jl: Warning in L0Learn.fit(X_train, y_train, penalty = "L0", lambdaGrid = list(c(lambda_val)),  :
│   Warning! Only 1 element in path with support size > maxSuppSize. 
│  Try increasing maxSuppSize to resolve the issue.
└ @ RCall ~/.julia/packages/RCall/JIY9I/src/io.jl:171
┌ Warning: RCall.jl: Warning in L0Learn.fit(X_train, y_train, penalty = "L0", lambdaGrid = list(c(lambda_val)),  :
│   Warning! Only 1 element in path with support size > maxSuppSize. 
│  Try increasing maxSuppSize to resolve the issue.
└ @ RCall ~/.julia/packages/RCall/JIY9I/src/io.jl:171
┌ Warning: RCall.jl: Warning in L0Learn.fit(X_train, y_train, penalty = "L0", lambdaGrid = list(c(lambda_val)),  :
│   Warning! Only 1 element in path with support size > maxSuppSize. 
│  Try increasing maxSuppSize to resolve the issue.
└ @ RCall ~/.julia/packages/RCall/JIY9I/src/io.jl:171
┌ Warning: RCall.jl: Warning in L0Learn.fit(X_train, y_train, penalty = "L0", lambdaGrid = list(c(lambda_val)),  :
│   Warning! Only 1 element in path with support size > maxSuppSize. 
│  Try increasing maxSuppSize to resolve the issue.
└ @ RCall ~/.julia/packages/RCall/JIY9I/src/io.jl:171
┌ Warning: RCall.jl: Warning in L0Learn.fit(X_train, y_train, penalty = "L0", lambdaGrid = list(c(lambda_val)),  :
│   Warning! Only 1 element in path with support size > maxSuppSize. 
│  Try increasing maxSuppSize to resolve the issue.
└ @ RCall ~/.julia/packages/RCall/JIY9I/src/io.jl:171
┌ Warning: RCall.jl: Warning in L0Learn.fit(X_train, y_train, penalty = "L0", lambdaGrid = list(c(lambda_val)),  :
│   Warning! Only 1 element in path with support size > maxSuppSize. 
│  Try increasing maxSuppSize to resolve the issue.
└ @ RCall ~/.julia/packages/RCall/JIY9I/src/io.jl:171
┌ Warning: RCall.jl: Warning in L0Learn.fit(X_train, y_train, penalty = "L0", lambdaGrid = list(c(lambda_val)),  :
│   Warning! Only 1 element in path with support size > maxSuppSize. 
│  Try increasing maxSuppSize to resolve the issue.
└ @ RCall ~/.julia/packages/RCall/JIY9I/src/io.jl:171
┌ Warning: RCall.jl: Warning in L0Learn.fit(X_train, y_train, penalty = "L0", lambdaGrid = list(c(lambda_val)),  :
│   Warning! Only 1 element in path with support size > maxSuppSize. 
│  Try increasing maxSuppSize to resolve the issue.
└ @ RCall ~/.julia/packages/RCall/JIY9I/src/io.jl:171
┌ Warning: RCall.jl: Warning in L0Learn.fit(X_train, y_train, penalty = "L0", lambdaGrid = list(c(lambda_val)),  :
│   Warning! Only 1 element in path with support size > maxSuppSize. 
│  Try increasing maxSuppSize to resolve the issue.
└ @ RCall ~/.julia/packages/RCall/JIY9I/src/io.jl:171
┌ Warning: RCall.jl: Warning in L0Learn.fit(X_train, y_train, penalty = "L0", lambdaGrid = list(c(lambda_val)),  :
│   Warning! Only 1 element in path with support size > maxSuppSize. 
│  Try increasing maxSuppSize to resolve the issue.
└ @ RCall ~/.julia/packages/RCall/JIY9I/src/io.jl:171
┌ Warning: RCall.jl: Warning in L0Learn.fit(X_train, y_train, penalty = "L0", lambdaGrid = list(c(lambda_val)),  :
│   Warning! Only 1 element in path with support size > maxSuppSize. 
│  Try increasing maxSuppSize to resolve the issue.
└ @ RCall ~/.julia/packages/RCall/JIY9I/src/io.jl:171
┌ Warning: RCall.jl: Warning in L0Learn.fit(X_train, y_train, penalty = "L0", lambdaGrid = list(c(lambda_val)),  :
│   Warning! Only 1 element in path with support size > maxSuppSize. 
│  Try increasing maxSuppSize to resolve the issue.
└ @ RCall ~/.julia/packages/RCall/JIY9I/src/io.jl:171
┌ Warning: RCall.jl: Warning in L0Learn.fit(X_train, y_train, penalty = "L0", lambdaGrid = list(c(lambda_val)),  :
│   Warning! Only 1 element in path with support size > maxSuppSize. 
│  Try increasing maxSuppSize to resolve the issue.
└ @ RCall ~/.julia/packages/RCall/JIY9I/src/io.jl:171
┌ Warning: RCall.jl: Warning in L0Learn.fit(X_train, y_train, penalty = "L0", lambdaGrid = list(c(lambda_val)),  :
│   Warning! Only 1 element in path with support size > maxSuppSize. 
│  Try increasing maxSuppSize to resolve the issue.
└ @ RCall ~/.julia/packages/RCall/JIY9I/src/io.jl:171
┌ Warning: RCall.jl: Warning in L0Learn.fit(X_train, y_train, penalty = "L0", lambdaGrid = list(c(lambda_val)),  :
│   Warning! Only 1 element in path with support size > maxSuppSize. 
│  Try increasing maxSuppSize to resolve the issue.
└ @ RCall ~/.julia/packages/RCall/JIY9I/src/io.jl:171
┌ Warning: RCall.jl: Warning in L0Learn.fit(X_train, y_train, penalty = "L0", lambdaGrid = list(c(lambda_val)),  :
│   Warning! Only 1 element in path with support size > maxSuppSize. 
│  Try increasing maxSuppSize to resolve the issue.
└ @ RCall ~/.julia/packages/RCall/JIY9I/src/io.jl:171
┌ Warning: RCall.jl: Warning in L0Learn.fit(X_train, y_train, penalty = "L0", lambdaGrid = list(c(lambda_val)),  :
│   Warning! Only 1 element in path with support size > maxSuppSize. 
│  Try increasing maxSuppSize to resolve the issue.
└ @ RCall ~/.julia/packages/RCall/JIY9I/src/io.jl:171
┌ Warning: RCall.jl: Warning in L0Learn.fit(X_train, y_train, penalty = "L0", lambdaGrid = list(c(lambda_val)),  :
│   Warning! Only 1 element in path with support size > maxSuppSize. 
│  Try increasing maxSuppSize to resolve the issue.
└ @ RCall ~/.julia/packages/RCall/JIY9I/src/io.jl:171
┌ Warning: RCall.jl: Warning in L0Learn.fit(X_train, y_train, penalty = "L0", lambdaGrid = list(c(lambda_val)),  :
│   Warning! Only 1 element in path with support size > maxSuppSize. 
│  Try increasing maxSuppSize to resolve the issue.
└ @ RCall ~/.julia/packages/RCall/JIY9I/src/io.jl:171
┌ Warning: RCall.jl: Warning in L0Learn.fit(X_train, y_train, penalty = "L0", lambdaGrid = list(c(lambda_val)),  :
│   Warning! Only 1 element in path with support size > maxSuppSize. 
│  Try increasing maxSuppSize to resolve the issue.
└ @ RCall ~/.julia/packages/RCall/JIY9I/src/io.jl:171
┌ Warning: RCall.jl: Warning in L0Learn.fit(X_train, y_train, penalty = "L0", lambdaGrid = list(c(lambda_val)),  :
│   Warning! Only 1 element in path with support size > maxSuppSize. 
│  Try increasing maxSuppSize to resolve the issue.
└ @ RCall ~/.julia/packages/RCall/JIY9I/src/io.jl:171
┌ Warning: RCall.jl: Warning in L0Learn.fit(X_train, y_train, penalty = "L0", lambdaGrid = list(c(lambda_val)),  :
│   Warning! Only 1 element in path with support size > maxSuppSize. 
│  Try increasing maxSuppSize to resolve the issue.
└ @ RCall ~/.julia/packages/RCall/JIY9I/src/io.jl:171
┌ Warning: RCall.jl: Warning in L0Learn.fit(X_train, y_train, penalty = "L0", lambdaGrid = list(c(lambda_val)),  :
│   Warning! Only 1 element in path with support size > maxSuppSize. 
│  Try increasing maxSuppSize to resolve the issue.
└ @ RCall ~/.julia/packages/RCall/JIY9I/src/io.jl:171
[ Info: Trial 10/10 completed
[ Info: Completed n=1400 in 1337.6s
┌ Info: Sample size n=1600
└   progress = "8/10"
┌ Warning: RCall.jl: Warning in L0Learn.fit(X_train, y_train, penalty = "L0", lambdaGrid = list(c(lambda_val)),  :
│   Warning! Only 1 element in path with support size > maxSuppSize. 
│  Try increasing maxSuppSize to resolve the issue.
└ @ RCall ~/.julia/packages/RCall/JIY9I/src/io.jl:171
┌ Warning: RCall.jl: Warning in L0Learn.fit(X_train, y_train, penalty = "L0", lambdaGrid = list(c(lambda_val)),  :
│   Warning! Only 1 element in path with support size > maxSuppSize. 
│  Try increasing maxSuppSize to resolve the issue.
└ @ RCall ~/.julia/packages/RCall/JIY9I/src/io.jl:171
┌ Warning: RCall.jl: Warning in L0Learn.fit(X_train, y_train, penalty = "L0", lambdaGrid = list(c(lambda_val)),  :
│   Warning! Only 1 element in path with support size > maxSuppSize. 
│  Try increasing maxSuppSize to resolve the issue.
└ @ RCall ~/.julia/packages/RCall/JIY9I/src/io.jl:171
┌ Warning: RCall.jl: Warning in L0Learn.fit(X_train, y_train, penalty = "L0", lambdaGrid = list(c(lambda_val)),  :
│   Warning! Only 1 element in path with support size > maxSuppSize. 
│  Try increasing maxSuppSize to resolve the issue.
└ @ RCall ~/.julia/packages/RCall/JIY9I/src/io.jl:171
┌ Warning: RCall.jl: Warning in L0Learn.fit(X_train, y_train, penalty = "L0", lambdaGrid = list(c(lambda_val)),  :
│   Warning! Only 1 element in path with support size > maxSuppSize. 
│  Try increasing maxSuppSize to resolve the issue.
└ @ RCall ~/.julia/packages/RCall/JIY9I/src/io.jl:171
┌ Warning: RCall.jl: Warning in L0Learn.fit(X_train, y_train, penalty = "L0", lambdaGrid = list(c(lambda_val)),  :
│   Warning! Only 1 element in path with support size > maxSuppSize. 
│  Try increasing maxSuppSize to resolve the issue.
└ @ RCall ~/.julia/packages/RCall/JIY9I/src/io.jl:171
┌ Warning: RCall.jl: Warning in L0Learn.fit(X_train, y_train, penalty = "L0", lambdaGrid = list(c(lambda_val)),  :
│   Warning! Only 1 element in path with support size > maxSuppSize. 
│  Try increasing maxSuppSize to resolve the issue.
└ @ RCall ~/.julia/packages/RCall/JIY9I/src/io.jl:171
┌ Warning: RCall.jl: Warning in L0Learn.fit(X_train, y_train, penalty = "L0", lambdaGrid = list(c(lambda_val)),  :
│   Warning! Only 1 element in path with support size > maxSuppSize. 
│  Try increasing maxSuppSize to resolve the issue.
└ @ RCall ~/.julia/packages/RCall/JIY9I/src/io.jl:171
┌ Warning: RCall.jl: Warning in L0Learn.fit(X_train, y_train, penalty = "L0", lambdaGrid = list(c(lambda_val)),  :
│   Warning! Only 1 element in path with support size > maxSuppSize. 
│  Try increasing maxSuppSize to resolve the issue.
└ @ RCall ~/.julia/packages/RCall/JIY9I/src/io.jl:171
┌ Warning: RCall.jl: Warning in L0Learn.fit(X_train, y_train, penalty = "L0", lambdaGrid = list(c(lambda_val)),  :
│   Warning! Only 1 element in path with support size > maxSuppSize. 
│  Try increasing maxSuppSize to resolve the issue.
└ @ RCall ~/.julia/packages/RCall/JIY9I/src/io.jl:171
┌ Warning: RCall.jl: Warning in L0Learn.fit(X_train, y_train, penalty = "L0", lambdaGrid = list(c(lambda_val)),  :
│   Warning! Only 1 element in path with support size > maxSuppSize. 
│  Try increasing maxSuppSize to resolve the issue.
└ @ RCall ~/.julia/packages/RCall/JIY9I/src/io.jl:171
┌ Warning: RCall.jl: Warning in L0Learn.fit(X_train, y_train, penalty = "L0", lambdaGrid = list(c(lambda_val)),  :
│   Warning! Only 1 element in path with support size > maxSuppSize. 
│  Try increasing maxSuppSize to resolve the issue.
└ @ RCall ~/.julia/packages/RCall/JIY9I/src/io.jl:171
┌ Warning: RCall.jl: Warning in L0Learn.fit(X_train, y_train, penalty = "L0", lambdaGrid = list(c(lambda_val)),  :
│   Warning! Only 1 element in path with support size > maxSuppSize. 
│  Try increasing maxSuppSize to resolve the issue.
└ @ RCall ~/.julia/packages/RCall/JIY9I/src/io.jl:171
┌ Warning: RCall.jl: Warning in L0Learn.fit(X_train, y_train, penalty = "L0", lambdaGrid = list(c(lambda_val)),  :
│   Warning! Only 1 element in path with support size > maxSuppSize. 
│  Try increasing maxSuppSize to resolve the issue.
└ @ RCall ~/.julia/packages/RCall/JIY9I/src/io.jl:171
┌ Warning: RCall.jl: Warning in L0Learn.fit(X_train, y_train, penalty = "L0", lambdaGrid = list(c(lambda_val)),  :
│   Warning! Only 1 element in path with support size > maxSuppSize. 
│  Try increasing maxSuppSize to resolve the issue.
└ @ RCall ~/.julia/packages/RCall/JIY9I/src/io.jl:171
┌ Warning: RCall.jl: Warning in L0Learn.fit(X_train, y_train, penalty = "L0", lambdaGrid = list(c(lambda_val)),  :
│   Warning! Only 1 element in path with support size > maxSuppSize. 
│  Try increasing maxSuppSize to resolve the issue.
└ @ RCall ~/.julia/packages/RCall/JIY9I/src/io.jl:171
┌ Warning: RCall.jl: Warning in L0Learn.fit(X_train, y_train, penalty = "L0", lambdaGrid = list(c(lambda_val)),  :
│   Warning! Only 1 element in path with support size > maxSuppSize. 
│  Try increasing maxSuppSize to resolve the issue.
└ @ RCall ~/.julia/packages/RCall/JIY9I/src/io.jl:171
┌ Warning: RCall.jl: Warning in L0Learn.fit(X_train, y_train, penalty = "L0", lambdaGrid = list(c(lambda_val)),  :
│   Warning! Only 1 element in path with support size > maxSuppSize. 
│  Try increasing maxSuppSize to resolve the issue.
└ @ RCall ~/.julia/packages/RCall/JIY9I/src/io.jl:171
┌ Warning: RCall.jl: Warning in L0Learn.fit(X_train, y_train, penalty = "L0", lambdaGrid = list(c(lambda_val)),  :
│   Warning! Only 1 element in path with support size > maxSuppSize. 
│  Try increasing maxSuppSize to resolve the issue.
└ @ RCall ~/.julia/packages/RCall/JIY9I/src/io.jl:171
┌ Warning: RCall.jl: Warning in L0Learn.fit(X_train, y_train, penalty = "L0", lambdaGrid = list(c(lambda_val)),  :
│   Warning! Only 1 element in path with support size > maxSuppSize. 
│  Try increasing maxSuppSize to resolve the issue.
└ @ RCall ~/.julia/packages/RCall/JIY9I/src/io.jl:171
┌ Warning: RCall.jl: Warning in L0Learn.fit(X_train, y_train, penalty = "L0", lambdaGrid = list(c(lambda_val)),  :
│   Warning! Only 1 element in path with support size > maxSuppSize. 
│  Try increasing maxSuppSize to resolve the issue.
└ @ RCall ~/.julia/packages/RCall/JIY9I/src/io.jl:171
┌ Warning: RCall.jl: Warning in L0Learn.fit(X_train, y_train, penalty = "L0", lambdaGrid = list(c(lambda_val)),  :
│   Warning! Only 1 element in path with support size > maxSuppSize. 
│  Try increasing maxSuppSize to resolve the issue.
└ @ RCall ~/.julia/packages/RCall/JIY9I/src/io.jl:171
┌ Warning: RCall.jl: Warning in L0Learn.fit(X_train, y_train, penalty = "L0", lambdaGrid = list(c(lambda_val)),  :
│   Warning! Only 1 element in path with support size > maxSuppSize. 
│  Try increasing maxSuppSize to resolve the issue.
└ @ RCall ~/.julia/packages/RCall/JIY9I/src/io.jl:171
┌ Warning: RCall.jl: Warning in L0Learn.fit(X_train, y_train, penalty = "L0", lambdaGrid = list(c(lambda_val)),  :
│   Warning! Only 1 element in path with support size > maxSuppSize. 
│  Try increasing maxSuppSize to resolve the issue.
└ @ RCall ~/.julia/packages/RCall/JIY9I/src/io.jl:171
┌ Warning: RCall.jl: Warning in L0Learn.fit(X_train, y_train, penalty = "L0", lambdaGrid = list(c(lambda_val)),  :
│   Warning! Only 1 element in path with support size > maxSuppSize. 
│  Try increasing maxSuppSize to resolve the issue.
└ @ RCall ~/.julia/packages/RCall/JIY9I/src/io.jl:171
┌ Warning: RCall.jl: Warning in L0Learn.fit(X_train, y_train, penalty = "L0", lambdaGrid = list(c(lambda_val)),  :
│   Warning! Only 1 element in path with support size > maxSuppSize. 
│  Try increasing maxSuppSize to resolve the issue.
└ @ RCall ~/.julia/packages/RCall/JIY9I/src/io.jl:171
┌ Warning: RCall.jl: Warning in L0Learn.fit(X_train, y_train, penalty = "L0", lambdaGrid = list(c(lambda_val)),  :
│   Warning! Only 1 element in path with support size > maxSuppSize. 
│  Try increasing maxSuppSize to resolve the issue.
└ @ RCall ~/.julia/packages/RCall/JIY9I/src/io.jl:171
┌ Warning: RCall.jl: Warning in L0Learn.fit(X_train, y_train, penalty = "L0", lambdaGrid = list(c(lambda_val)),  :
│   Warning! Only 1 element in path with support size > maxSuppSize. 
│  Try increasing maxSuppSize to resolve the issue.
└ @ RCall ~/.julia/packages/RCall/JIY9I/src/io.jl:171
┌ Warning: RCall.jl: Warning in L0Learn.fit(X_train, y_train, penalty = "L0", lambdaGrid = list(c(lambda_val)),  :
│   Warning! Only 1 element in path with support size > maxSuppSize. 
│  Try increasing maxSuppSize to resolve the issue.
└ @ RCall ~/.julia/packages/RCall/JIY9I/src/io.jl:171
┌ Warning: RCall.jl: Warning in L0Learn.fit(X_train, y_train, penalty = "L0", lambdaGrid = list(c(lambda_val)),  :
│   Warning! Only 1 element in path with support size > maxSuppSize. 
│  Try increasing maxSuppSize to resolve the issue.
└ @ RCall ~/.julia/packages/RCall/JIY9I/src/io.jl:171
┌ Warning: RCall.jl: Warning in L0Learn.fit(X_train, y_train, penalty = "L0", lambdaGrid = list(c(lambda_val)),  :
│   Warning! Only 1 element in path with support size > maxSuppSize. 
│  Try increasing maxSuppSize to resolve the issue.
└ @ RCall ~/.julia/packages/RCall/JIY9I/src/io.jl:171
┌ Warning: RCall.jl: Warning in L0Learn.fit(X_train, y_train, penalty = "L0", lambdaGrid = list(c(lambda_val)),  :
│   Warning! Only 1 element in path with support size > maxSuppSize. 
│  Try increasing maxSuppSize to resolve the issue.
└ @ RCall ~/.julia/packages/RCall/JIY9I/src/io.jl:171
┌ Warning: RCall.jl: Warning in L0Learn.fit(X_train, y_train, penalty = "L0", lambdaGrid = list(c(lambda_val)),  :
│   Warning! Only 1 element in path with support size > maxSuppSize. 
│  Try increasing maxSuppSize to resolve the issue.
└ @ RCall ~/.julia/packages/RCall/JIY9I/src/io.jl:171
┌ Warning: RCall.jl: Warning in L0Learn.fit(X_train, y_train, penalty = "L0", lambdaGrid = list(c(lambda_val)),  :
│   Warning! Only 1 element in path with support size > maxSuppSize. 
│  Try increasing maxSuppSize to resolve the issue.
└ @ RCall ~/.julia/packages/RCall/JIY9I/src/io.jl:171
[ Info: Trial 1/10 completed
┌ Warning: RCall.jl: Warning in L0Learn.fit(X_train, y_train, penalty = "L0", lambdaGrid = list(c(lambda_val)),  :
│   Warning! Only 1 element in path with support size > maxSuppSize. 
│  Try increasing maxSuppSize to resolve the issue.
└ @ RCall ~/.julia/packages/RCall/JIY9I/src/io.jl:171
┌ Warning: RCall.jl: Warning in L0Learn.fit(X_train, y_train, penalty = "L0", lambdaGrid = list(c(lambda_val)),  :
│   Warning! Only 1 element in path with support size > maxSuppSize. 
│  Try increasing maxSuppSize to resolve the issue.
└ @ RCall ~/.julia/packages/RCall/JIY9I/src/io.jl:171
┌ Warning: RCall.jl: Warning in L0Learn.fit(X_train, y_train, penalty = "L0", lambdaGrid = list(c(lambda_val)),  :
│   Warning! Only 1 element in path with support size > maxSuppSize. 
│  Try increasing maxSuppSize to resolve the issue.
└ @ RCall ~/.julia/packages/RCall/JIY9I/src/io.jl:171
┌ Warning: RCall.jl: Warning in L0Learn.fit(X_train, y_train, penalty = "L0", lambdaGrid = list(c(lambda_val)),  :
│   Warning! Only 1 element in path with support size > maxSuppSize. 
│  Try increasing maxSuppSize to resolve the issue.
└ @ RCall ~/.julia/packages/RCall/JIY9I/src/io.jl:171
┌ Warning: RCall.jl: Warning in L0Learn.fit(X_train, y_train, penalty = "L0", lambdaGrid = list(c(lambda_val)),  :
│   Warning! Only 1 element in path with support size > maxSuppSize. 
│  Try increasing maxSuppSize to resolve the issue.
└ @ RCall ~/.julia/packages/RCall/JIY9I/src/io.jl:171
┌ Warning: RCall.jl: Warning in L0Learn.fit(X_train, y_train, penalty = "L0", lambdaGrid = list(c(lambda_val)),  :
│   Warning! Only 1 element in path with support size > maxSuppSize. 
│  Try increasing maxSuppSize to resolve the issue.
└ @ RCall ~/.julia/packages/RCall/JIY9I/src/io.jl:171
┌ Warning: RCall.jl: Warning in L0Learn.fit(X_train, y_train, penalty = "L0", lambdaGrid = list(c(lambda_val)),  :
│   Warning! Only 1 element in path with support size > maxSuppSize. 
│  Try increasing maxSuppSize to resolve the issue.
└ @ RCall ~/.julia/packages/RCall/JIY9I/src/io.jl:171
┌ Warning: RCall.jl: Warning in L0Learn.fit(X_train, y_train, penalty = "L0", lambdaGrid = list(c(lambda_val)),  :
│   Warning! Only 1 element in path with support size > maxSuppSize. 
│  Try increasing maxSuppSize to resolve the issue.
└ @ RCall ~/.julia/packages/RCall/JIY9I/src/io.jl:171
┌ Warning: RCall.jl: Warning in L0Learn.fit(X_train, y_train, penalty = "L0", lambdaGrid = list(c(lambda_val)),  :
│   Warning! Only 1 element in path with support size > maxSuppSize. 
│  Try increasing maxSuppSize to resolve the issue.
└ @ RCall ~/.julia/packages/RCall/JIY9I/src/io.jl:171
┌ Warning: RCall.jl: Warning in L0Learn.fit(X_train, y_train, penalty = "L0", lambdaGrid = list(c(lambda_val)),  :
│   Warning! Only 1 element in path with support size > maxSuppSize. 
│  Try increasing maxSuppSize to resolve the issue.
└ @ RCall ~/.julia/packages/RCall/JIY9I/src/io.jl:171
┌ Warning: RCall.jl: Warning in L0Learn.fit(X_train, y_train, penalty = "L0", lambdaGrid = list(c(lambda_val)),  :
│   Warning! Only 1 element in path with support size > maxSuppSize. 
│  Try increasing maxSuppSize to resolve the issue.
└ @ RCall ~/.julia/packages/RCall/JIY9I/src/io.jl:171
┌ Warning: RCall.jl: Warning in L0Learn.fit(X_train, y_train, penalty = "L0", lambdaGrid = list(c(lambda_val)),  :
│   Warning! Only 1 element in path with support size > maxSuppSize. 
│  Try increasing maxSuppSize to resolve the issue.
└ @ RCall ~/.julia/packages/RCall/JIY9I/src/io.jl:171
┌ Warning: RCall.jl: Warning in L0Learn.fit(X_train, y_train, penalty = "L0", lambdaGrid = list(c(lambda_val)),  :
│   Warning! Only 1 element in path with support size > maxSuppSize. 
│  Try increasing maxSuppSize to resolve the issue.
└ @ RCall ~/.julia/packages/RCall/JIY9I/src/io.jl:171
┌ Warning: RCall.jl: Warning in L0Learn.fit(X_train, y_train, penalty = "L0", lambdaGrid = list(c(lambda_val)),  :
│   Warning! Only 1 element in path with support size > maxSuppSize. 
│  Try increasing maxSuppSize to resolve the issue.
└ @ RCall ~/.julia/packages/RCall/JIY9I/src/io.jl:171
┌ Warning: RCall.jl: Warning in L0Learn.fit(X_train, y_train, penalty = "L0", lambdaGrid = list(c(lambda_val)),  :
│   Warning! Only 1 element in path with support size > maxSuppSize. 
│  Try increasing maxSuppSize to resolve the issue.
└ @ RCall ~/.julia/packages/RCall/JIY9I/src/io.jl:171
┌ Warning: RCall.jl: Warning in L0Learn.fit(X_train, y_train, penalty = "L0", lambdaGrid = list(c(lambda_val)),  :
│   Warning! Only 1 element in path with support size > maxSuppSize. 
│  Try increasing maxSuppSize to resolve the issue.
└ @ RCall ~/.julia/packages/RCall/JIY9I/src/io.jl:171
┌ Warning: RCall.jl: Warning in L0Learn.fit(X_train, y_train, penalty = "L0", lambdaGrid = list(c(lambda_val)),  :
│   Warning! Only 1 element in path with support size > maxSuppSize. 
│  Try increasing maxSuppSize to resolve the issue.
└ @ RCall ~/.julia/packages/RCall/JIY9I/src/io.jl:171
┌ Warning: RCall.jl: Warning in L0Learn.fit(X_train, y_train, penalty = "L0", lambdaGrid = list(c(lambda_val)),  :
│   Warning! Only 1 element in path with support size > maxSuppSize. 
│  Try increasing maxSuppSize to resolve the issue.
└ @ RCall ~/.julia/packages/RCall/JIY9I/src/io.jl:171
┌ Warning: RCall.jl: Warning in L0Learn.fit(X_train, y_train, penalty = "L0", lambdaGrid = list(c(lambda_val)),  :
│   Warning! Only 1 element in path with support size > maxSuppSize. 
│  Try increasing maxSuppSize to resolve the issue.
└ @ RCall ~/.julia/packages/RCall/JIY9I/src/io.jl:171
┌ Warning: RCall.jl: Warning in L0Learn.fit(X_train, y_train, penalty = "L0", lambdaGrid = list(c(lambda_val)),  :
│   Warning! Only 1 element in path with support size > maxSuppSize. 
│  Try increasing maxSuppSize to resolve the issue.
└ @ RCall ~/.julia/packages/RCall/JIY9I/src/io.jl:171
┌ Warning: RCall.jl: Warning in L0Learn.fit(X_train, y_train, penalty = "L0", lambdaGrid = list(c(lambda_val)),  :
│   Warning! Only 1 element in path with support size > maxSuppSize. 
│  Try increasing maxSuppSize to resolve the issue.
└ @ RCall ~/.julia/packages/RCall/JIY9I/src/io.jl:171
┌ Warning: RCall.jl: Warning in L0Learn.fit(X_train, y_train, penalty = "L0", lambdaGrid = list(c(lambda_val)),  :
│   Warning! Only 1 element in path with support size > maxSuppSize. 
│  Try increasing maxSuppSize to resolve the issue.
└ @ RCall ~/.julia/packages/RCall/JIY9I/src/io.jl:171
┌ Warning: RCall.jl: Warning in L0Learn.fit(X_train, y_train, penalty = "L0", lambdaGrid = list(c(lambda_val)),  :
│   Warning! Only 1 element in path with support size > maxSuppSize. 
│  Try increasing maxSuppSize to resolve the issue.
└ @ RCall ~/.julia/packages/RCall/JIY9I/src/io.jl:171
┌ Warning: RCall.jl: Warning in L0Learn.fit(X_train, y_train, penalty = "L0", lambdaGrid = list(c(lambda_val)),  :
│   Warning! Only 1 element in path with support size > maxSuppSize. 
│  Try increasing maxSuppSize to resolve the issue.
└ @ RCall ~/.julia/packages/RCall/JIY9I/src/io.jl:171
┌ Warning: RCall.jl: Warning in L0Learn.fit(X_train, y_train, penalty = "L0", lambdaGrid = list(c(lambda_val)),  :
│   Warning! Only 1 element in path with support size > maxSuppSize. 
│  Try increasing maxSuppSize to resolve the issue.
└ @ RCall ~/.julia/packages/RCall/JIY9I/src/io.jl:171
┌ Warning: RCall.jl: Warning in L0Learn.fit(X_train, y_train, penalty = "L0", lambdaGrid = list(c(lambda_val)),  :
│   Warning! Only 1 element in path with support size > maxSuppSize. 
│  Try increasing maxSuppSize to resolve the issue.
└ @ RCall ~/.julia/packages/RCall/JIY9I/src/io.jl:171
┌ Warning: RCall.jl: Warning in L0Learn.fit(X_train, y_train, penalty = "L0", lambdaGrid = list(c(lambda_val)),  :
│   Warning! Only 1 element in path with support size > maxSuppSize. 
│  Try increasing maxSuppSize to resolve the issue.
└ @ RCall ~/.julia/packages/RCall/JIY9I/src/io.jl:171
┌ Warning: RCall.jl: Warning in L0Learn.fit(X_train, y_train, penalty = "L0", lambdaGrid = list(c(lambda_val)),  :
│   Warning! Only 1 element in path with support size > maxSuppSize. 
│  Try increasing maxSuppSize to resolve the issue.
└ @ RCall ~/.julia/packages/RCall/JIY9I/src/io.jl:171
┌ Warning: RCall.jl: Warning in L0Learn.fit(X_train, y_train, penalty = "L0", lambdaGrid = list(c(lambda_val)),  :
│   Warning! Only 1 element in path with support size > maxSuppSize. 
│  Try increasing maxSuppSize to resolve the issue.
└ @ RCall ~/.julia/packages/RCall/JIY9I/src/io.jl:171
┌ Warning: RCall.jl: Warning in L0Learn.fit(X_train, y_train, penalty = "L0", lambdaGrid = list(c(lambda_val)),  :
│   Warning! Only 1 element in path with support size > maxSuppSize. 
│  Try increasing maxSuppSize to resolve the issue.
└ @ RCall ~/.julia/packages/RCall/JIY9I/src/io.jl:171
┌ Warning: RCall.jl: Warning in L0Learn.fit(X_train, y_train, penalty = "L0", lambdaGrid = list(c(lambda_val)),  :
│   Warning! Only 1 element in path with support size > maxSuppSize. 
│  Try increasing maxSuppSize to resolve the issue.
└ @ RCall ~/.julia/packages/RCall/JIY9I/src/io.jl:171
[ Info: Trial 2/10 completed
┌ Warning: RCall.jl: Warning in L0Learn.fit(X_train, y_train, penalty = "L0", lambdaGrid = list(c(lambda_val)),  :
│   Warning! Only 1 element in path with support size > maxSuppSize. 
│  Try increasing maxSuppSize to resolve the issue.
└ @ RCall ~/.julia/packages/RCall/JIY9I/src/io.jl:171
┌ Warning: RCall.jl: Warning in L0Learn.fit(X_train, y_train, penalty = "L0", lambdaGrid = list(c(lambda_val)),  :
│   Warning! Only 1 element in path with support size > maxSuppSize. 
│  Try increasing maxSuppSize to resolve the issue.
└ @ RCall ~/.julia/packages/RCall/JIY9I/src/io.jl:171
"CDSS" = "CDSS"
SUP = 100.0
Pred = 0.10204174635121482
Sim = 1.0
Infv = 0.21996270805754536
round(elapsed, digits = 2) = 64.93
"CDSS (β-only)" = "CDSS (β-only)"
SUP = 100.0
Pred = 0.10204174635121482
Sim = 1.0
Infv = 0.21996270805754536
round(elapsed, digits = 2) = 68.55
refinement_change = 3.2926419731899224e-5
"SPGpCDSS" = "SPGpCDSS"
SUP = 100.0
Pred = 0.10204180298197763
Sim = 1.0
Infv = 0.2199501939377272
round(elapsed, digits = 2) = 33.67
spgpcdss_chose_beta = true
"L0Learn" = "L0Learn"
supp_l0 = 47
predval_l0 = 0.4716663957139086
sim_l0 = 0.46
inf_l0 = 1.0041310410494502
round(elapsed, digits = 2) = 0.19
"L0Learn+PSI1" = "L0Learn+PSI1"
SUP = 100.0
Pred = 0.10203265786782277
Sim = 1.0
Infv = 0.23817190699387047
round(elapsed, digits = 2) = 51.34
